=== Battery probe v3 (full scan) ===
hpqBIntM OK
--- baseline ---
  cmd=0x20008 t=28 rc=0x0 data=E6 00 35 01 03 C8 01 0D 2D 13 00 00 00 0
  cmd=0x20008 t=00 rc=0x3 data=00 00 00 00 00 00 00 00 00 00 00 00 00 0
  cmd=0x20008 t=02 rc=0x0 data=00 00 00 00 00 00 00 00 00 00 00 00 00 0
  cmd=0x20008 t=04 rc=0x0 data=00 00 00 00 00 00 00 00 00 00 00 00 00 0
  cmd=0x20008 t=06 rc=0x0 data=00 00 00 00 00 00 00 00 00 00 00 00 00 0
  cmd=0x20008 t=08 rc=0x0 data=00 00 00 00 00 00 00 00 00 00 00 00 00 0
  cmd=0x20008 t=0A rc=0x0 data=00 00 00 00 00 00 00 00 00 00 00 00 00 0
  cmd=0x20008 t=0C rc=0x5 data=00 00 00 00 00 00 00 00 00 00 00 00 00 0
  cmd=0x20008 t=0E rc=0x0 data=00 00 00 00 00 00 00 00 00 00 00 00 00 0
  cmd=0x20008 t=10 rc=0x0 data=02 00 00 00 00 00 00 00 00 00 00 00 00 0
  cmd=0x20008 t=12 rc=0x0 data=00 00 00 00 00 00 00 00 00 00 00 00 00 0
  cmd=0x20008 t=14 rc=0x0 data=00 00 00 00 00 00 00 00 00 00 00 00 00 0
  cmd=0x20008 t=16 rc=0x0 data=00 00 00 00 00 00 00 00 00 00 00 00 00 0
  cmd=0x20008 t=18 rc=0x0 data=00 00 00 00 00 00 00 00 00 00 00 00 00 0
  cmd=0x20008 t=1A rc=0x0 data=00 00 00 00 00 00 00 00 00 00 00 00 00 0
  cmd=0x20008 t=1C rc=0x0 data=00 00 00 00 00 00 00 00 00 00 00 00 00 0
  cmd=0x20008 t=1E rc=0x0 data=00 00 00 00 00 00 00 00 00 00 00 00 00 0
  cmd=0x20008 t=20 rc=0x0 data=00 00 00 00 00 00 00 00 00 00 00 00 00 0
  cmd=0x20008 t=22 rc=0x0 data=00 00 00 00 00 00 00 00 00 00 00 00 00 0
  cmd=0x20008 t=24 rc=0x0 data=00 00 00 00 00 00 00 00 00 00 00 00 00 0
  cmd=0x20008 t=26 rc=0x0 data=00 00 00 00 00 00 00 00 00 00 00 00 00 0
  cmd=0x20008 t=28 rc=0x0 data=E6 00 35 01 03 C8 01 0D 2D 13 00 00 00 0
  cmd=0x20008 t=2A rc=0x0 data=00 00 00 2D 37 00 C8 1E 00 00 00 00 00 0
  cmd=0x20008 t=2C rc=0x0 data=21 00 00 00 00 00 00 00 00 00 00 00 00 0
  cmd=0x20008 t=2E rc=0x0 data=00 00 00 00 00 00 00 00 00 00 00 00 00 0
  cmd=0x20008 t=30 rc=0x0 data=00 00 00 00 00 00 00 00 00 00 00 00 00 0
  cmd=0x20008 t=32 rc=0x0 data=00 00 00 00 00 00 00 00 00 00 00 00 00 0
  cmd=0x20008 t=34 rc=0x0 data=00 00 00 00 00 00 00 00 00 00 00 00 00 0
  cmd=0x20008 t=36 rc=0x0 data=00 00 30 30 18 55 00 00 00 00 00 00 00 0
  cmd=0x20008 t=38 rc=0x3 data=00 00 00 00 00 00 00 00 00 00 00 00 00 0
  cmd=0x20008 t=3A rc=0x3 data=00 00 00 00 00 00 00 00 00 00 00 00 00 0
  cmd=0x20008 t=3C rc=0x3 data=00 00 00 00 00 00 00 00 00 00 00 00 00 0
  cmd=0x20008 t=3E rc=0x3 data=00 00 00 00 00 00 00 00 00 00 00 00 00 0
  cmd=0x20008 t=40 rc=0x3 data=00 00 00 00 00 00 00 00 00 00 00 00 00 0
  cmd=0x20008 t=42 rc=0x3 data=00 00 00 00 00 00 00 00 00 00 00 00 00 0
  cmd=0x20008 t=44 rc=0x3 data=00 00 00 00 00 00 00 00 00 00 00 00 00 0
  cmd=0x20008 t=46 rc=0x3 data=00 00 00 00 00 00 00 00 00 00 00 00 00 0
  cmd=0x20008 t=48 rc=0x3 data=00 00 00 00 00 00 00 00 00 00 00 00 00 0
  cmd=0x20008 t=4A rc=0x3 data=00 00 00 00 00 00 00 00 00 00 00 00 00 0
  cmd=0x20008 t=4C rc=0x3 data=00 00 00 00 00 00 00 00 00 00 00 00 00 0
  cmd=0x20008 t=4E rc=0x3 data=00 00 00 00 00 00 00 00 00 00 00 00 00 0
  cmd=0x20008 t=50 rc=0x3 data=00 00 00 00 00 00 00 00 00 00 00 00 00 0
  cmd=0x20008 t=52 rc=0x3 data=00 00 00 00 00 00 00 00 00 00 00 00 00 0
  cmd=0x20008 t=54 rc=0x3 data=00 00 00 00 00 00 00 00 00 00 00 00 00 0
  cmd=0x20008 t=56 rc=0x3 data=00 00 00 00 00 00 00 00 00 00 00 00 00 0
  cmd=0x20008 t=58 rc=0x3 data=00 00 00 00 00 00 00 00 00 00 00 00 00 0
  cmd=0x20008 t=5A rc=0x3 data=00 00 00 00 00 00 00 00 00 00 00 00 00 0
  cmd=0x20008 t=5C rc=0x3 data=00 00 00 00 00 00 00 00 00 00 00 00 00 0
  cmd=0x20008 t=5E rc=0x3 data=00 00 00 00 00 00 00 00 00 00 00 00 00 0
  cmd=0x20008 t=60 rc=0x3 data=00 00 00 00 00 00 00 00 00 00 00 00 00 0
  cmd=0x20008 t=62 rc=0x3 data=00 00 00 00 00 00 00 00 00 00 00 00 00 0
  cmd=0x20008 t=64 rc=0x3 data=00 00 00 00 00 00 00 00 00 00 00 00 00 0
  cmd=0x20008 t=66 rc=0x3 data=00 00 00 00 00 00 00 00 00 00 00 00 00 0
  cmd=0x20008 t=68 rc=0x3 data=00 00 00 00 00 00 00 00 00 00 00 00 00 0
  cmd=0x20008 t=6A rc=0x3 data=00 00 00 00 00 00 00 00 00 00 00 00 00 0
  cmd=0x20008 t=6C rc=0x3 data=00 00 00 00 00 00 00 00 00 00 00 00 00 0
  cmd=0x20008 t=6E rc=0x3 data=00 00 00 00 00 00 00 00 00 00 00 00 00 0
  cmd=0x20008 t=70 rc=0x3 data=00 00 00 00 00 00 00 00 00 00 00 00 00 0
  cmd=0x20008 t=72 rc=0x3 data=00 00 00 00 00 00 00 00 00 00 00 00 00 0
  cmd=0x20008 t=74 rc=0x3 data=00 00 00 00 00 00 00 00 00 00 00 00 00 0
  cmd=0x20008 t=76 rc=0x3 data=00 00 00 00 00 00 00 00 00 00 00 00 00 0
  cmd=0x20008 t=78 rc=0x3 data=00 00 00 00 00 00 00 00 00 00 00 00 00 0
  cmd=0x20008 t=7A rc=0x3 data=00 00 00 00 00 00 00 00 00 00 00 00 00 0
  cmd=0x20008 t=7C rc=0x3 data=00 00 00 00 00 00 00 00 00 00 00 00 00 0
  cmd=0x20008 t=7E rc=0x3 data=00 00 00 00 00 00 00 00 00 00 00 00 00 0
  cmd=0x20008 t=80 rc=0x3 data=00 00 00 00 00 00 00 00 00 00 00 00 00 0
  cmd=0x20008 t=82 rc=0x3 data=00 00 00 00 00 00 00 00 00 00 00 00 00 0
  cmd=0x20008 t=84 rc=0x3 data=00 00 00 00 00 00 00 00 00 00 00 00 00 0
  cmd=0x20008 t=86 rc=0x3 data=00 00 00 00 00 00 00 00 00 00 00 00 00 0
  cmd=0x20008 t=88 rc=0x3 data=00 00 00 00 00 00 00 00 00 00 00 00 00 0
  cmd=0x20008 t=8A rc=0x3 data=00 00 00 00 00 00 00 00 00 00 00 00 00 0
  cmd=0x20008 t=8C rc=0x3 data=00 00 00 00 00 00 00 00 00 00 00 00 00 0
  cmd=0x20008 t=8E rc=0x3 data=00 00 00 00 00 00 00 00 00 00 00 00 00 0
  cmd=0x20008 t=90 rc=0x3 data=00 00 00 00 00 00 00 00 00 00 00 00 00 0
  cmd=0x20008 t=92 rc=0x3 data=00 00 00 00 00 00 00 00 00 00 00 00 00 0
  cmd=0x20008 t=94 rc=0x3 data=00 00 00 00 00 00 00 00 00 00 00 00 00 0
  cmd=0x20008 t=96 rc=0x3 data=00 00 00 00 00 00 00 00 00 00 00 00 00 0
  cmd=0x20008 t=98 rc=0x3 data=00 00 00 00 00 00 00 00 00 00 00 00 00 0
  cmd=0x20008 t=9A rc=0x3 data=00 00 00 00 00 00 00 00 00 00 00 00 00 0
  cmd=0x20008 t=9C rc=0x3 data=00 00 00 00 00 00 00 00 00 00 00 00 00 0
  cmd=0x20008 t=9E rc=0x3 data=00 00 00 00 00 00 00 00 00 00 00 00 00 0
  cmd=0x20008 t=A0 rc=0x3 data=00 00 00 00 00 00 00 00 00 00 00 00 00 0
  cmd=0x20008 t=A2 rc=0x3 data=00 00 00 00 00 00 00 00 00 00 00 00 00 0
  cmd=0x20008 t=A4 rc=0x3 data=00 00 00 00 00 00 00 00 00 00 00 00 00 0
  cmd=0x20008 t=A6 rc=0x3 data=00 00 00 00 00 00 00 00 00 00 00 00 00 0
  cmd=0x20008 t=A8 rc=0x3 data=00 00 00 00 00 00 00 00 00 00 00 00 00 0
  cmd=0x20008 t=AA rc=0x3 data=00 00 00 00 00 00 00 00 00 00 00 00 00 0
  cmd=0x20008 t=AC rc=0x3 data=00 00 00 00 00 00 00 00 00 00 00 00 00 0
  cmd=0x20008 t=AE rc=0x3 data=00 00 00 00 00 00 00 00 00 00 00 00 00 0
  cmd=0x20008 t=B0 rc=0x3 data=00 00 00 00 00 00 00 00 00 00 00 00 00 0
  cmd=0x20008 t=B2 rc=0x3 data=00 00 00 00 00 00 00 00 00 00 00 00 00 0
  cmd=0x20008 t=B4 rc=0x3 data=00 00 00 00 00 00 00 00 00 00 00 00 00 0
  cmd=0x20008 t=B6 rc=0x3 data=00 00 00 00 00 00 00 00 00 00 00 00 00 0
  cmd=0x20008 t=B8 rc=0x3 data=00 00 00 00 00 00 00 00 00 00 00 00 00 0
  cmd=0x20008 t=BA rc=0x3 data=00 00 00 00 00 00 00 00 00 00 00 00 00 0
  cmd=0x20008 t=BC rc=0x3 data=00 00 00 00 00 00 00 00 00 00 00 00 00 0
  cmd=0x20008 t=BE rc=0x3 data=00 00 00 00 00 00 00 00 00 00 00 00 00 0
  cmd=0x20008 t=C0 rc=0x3 data=00 00 00 00 00 00 00 00 00 00 00 00 00 0
  cmd=0x20008 t=C2 rc=0x3 data=00 00 00 00 00 00 00 00 00 00 00 00 00 0
  cmd=0x20008 t=C4 rc=0x3 data=00 00 00 00 00 00 00 00 00 00 00 00 00 0
  cmd=0x20008 t=C6 rc=0x3 data=00 00 00 00 00 00 00 00 00 00 00 00 00 0
  cmd=0x20008 t=C8 rc=0x3 data=00 00 00 00 00 00 00 00 00 00 00 00 00 0
  cmd=0x20009 t=00 rc=0x3 data=00 00 00 00 00 00 00 00 00 00 00 00 00 0
  cmd=0x20009 t=02 rc=0x0 data=03 00 00 00 00 00 00 00 00 00 00 00 00 0
  cmd=0x20009 t=04 rc=0x0 data=64 00 00 00 00 00 00 00 00 00 00 00 00 0
  cmd=0x20009 t=06 rc=0x0 data=00 00 00 00 00 00 00 00 00 00 00 00 00 0
  cmd=0x20009 t=08 rc=0x3 data=00 00 00 00 00 00 00 00 00 00 00 00 00 0
  cmd=0x20009 t=0A rc=0x3 data=00 00 00 00 00 00 00 00 00 00 00 00 00 0
  cmd=0x20009 t=0C rc=0x3 data=00 00 00 00 00 00 00 00 00 00 00 00 00 0
  cmd=0x20009 t=0E rc=0x3 data=00 00 00 00 00 00 00 00 00 00 00 00 00 0
  cmd=0x20009 t=10 rc=0x3 data=00 00 00 00 00 00 00 00 00 00 00 00 00 0
  cmd=0x20009 t=12 rc=0x3 data=00 00 00 00 00 00 00 00 00 00 00 00 00 0
  cmd=0x20009 t=14 rc=0x3 data=00 00 00 00 00 00 00 00 00 00 00 00 00 0
  cmd=0x20009 t=16 rc=0x3 data=00 00 00 00 00 00 00 00 00 00 00 00 00 0
  cmd=0x20009 t=18 rc=0x3 data=00 00 00 00 00 00 00 00 00 00 00 00 00 0
  cmd=0x20009 t=1A rc=0x3 data=00 00 00 00 00 00 00 00 00 00 00 00 00 0
  cmd=0x20009 t=1C rc=0x3 data=00 00 00 00 00 00 00 00 00 00 00 00 00 0
  cmd=0x20009 t=1E rc=0x3 data=00 00 00 00 00 00 00 00 00 00 00 00 00 0
  cmd=0x20009 t=20 rc=0x3 data=00 00 00 00 00 00 00 00 00 00 00 00 00 0
  cmd=0x20009 t=22 rc=0x3 data=00 00 00 00 00 00 00 00 00 00 00 00 00 0
  cmd=0x20009 t=24 rc=0x3 data=00 00 00 00 00 00 00 00 00 00 00 00 00 0
  cmd=0x20009 t=26 rc=0x3 data=00 00 00 00 00 00 00 00 00 00 00 00 00 0
  cmd=0x20009 t=28 rc=0x3 data=00 00 00 00 00 00 00 00 00 00 00 00 00 0
  cmd=0x20009 t=2A rc=0x3 data=00 00 00 00 00 00 00 00 00 00 00 00 00 0
  cmd=0x20009 t=2C rc=0x3 data=00 00 00 00 00 00 00 00 00 00 00 00 00 0
  cmd=0x20009 t=2E rc=0x3 data=00 00 00 00 00 00 00 00 00 00 00 00 00 0
  cmd=0x20009 t=30 rc=0x3 data=00 00 00 00 00 00 00 00 00 00 00 00 00 0
  cmd=0x20009 t=32 rc=0x3 data=00 00 00 00 00 00 00 00 00 00 00 00 00 0
  cmd=0x20009 t=34 rc=0x3 data=00 00 00 00 00 00 00 00 00 00 00 00 00 0
  cmd=0x20009 t=36 rc=0x3 data=00 00 00 00 00 00 00 00 00 00 00 00 00 0
  cmd=0x20009 t=38 rc=0x3 data=00 00 00 00 00 00 00 00 00 00 00 00 00 0
  cmd=0x20009 t=3A rc=0x3 data=00 00 00 00 00 00 00 00 00 00 00 00 00 0
  cmd=0x20009 t=3C rc=0x3 data=00 00 00 00 00 00 00 00 00 00 00 00 00 0
  cmd=0x20009 t=3E rc=0x3 data=00 00 00 00 00 00 00 00 00 00 00 00 00 0
  cmd=0x20009 t=40 rc=0x3 data=00 00 00 00 00 00 00 00 00 00 00 00 00 0
  cmd=0x20009 t=42 rc=0x3 data=00 00 00 00 00 00 00 00 00 00 00 00 00 0
  cmd=0x20009 t=44 rc=0x3 data=00 00 00 00 00 00 00 00 00 00 00 00 00 0
  cmd=0x20009 t=46 rc=0x3 data=00 00 00 00 00 00 00 00 00 00 00 00 00 0
  cmd=0x20009 t=48 rc=0x3 data=00 00 00 00 00 00 00 00 00 00 00 00 00 0
  cmd=0x20009 t=4A rc=0x3 data=00 00 00 00 00 00 00 00 00 00 00 00 00 0
  cmd=0x20009 t=4C rc=0x3 data=00 00 00 00 00 00 00 00 00 00 00 00 00 0
  cmd=0x20009 t=4E rc=0x3 data=00 00 00 00 00 00 00 00 00 00 00 00 00 0
  cmd=0x20009 t=50 rc=0x3 data=00 00 00 00 00 00 00 00 00 00 00 00 00 0
  cmd=0x20009 t=52 rc=0x3 data=00 00 00 00 00 00 00 00 00 00 00 00 00 0
  cmd=0x20009 t=54 rc=0x3 data=00 00 00 00 00 00 00 00 00 00 00 00 00 0
  cmd=0x20009 t=56 rc=0x3 data=00 00 00 00 00 00 00 00 00 00 00 00 00 0
  cmd=0x20009 t=58 rc=0x3 data=00 00 00 00 00 00 00 00 00 00 00 00 00 0
  cmd=0x20009 t=5A rc=0x3 data=00 00 00 00 00 00 00 00 00 00 00 00 00 0
  cmd=0x20009 t=5C rc=0x3 data=00 00 00 00 00 00 00 00 00 00 00 00 00 0
  cmd=0x20009 t=5E rc=0x3 data=00 00 00 00 00 00 00 00 00 00 00 00 00 0
  cmd=0x20009 t=60 rc=0x3 data=00 00 00 00 00 00 00 00 00 00 00 00 00 0
  cmd=0x20009 t=62 rc=0x3 data=00 00 00 00 00 00 00 00 00 00 00 00 00 0
  cmd=0x20009 t=64 rc=0x3 data=00 00 00 00 00 00 00 00 00 00 00 00 00 0
  cmd=0x20009 t=66 rc=0x3 data=00 00 00 00 00 00 00 00 00 00 00 00 00 0
  cmd=0x20009 t=68 rc=0x3 data=00 00 00 00 00 00 00 00 00 00 00 00 00 0
  cmd=0x20009 t=6A rc=0x3 data=00 00 00 00 00 00 00 00 00 00 00 00 00 0
  cmd=0x20009 t=6C rc=0x3 data=00 00 00 00 00 00 00 00 00 00 00 00 00 0
  cmd=0x20009 t=6E rc=0x3 data=00 00 00 00 00 00 00 00 00 00 00 00 00 0
  cmd=0x20009 t=70 rc=0x3 data=00 00 00 00 00 00 00 00 00 00 00 00 00 0
  cmd=0x20009 t=72 rc=0x3 data=00 00 00 00 00 00 00 00 00 00 00 00 00 0
  cmd=0x20009 t=74 rc=0x3 data=00 00 00 00 00 00 00 00 00 00 00 00 00 0
  cmd=0x20009 t=76 rc=0x3 data=00 00 00 00 00 00 00 00 00 00 00 00 00 0
  cmd=0x20009 t=78 rc=0x3 data=00 00 00 00 00 00 00 00 00 00 00 00 00 0
  cmd=0x20009 t=7A rc=0x3 data=00 00 00 00 00 00 00 00 00 00 00 00 00 0
  cmd=0x20009 t=7C rc=0x3 data=00 00 00 00 00 00 00 00 00 00 00 00 00 0
  cmd=0x20009 t=7E rc=0x3 data=00 00 00 00 00 00 00 00 00 00 00 00 00 0
  cmd=0x20009 t=80 rc=0x3 data=00 00 00 00 00 00 00 00 00 00 00 00 00 0
  cmd=0x20009 t=82 rc=0x3 data=00 00 00 00 00 00 00 00 00 00 00 00 00 0
  cmd=0x20009 t=84 rc=0x3 data=00 00 00 00 00 00 00 00 00 00 00 00 00 0
  cmd=0x20009 t=86 rc=0x3 data=00 00 00 00 00 00 00 00 00 00 00 00 00 0
  cmd=0x20009 t=88 rc=0x3 data=00 00 00 00 00 00 00 00 00 00 00 00 00 0
  cmd=0x20009 t=8A rc=0x3 data=00 00 00 00 00 00 00 00 00 00 00 00 00 0
  cmd=0x20009 t=8C rc=0x3 data=00 00 00 00 00 00 00 00 00 00 00 00 00 0
  cmd=0x20009 t=8E rc=0x3 data=00 00 00 00 00 00 00 00 00 00 00 00 00 0
  cmd=0x20009 t=90 rc=0x3 data=00 00 00 00 00 00 00 00 00 00 00 00 00 0
  cmd=0x20009 t=92 rc=0x3 data=00 00 00 00 00 00 00 00 00 00 00 00 00 0
  cmd=0x20009 t=94 rc=0x3 data=00 00 00 00 00 00 00 00 00 00 00 00 00 0
  cmd=0x20009 t=96 rc=0x3 data=00 00 00 00 00 00 00 00 00 00 00 00 00 0
  cmd=0x20009 t=98 rc=0x3 data=00 00 00 00 00 00 00 00 00 00 00 00 00 0
  cmd=0x20009 t=9A rc=0x3 data=00 00 00 00 00 00 00 00 00 00 00 00 00 0
  cmd=0x20009 t=9C rc=0x3 data=00 00 00 00 00 00 00 00 00 00 00 00 00 0
  cmd=0x20009 t=9E rc=0x3 data=00 00 00 00 00 00 00 00 00 00 00 00 00 0
  cmd=0x20009 t=A0 rc=0x3 data=00 00 00 00 00 00 00 00 00 00 00 00 00 0
  cmd=0x20009 t=A2 rc=0x3 data=00 00 00 00 00 00 00 00 00 00 00 00 00 0
  cmd=0x20009 t=A4 rc=0x3 data=00 00 00 00 00 00 00 00 00 00 00 00 00 0
  cmd=0x20009 t=A6 rc=0x3 data=00 00 00 00 00 00 00 00 00 00 00 00 00 0
  cmd=0x20009 t=A8 rc=0x3 data=00 00 00 00 00 00 00 00 00 00 00 00 00 0
  cmd=0x20009 t=AA rc=0x3 data=00 00 00 00 00 00 00 00 00 00 00 00 00 0
  cmd=0x20009 t=AC rc=0x3 data=00 00 00 00 00 00 00 00 00 00 00 00 00 0
  cmd=0x20009 t=AE rc=0x3 data=00 00 00 00 00 00 00 00 00 00 00 00 00 0
  cmd=0x20009 t=B0 rc=0x3 data=00 00 00 00 00 00 00 00 00 00 00 00 00 0
  cmd=0x20009 t=B2 rc=0x3 data=00 00 00 00 00 00 00 00 00 00 00 00 00 0
  cmd=0x20009 t=B4 rc=0x3 data=00 00 00 00 00 00 00 00 00 00 00 00 00 0
  cmd=0x20009 t=B6 rc=0x3 data=00 00 00 00 00 00 00 00 00 00 00 00 00 0
  cmd=0x20009 t=B8 rc=0x3 data=00 00 00 00 00 00 00 00 00 00 00 00 00 0
  cmd=0x20009 t=BA rc=0x3 data=00 00 00 00 00 00 00 00 00 00 00 00 00 0
  cmd=0x20009 t=BC rc=0x3 data=00 00 00 00 00 00 00 00 00 00 00 00 00 0
  cmd=0x20009 t=BE rc=0x3 data=00 00 00 00 00 00 00 00 00 00 00 00 00 0
  cmd=0x20009 t=C0 rc=0x3 data=00 00 00 00 00 00 00 00 00 00 00 00 00 0
  cmd=0x20009 t=C2 rc=0x3 data=00 00 00 00 00 00 00 00 00 00 00 00 00 0
  cmd=0x20009 t=C4 rc=0x3 data=00 00 00 00 00 00 00 00 00 00 00 00 00 0
  cmd=0x20009 t=C6 rc=0x3 data=00 00 00 00 00 00 00 00 00 00 00 00 00 0
  cmd=0x20009 t=C8 rc=0x3 data=00 00 00 00 00 00 00 00 00 00 00 00 00 0
  cmd=0x2000A t=00 rc=0x3 data=00 00 00 00 00 00 00 00 00 00 00 00 00 0
  cmd=0x2000A t=02 rc=0x3 data=00 00 00 00 00 00 00 00 00 00 00 00 00 0
  cmd=0x2000A t=04 rc=0x3 data=00 00 00 00 00 00 00 00 00 00 00 00 00 0
  cmd=0x2000A t=06 rc=0x3 data=00 00 00 00 00 00 00 00 00 00 00 00 00 0
  cmd=0x2000A t=08 rc=0x3 data=00 00 00 00 00 00 00 00 00 00 00 00 00 0
  cmd=0x2000A t=0A rc=0x3 data=00 00 00 00 00 00 00 00 00 00 00 00 00 0
  cmd=0x2000A t=0C rc=0x3 data=00 00 00 00 00 00 00 00 00 00 00 00 00 0
  cmd=0x2000A t=0E rc=0x3 data=00 00 00 00 00 00 00 00 00 00 00 00 00 0
  cmd=0x2000A t=10 rc=0x3 data=00 00 00 00 00 00 00 00 00 00 00 00 00 0
  cmd=0x2000A t=12 rc=0x3 data=00 00 00 00 00 00 00 00 00 00 00 00 00 0
  cmd=0x2000A t=14 rc=0x3 data=00 00 00 00 00 00 00 00 00 00 00 00 00 0
  cmd=0x2000A t=16 rc=0x3 data=00 00 00 00 00 00 00 00 00 00 00 00 00 0
  cmd=0x2000A t=18 rc=0x3 data=00 00 00 00 00 00 00 00 00 00 00 00 00 0
  cmd=0x2000A t=1A rc=0x3 data=00 00 00 00 00 00 00 00 00 00 00 00 00 0
  cmd=0x2000A t=1C rc=0x3 data=00 00 00 00 00 00 00 00 00 00 00 00 00 0
  cmd=0x2000A t=1E rc=0x3 data=00 00 00 00 00 00 00 00 00 00 00 00 00 0
  cmd=0x2000A t=20 rc=0x3 data=00 00 00 00 00 00 00 00 00 00 00 00 00 0
  cmd=0x2000A t=22 rc=0x3 data=00 00 00 00 00 00 00 00 00 00 00 00 00 0
  cmd=0x2000A t=24 rc=0x3 data=00 00 00 00 00 00 00 00 00 00 00 00 00 0
  cmd=0x2000A t=26 rc=0x3 data=00 00 00 00 00 00 00 00 00 00 00 00 00 0
  cmd=0x2000A t=28 rc=0x3 data=00 00 00 00 00 00 00 00 00 00 00 00 00 0
  cmd=0x2000A t=2A rc=0x3 data=00 00 00 00 00 00 00 00 00 00 00 00 00 0
  cmd=0x2000A t=2C rc=0x3 data=00 00 00 00 00 00 00 00 00 00 00 00 00 0
  cmd=0x2000A t=2E rc=0x3 data=00 00 00 00 00 00 00 00 00 00 00 00 00 0
  cmd=0x2000A t=30 rc=0x3 data=00 00 00 00 00 00 00 00 00 00 00 00 00 0
  cmd=0x2000A t=32 rc=0x3 data=00 00 00 00 00 00 00 00 00 00 00 00 00 0
  cmd=0x2000A t=34 rc=0x3 data=00 00 00 00 00 00 00 00 00 00 00 00 00 0
  cmd=0x2000A t=36 rc=0x3 data=00 00 00 00 00 00 00 00 00 00 00 00 00 0
  cmd=0x2000A t=38 rc=0x3 data=00 00 00 00 00 00 00 00 00 00 00 00 00 0
  cmd=0x2000A t=3A rc=0x3 data=00 00 00 00 00 00 00 00 00 00 00 00 00 0
  cmd=0x2000A t=3C rc=0x3 data=00 00 00 00 00 00 00 00 00 00 00 00 00 0
  cmd=0x2000A t=3E rc=0x3 data=00 00 00 00 00 00 00 00 00 00 00 00 00 0
  cmd=0x2000A t=40 rc=0x3 data=00 00 00 00 00 00 00 00 00 00 00 00 00 0
  cmd=0x2000A t=42 rc=0x3 data=00 00 00 00 00 00 00 00 00 00 00 00 00 0
  cmd=0x2000A t=44 rc=0x3 data=00 00 00 00 00 00 00 00 00 00 00 00 00 0
  cmd=0x2000A t=46 rc=0x3 data=00 00 00 00 00 00 00 00 00 00 00 00 00 0
  cmd=0x2000A t=48 rc=0x3 data=00 00 00 00 00 00 00 00 00 00 00 00 00 0
  cmd=0x2000A t=4A rc=0x3 data=00 00 00 00 00 00 00 00 00 00 00 00 00 0
  cmd=0x2000A t=4C rc=0x3 data=00 00 00 00 00 00 00 00 00 00 00 00 00 0
  cmd=0x2000A t=4E rc=0x3 data=00 00 00 00 00 00 00 00 00 00 00 00 00 0
  cmd=0x2000A t=50 rc=0x3 data=00 00 00 00 00 00 00 00 00 00 00 00 00 0
  cmd=0x2000A t=52 rc=0x3 data=00 00 00 00 00 00 00 00 00 00 00 00 00 0
  cmd=0x2000A t=54 rc=0x3 data=00 00 00 00 00 00 00 00 00 00 00 00 00 0
  cmd=0x2000A t=56 rc=0x3 data=00 00 00 00 00 00 00 00 00 00 00 00 00 0
  cmd=0x2000A t=58 rc=0x3 data=00 00 00 00 00 00 00 00 00 00 00 00 00 0
  cmd=0x2000A t=5A rc=0x3 data=00 00 00 00 00 00 00 00 00 00 00 00 00 0
  cmd=0x2000A t=5C rc=0x3 data=00 00 00 00 00 00 00 00 00 00 00 00 00 0
  cmd=0x2000A t=5E rc=0x3 data=00 00 00 00 00 00 00 00 00 00 00 00 00 0
  cmd=0x2000A t=60 rc=0x3 data=00 00 00 00 00 00 00 00 00 00 00 00 00 0
  cmd=0x2000A t=62 rc=0x3 data=00 00 00 00 00 00 00 00 00 00 00 00 00 0
  cmd=0x2000A t=64 rc=0x3 data=00 00 00 00 00 00 00 00 00 00 00 00 00 0
  cmd=0x2000A t=66 rc=0x3 data=00 00 00 00 00 00 00 00 00 00 00 00 00 0
  cmd=0x2000A t=68 rc=0x3 data=00 00 00 00 00 00 00 00 00 00 00 00 00 0
  cmd=0x2000A t=6A rc=0x3 data=00 00 00 00 00 00 00 00 00 00 00 00 00 0
  cmd=0x2000A t=6C rc=0x3 data=00 00 00 00 00 00 00 00 00 00 00 00 00 0
  cmd=0x2000A t=6E rc=0x3 data=00 00 00 00 00 00 00 00 00 00 00 00 00 0
  cmd=0x2000A t=70 rc=0x3 data=00 00 00 00 00 00 00 00 00 00 00 00 00 0
  cmd=0x2000A t=72 rc=0x3 data=00 00 00 00 00 00 00 00 00 00 00 00 00 0
  cmd=0x2000A t=74 rc=0x3 data=00 00 00 00 00 00 00 00 00 00 00 00 00 0
  cmd=0x2000A t=76 rc=0x3 data=00 00 00 00 00 00 00 00 00 00 00 00 00 0
  cmd=0x2000A t=78 rc=0x3 data=00 00 00 00 00 00 00 00 00 00 00 00 00 0
  cmd=0x2000A t=7A rc=0x3 data=00 00 00 00 00 00 00 00 00 00 00 00 00 0
  cmd=0x2000A t=7C rc=0x3 data=00 00 00 00 00 00 00 00 00 00 00 00 00 0
  cmd=0x2000A t=7E rc=0x3 data=00 00 00 00 00 00 00 00 00 00 00 00 00 0
  cmd=0x2000A t=80 rc=0x3 data=00 00 00 00 00 00 00 00 00 00 00 00 00 0
  cmd=0x2000A t=82 rc=0x3 data=00 00 00 00 00 00 00 00 00 00 00 00 00 0
  cmd=0x2000A t=84 rc=0x3 data=00 00 00 00 00 00 00 00 00 00 00 00 00 0
  cmd=0x2000A t=86 rc=0x3 data=00 00 00 00 00 00 00 00 00 00 00 00 00 0
  cmd=0x2000A t=88 rc=0x3 data=00 00 00 00 00 00 00 00 00 00 00 00 00 0
  cmd=0x2000A t=8A rc=0x3 data=00 00 00 00 00 00 00 00 00 00 00 00 00 0
  cmd=0x2000A t=8C rc=0x3 data=00 00 00 00 00 00 00 00 00 00 00 00 00 0
  cmd=0x2000A t=8E rc=0x3 data=00 00 00 00 00 00 00 00 00 00 00 00 00 0
  cmd=0x2000A t=90 rc=0x3 data=00 00 00 00 00 00 00 00 00 00 00 00 00 0
  cmd=0x2000A t=92 rc=0x3 data=00 00 00 00 00 00 00 00 00 00 00 00 00 0
  cmd=0x2000A t=94 rc=0x3 data=00 00 00 00 00 00 00 00 00 00 00 00 00 0
  cmd=0x2000A t=96 rc=0x3 data=00 00 00 00 00 00 00 00 00 00 00 00 00 0
  cmd=0x2000A t=98 rc=0x3 data=00 00 00 00 00 00 00 00 00 00 00 00 00 0
  cmd=0x2000A t=9A rc=0x3 data=00 00 00 00 00 00 00 00 00 00 00 00 00 0
  cmd=0x2000A t=9C rc=0x3 data=00 00 00 00 00 00 00 00 00 00 00 00 00 0
  cmd=0x2000A t=9E rc=0x3 data=00 00 00 00 00 00 00 00 00 00 00 00 00 0
  cmd=0x2000A t=A0 rc=0x3 data=00 00 00 00 00 00 00 00 00 00 00 00 00 0
  cmd=0x2000A t=A2 rc=0x3 data=00 00 00 00 00 00 00 00 00 00 00 00 00 0
  cmd=0x2000A t=A4 rc=0x3 data=00 00 00 00 00 00 00 00 00 00 00 00 00 0
  cmd=0x2000A t=A6 rc=0x3 data=00 00 00 00 00 00 00 00 00 00 00 00 00 0
  cmd=0x2000A t=A8 rc=0x3 data=00 00 00 00 00 00 00 00 00 00 00 00 00 0
  cmd=0x2000A t=AA rc=0x3 data=00 00 00 00 00 00 00 00 00 00 00 00 00 0
  cmd=0x2000A t=AC rc=0x3 data=00 00 00 00 00 00 00 00 00 00 00 00 00 0
  cmd=0x2000A t=AE rc=0x3 data=00 00 00 00 00 00 00 00 00 00 00 00 00 0
  cmd=0x2000A t=B0 rc=0x3 data=00 00 00 00 00 00 00 00 00 00 00 00 00 0
  cmd=0x2000A t=B2 rc=0x3 data=00 00 00 00 00 00 00 00 00 00 00 00 00 0
  cmd=0x2000A t=B4 rc=0x3 data=00 00 00 00 00 00 00 00 00 00 00 00 00 0
  cmd=0x2000A t=B6 rc=0x3 data=00 00 00 00 00 00 00 00 00 00 00 00 00 0
  cmd=0x2000A t=B8 rc=0x3 data=00 00 00 00 00 00 00 00 00 00 00 00 00 0
  cmd=0x2000A t=BA rc=0x3 data=00 00 00 00 00 00 00 00 00 00 00 00 00 0
  cmd=0x2000A t=BC rc=0x3 data=00 00 00 00 00 00 00 00 00 00 00 00 00 0
  cmd=0x2000A t=BE rc=0x3 data=00 00 00 00 00 00 00 00 00 00 00 00 00 0
  cmd=0x2000A t=C0 rc=0x3 data=00 00 00 00 00 00 00 00 00 00 00 00 00 0
  cmd=0x2000A t=C2 rc=0x3 data=00 00 00 00 00 00 00 00 00 00 00 00 00 0
  cmd=0x2000A t=C4 rc=0x3 data=00 00 00 00 00 00 00 00 00 00 00 00 00 0
  cmd=0x2000A t=C6 rc=0x3 data=00 00 00 00 00 00 00 00 00 00 00 00 00 0
  cmd=0x2000A t=C8 rc=0x3 data=00 00 00 00 00 00 00 00 00 00 00 00 00 0
  cmd=0x2000B t=00 rc=0x3 data=00 00 00 00 00 00 00 00 00 00 00 00 00 0
  cmd=0x2000B t=02 rc=0x3 data=00 00 00 00 00 00 00 00 00 00 00 00 00 0
  cmd=0x2000B t=04 rc=0x3 data=00 00 00 00 00 00 00 00 00 00 00 00 00 0
  cmd=0x2000B t=06 rc=0x3 data=00 00 00 00 00 00 00 00 00 00 00 00 00 0
  cmd=0x2000B t=08 rc=0x3 data=00 00 00 00 00 00 00 00 00 00 00 00 00 0
  cmd=0x2000B t=0A rc=0x3 data=00 00 00 00 00 00 00 00 00 00 00 00 00 0
  cmd=0x2000B t=0C rc=0x3 data=00 00 00 00 00 00 00 00 00 00 00 00 00 0
  cmd=0x2000B t=0E rc=0x3 data=00 00 00 00 00 00 00 00 00 00 00 00 00 0
  cmd=0x2000B t=10 rc=0x3 data=00 00 00 00 00 00 00 00 00 00 00 00 00 0
  cmd=0x2000B t=12 rc=0x3 data=00 00 00 00 00 00 00 00 00 00 00 00 00 0
  cmd=0x2000B t=14 rc=0x3 data=00 00 00 00 00 00 00 00 00 00 00 00 00 0
  cmd=0x2000B t=16 rc=0x3 data=00 00 00 00 00 00 00 00 00 00 00 00 00 0
  cmd=0x2000B t=18 rc=0x3 data=00 00 00 00 00 00 00 00 00 00 00 00 00 0
  cmd=0x2000B t=1A rc=0x3 data=00 00 00 00 00 00 00 00 00 00 00 00 00 0
  cmd=0x2000B t=1C rc=0x3 data=00 00 00 00 00 00 00 00 00 00 00 00 00 0
  cmd=0x2000B t=1E rc=0x3 data=00 00 00 00 00 00 00 00 00 00 00 00 00 0
  cmd=0x2000B t=20 rc=0x3 data=00 00 00 00 00 00 00 00 00 00 00 00 00 0
  cmd=0x2000B t=22 rc=0x3 data=00 00 00 00 00 00 00 00 00 00 00 00 00 0
  cmd=0x2000B t=24 rc=0x3 data=00 00 00 00 00 00 00 00 00 00 00 00 00 0
  cmd=0x2000B t=26 rc=0x3 data=00 00 00 00 00 00 00 00 00 00 00 00 00 0
  cmd=0x2000B t=28 rc=0x3 data=00 00 00 00 00 00 00 00 00 00 00 00 00 0
  cmd=0x2000B t=2A rc=0x3 data=00 00 00 00 00 00 00 00 00 00 00 00 00 0
  cmd=0x2000B t=2C rc=0x3 data=00 00 00 00 00 00 00 00 00 00 00 00 00 0
  cmd=0x2000B t=2E rc=0x3 data=00 00 00 00 00 00 00 00 00 00 00 00 00 0
  cmd=0x2000B t=30 rc=0x3 data=00 00 00 00 00 00 00 00 00 00 00 00 00 0
  cmd=0x2000B t=32 rc=0x3 data=00 00 00 00 00 00 00 00 00 00 00 00 00 0
  cmd=0x2000B t=34 rc=0x3 data=00 00 00 00 00 00 00 00 00 00 00 00 00 0
  cmd=0x2000B t=36 rc=0x3 data=00 00 00 00 00 00 00 00 00 00 00 00 00 0
  cmd=0x2000B t=38 rc=0x3 data=00 00 00 00 00 00 00 00 00 00 00 00 00 0
  cmd=0x2000B t=3A rc=0x3 data=00 00 00 00 00 00 00 00 00 00 00 00 00 0
  cmd=0x2000B t=3C rc=0x3 data=00 00 00 00 00 00 00 00 00 00 00 00 00 0
  cmd=0x2000B t=3E rc=0x3 data=00 00 00 00 00 00 00 00 00 00 00 00 00 0
  cmd=0x2000B t=40 rc=0x3 data=00 00 00 00 00 00 00 00 00 00 00 00 00 0
  cmd=0x2000B t=42 rc=0x3 data=00 00 00 00 00 00 00 00 00 00 00 00 00 0
  cmd=0x2000B t=44 rc=0x3 data=00 00 00 00 00 00 00 00 00 00 00 00 00 0
  cmd=0x2000B t=46 rc=0x3 data=00 00 00 00 00 00 00 00 00 00 00 00 00 0
  cmd=0x2000B t=48 rc=0x3 data=00 00 00 00 00 00 00 00 00 00 00 00 00 0
  cmd=0x2000B t=4A rc=0x3 data=00 00 00 00 00 00 00 00 00 00 00 00 00 0
  cmd=0x2000B t=4C rc=0x3 data=00 00 00 00 00 00 00 00 00 00 00 00 00 0
  cmd=0x2000B t=4E rc=0x3 data=00 00 00 00 00 00 00 00 00 00 00 00 00 0
  cmd=0x2000B t=50 rc=0x3 data=00 00 00 00 00 00 00 00 00 00 00 00 00 0
  cmd=0x2000B t=52 rc=0x3 data=00 00 00 00 00 00 00 00 00 00 00 00 00 0
  cmd=0x2000B t=54 rc=0x3 data=00 00 00 00 00 00 00 00 00 00 00 00 00 0
  cmd=0x2000B t=56 rc=0x3 data=00 00 00 00 00 00 00 00 00 00 00 00 00 0
  cmd=0x2000B t=58 rc=0x3 data=00 00 00 00 00 00 00 00 00 00 00 00 00 0
  cmd=0x2000B t=5A rc=0x3 data=00 00 00 00 00 00 00 00 00 00 00 00 00 0
  cmd=0x2000B t=5C rc=0x3 data=00 00 00 00 00 00 00 00 00 00 00 00 00 0
  cmd=0x2000B t=5E rc=0x3 data=00 00 00 00 00 00 00 00 00 00 00 00 00 0
  cmd=0x2000B t=60 rc=0x3 data=00 00 00 00 00 00 00 00 00 00 00 00 00 0
  cmd=0x2000B t=62 rc=0x3 data=00 00 00 00 00 00 00 00 00 00 00 00 00 0
  cmd=0x2000B t=64 rc=0x3 data=00 00 00 00 00 00 00 00 00 00 00 00 00 0
  cmd=0x2000B t=66 rc=0x3 data=00 00 00 00 00 00 00 00 00 00 00 00 00 0
  cmd=0x2000B t=68 rc=0x3 data=00 00 00 00 00 00 00 00 00 00 00 00 00 0
  cmd=0x2000B t=6A rc=0x3 data=00 00 00 00 00 00 00 00 00 00 00 00 00 0
  cmd=0x2000B t=6C rc=0x3 data=00 00 00 00 00 00 00 00 00 00 00 00 00 0
  cmd=0x2000B t=6E rc=0x3 data=00 00 00 00 00 00 00 00 00 00 00 00 00 0
  cmd=0x2000B t=70 rc=0x3 data=00 00 00 00 00 00 00 00 00 00 00 00 00 0
  cmd=0x2000B t=72 rc=0x3 data=00 00 00 00 00 00 00 00 00 00 00 00 00 0
  cmd=0x2000B t=74 rc=0x3 data=00 00 00 00 00 00 00 00 00 00 00 00 00 0
  cmd=0x2000B t=76 rc=0x3 data=00 00 00 00 00 00 00 00 00 00 00 00 00 0
  cmd=0x2000B t=78 rc=0x3 data=00 00 00 00 00 00 00 00 00 00 00 00 00 0
  cmd=0x2000B t=7A rc=0x3 data=00 00 00 00 00 00 00 00 00 00 00 00 00 0
  cmd=0x2000B t=7C rc=0x3 data=00 00 00 00 00 00 00 00 00 00 00 00 00 0
  cmd=0x2000B t=7E rc=0x3 data=00 00 00 00 00 00 00 00 00 00 00 00 00 0
  cmd=0x2000B t=80 rc=0x3 data=00 00 00 00 00 00 00 00 00 00 00 00 00 0
  cmd=0x2000B t=82 rc=0x3 data=00 00 00 00 00 00 00 00 00 00 00 00 00 0
  cmd=0x2000B t=84 rc=0x3 data=00 00 00 00 00 00 00 00 00 00 00 00 00 0
  cmd=0x2000B t=86 rc=0x3 data=00 00 00 00 00 00 00 00 00 00 00 00 00 0
  cmd=0x2000B t=88 rc=0x3 data=00 00 00 00 00 00 00 00 00 00 00 00 00 0
  cmd=0x2000B t=8A rc=0x3 data=00 00 00 00 00 00 00 00 00 00 00 00 00 0
  cmd=0x2000B t=8C rc=0x3 data=00 00 00 00 00 00 00 00 00 00 00 00 00 0
  cmd=0x2000B t=8E rc=0x3 data=00 00 00 00 00 00 00 00 00 00 00 00 00 0
  cmd=0x2000B t=90 rc=0x3 data=00 00 00 00 00 00 00 00 00 00 00 00 00 0
  cmd=0x2000B t=92 rc=0x3 data=00 00 00 00 00 00 00 00 00 00 00 00 00 0
  cmd=0x2000B t=94 rc=0x3 data=00 00 00 00 00 00 00 00 00 00 00 00 00 0
  cmd=0x2000B t=96 rc=0x3 data=00 00 00 00 00 00 00 00 00 00 00 00 00 0
  cmd=0x2000B t=98 rc=0x3 data=00 00 00 00 00 00 00 00 00 00 00 00 00 0
  cmd=0x2000B t=9A rc=0x3 data=00 00 00 00 00 00 00 00 00 00 00 00 00 0
  cmd=0x2000B t=9C rc=0x3 data=00 00 00 00 00 00 00 00 00 00 00 00 00 0
  cmd=0x2000B t=9E rc=0x3 data=00 00 00 00 00 00 00 00 00 00 00 00 00 0
  cmd=0x2000B t=A0 rc=0x3 data=00 00 00 00 00 00 00 00 00 00 00 00 00 0
  cmd=0x2000B t=A2 rc=0x3 data=00 00 00 00 00 00 00 00 00 00 00 00 00 0
  cmd=0x2000B t=A4 rc=0x3 data=00 00 00 00 00 00 00 00 00 00 00 00 00 0
  cmd=0x2000B t=A6 rc=0x3 data=00 00 00 00 00 00 00 00 00 00 00 00 00 0
  cmd=0x2000B t=A8 rc=0x3 data=00 00 00 00 00 00 00 00 00 00 00 00 00 0
  cmd=0x2000B t=AA rc=0x3 data=00 00 00 00 00 00 00 00 00 00 00 00 00 0
  cmd=0x2000B t=AC rc=0x3 data=00 00 00 00 00 00 00 00 00 00 00 00 00 0
  cmd=0x2000B t=AE rc=0x3 data=00 00 00 00 00 00 00 00 00 00 00 00 00 0
  cmd=0x2000B t=B0 rc=0x3 data=00 00 00 00 00 00 00 00 00 00 00 00 00 0
  cmd=0x2000B t=B2 rc=0x3 data=00 00 00 00 00 00 00 00 00 00 00 00 00 0
  cmd=0x2000B t=B4 rc=0x3 data=00 00 00 00 00 00 00 00 00 00 00 00 00 0
  cmd=0x2000B t=B6 rc=0x3 data=00 00 00 00 00 00 00 00 00 00 00 00 00 0
  cmd=0x2000B t=B8 rc=0x3 data=00 00 00 00 00 00 00 00 00 00 00 00 00 0
  cmd=0x2000B t=BA rc=0x3 data=00 00 00 00 00 00 00 00 00 00 00 00 00 0
  cmd=0x2000B t=BC rc=0x3 data=00 00 00 00 00 00 00 00 00 00 00 00 00 0
  cmd=0x2000B t=BE rc=0x3 data=00 00 00 00 00 00 00 00 00 00 00 00 00 0
  cmd=0x2000B t=C0 rc=0x3 data=00 00 00 00 00 00 00 00 00 00 00 00 00 0
  cmd=0x2000B t=C2 rc=0x3 data=00 00 00 00 00 00 00 00 00 00 00 00 00 0
  cmd=0x2000B t=C4 rc=0x3 data=00 00 00 00 00 00 00 00 00 00 00 00 00 0
  cmd=0x2000B t=C6 rc=0x3 data=00 00 00 00 00 00 00 00 00 00 00 00 00 0
  cmd=0x2000B t=C8 rc=0x3 data=00 00 00 00 00 00 00 00 00 00 00 00 00 0
  cmd=0x2000C t=00 rc=0x3 data=00 00 00 00 00 00 00 00 00 00 00 00 00 0
  cmd=0x2000C t=02 rc=0x3 data=00 00 00 00 00 00 00 00 00 00 00 00 00 0
  cmd=0x2000C t=04 rc=0x3 data=00 00 00 00 00 00 00 00 00 00 00 00 00 0
  cmd=0x2000C t=06 rc=0x3 data=00 00 00 00 00 00 00 00 00 00 00 00 00 0
  cmd=0x2000C t=08 rc=0x3 data=00 00 00 00 00 00 00 00 00 00 00 00 00 0
  cmd=0x2000C t=0A rc=0x3 data=00 00 00 00 00 00 00 00 00 00 00 00 00 0
  cmd=0x2000C t=0C rc=0x3 data=00 00 00 00 00 00 00 00 00 00 00 00 00 0
  cmd=0x2000C t=0E rc=0x3 data=00 00 00 00 00 00 00 00 00 00 00 00 00 0
  cmd=0x2000C t=10 rc=0x3 data=00 00 00 00 00 00 00 00 00 00 00 00 00 0
  cmd=0x2000C t=12 rc=0x3 data=00 00 00 00 00 00 00 00 00 00 00 00 00 0
  cmd=0x2000C t=14 rc=0x3 data=00 00 00 00 00 00 00 00 00 00 00 00 00 0
  cmd=0x2000C t=16 rc=0x3 data=00 00 00 00 00 00 00 00 00 00 00 00 00 0
  cmd=0x2000C t=18 rc=0x3 data=00 00 00 00 00 00 00 00 00 00 00 00 00 0
  cmd=0x2000C t=1A rc=0x3 data=00 00 00 00 00 00 00 00 00 00 00 00 00 0
  cmd=0x2000C t=1C rc=0x3 data=00 00 00 00 00 00 00 00 00 00 00 00 00 0
  cmd=0x2000C t=1E rc=0x3 data=00 00 00 00 00 00 00 00 00 00 00 00 00 0
  cmd=0x2000C t=20 rc=0x3 data=00 00 00 00 00 00 00 00 00 00 00 00 00 0
  cmd=0x2000C t=22 rc=0x3 data=00 00 00 00 00 00 00 00 00 00 00 00 00 0
  cmd=0x2000C t=24 rc=0x3 data=00 00 00 00 00 00 00 00 00 00 00 00 00 0
  cmd=0x2000C t=26 rc=0x3 data=00 00 00 00 00 00 00 00 00 00 00 00 00 0
  cmd=0x2000C t=28 rc=0x3 data=00 00 00 00 00 00 00 00 00 00 00 00 00 0
  cmd=0x2000C t=2A rc=0x3 data=00 00 00 00 00 00 00 00 00 00 00 00 00 0
  cmd=0x2000C t=2C rc=0x3 data=00 00 00 00 00 00 00 00 00 00 00 00 00 0
  cmd=0x2000C t=2E rc=0x3 data=00 00 00 00 00 00 00 00 00 00 00 00 00 0
  cmd=0x2000C t=30 rc=0x3 data=00 00 00 00 00 00 00 00 00 00 00 00 00 0
  cmd=0x2000C t=32 rc=0x3 data=00 00 00 00 00 00 00 00 00 00 00 00 00 0
  cmd=0x2000C t=34 rc=0x3 data=00 00 00 00 00 00 00 00 00 00 00 00 00 0
  cmd=0x2000C t=36 rc=0x3 data=00 00 00 00 00 00 00 00 00 00 00 00 00 0
  cmd=0x2000C t=38 rc=0x3 data=00 00 00 00 00 00 00 00 00 00 00 00 00 0
  cmd=0x2000C t=3A rc=0x3 data=00 00 00 00 00 00 00 00 00 00 00 00 00 0
  cmd=0x2000C t=3C rc=0x3 data=00 00 00 00 00 00 00 00 00 00 00 00 00 0
  cmd=0x2000C t=3E rc=0x3 data=00 00 00 00 00 00 00 00 00 00 00 00 00 0
  cmd=0x2000C t=40 rc=0x3 data=00 00 00 00 00 00 00 00 00 00 00 00 00 0
  cmd=0x2000C t=42 rc=0x3 data=00 00 00 00 00 00 00 00 00 00 00 00 00 0
  cmd=0x2000C t=44 rc=0x3 data=00 00 00 00 00 00 00 00 00 00 00 00 00 0
  cmd=0x2000C t=46 rc=0x3 data=00 00 00 00 00 00 00 00 00 00 00 00 00 0
  cmd=0x2000C t=48 rc=0x3 data=00 00 00 00 00 00 00 00 00 00 00 00 00 0
  cmd=0x2000C t=4A rc=0x3 data=00 00 00 00 00 00 00 00 00 00 00 00 00 0
  cmd=0x2000C t=4C rc=0x3 data=00 00 00 00 00 00 00 00 00 00 00 00 00 0
  cmd=0x2000C t=4E rc=0x3 data=00 00 00 00 00 00 00 00 00 00 00 00 00 0
  cmd=0x2000C t=50 rc=0x3 data=00 00 00 00 00 00 00 00 00 00 00 00 00 0
  cmd=0x2000C t=52 rc=0x3 data=00 00 00 00 00 00 00 00 00 00 00 00 00 0
  cmd=0x2000C t=54 rc=0x3 data=00 00 00 00 00 00 00 00 00 00 00 00 00 0
  cmd=0x2000C t=56 rc=0x3 data=00 00 00 00 00 00 00 00 00 00 00 00 00 0
  cmd=0x2000C t=58 rc=0x3 data=00 00 00 00 00 00 00 00 00 00 00 00 00 0
  cmd=0x2000C t=5A rc=0x3 data=00 00 00 00 00 00 00 00 00 00 00 00 00 0
  cmd=0x2000C t=5C rc=0x3 data=00 00 00 00 00 00 00 00 00 00 00 00 00 0
  cmd=0x2000C t=5E rc=0x3 data=00 00 00 00 00 00 00 00 00 00 00 00 00 0
  cmd=0x2000C t=60 rc=0x3 data=00 00 00 00 00 00 00 00 00 00 00 00 00 0
  cmd=0x2000C t=62 rc=0x3 data=00 00 00 00 00 00 00 00 00 00 00 00 00 0
  cmd=0x2000C t=64 rc=0x3 data=00 00 00 00 00 00 00 00 00 00 00 00 00 0
  cmd=0x2000C t=66 rc=0x3 data=00 00 00 00 00 00 00 00 00 00 00 00 00 0
  cmd=0x2000C t=68 rc=0x3 data=00 00 00 00 00 00 00 00 00 00 00 00 00 0
  cmd=0x2000C t=6A rc=0x3 data=00 00 00 00 00 00 00 00 00 00 00 00 00 0
  cmd=0x2000C t=6C rc=0x3 data=00 00 00 00 00 00 00 00 00 00 00 00 00 0
  cmd=0x2000C t=6E rc=0x3 data=00 00 00 00 00 00 00 00 00 00 00 00 00 0
  cmd=0x2000C t=70 rc=0x3 data=00 00 00 00 00 00 00 00 00 00 00 00 00 0
  cmd=0x2000C t=72 rc=0x3 data=00 00 00 00 00 00 00 00 00 00 00 00 00 0
  cmd=0x2000C t=74 rc=0x3 data=00 00 00 00 00 00 00 00 00 00 00 00 00 0
  cmd=0x2000C t=76 rc=0x3 data=00 00 00 00 00 00 00 00 00 00 00 00 00 0
  cmd=0x2000C t=78 rc=0x3 data=00 00 00 00 00 00 00 00 00 00 00 00 00 0
  cmd=0x2000C t=7A rc=0x3 data=00 00 00 00 00 00 00 00 00 00 00 00 00 0
  cmd=0x2000C t=7C rc=0x3 data=00 00 00 00 00 00 00 00 00 00 00 00 00 0
  cmd=0x2000C t=7E rc=0x3 data=00 00 00 00 00 00 00 00 00 00 00 00 00 0
  cmd=0x2000C t=80 rc=0x3 data=00 00 00 00 00 00 00 00 00 00 00 00 00 0
  cmd=0x2000C t=82 rc=0x3 data=00 00 00 00 00 00 00 00 00 00 00 00 00 0
  cmd=0x2000C t=84 rc=0x3 data=00 00 00 00 00 00 00 00 00 00 00 00 00 0
  cmd=0x2000C t=86 rc=0x3 data=00 00 00 00 00 00 00 00 00 00 00 00 00 0
  cmd=0x2000C t=88 rc=0x3 data=00 00 00 00 00 00 00 00 00 00 00 00 00 0
  cmd=0x2000C t=8A rc=0x3 data=00 00 00 00 00 00 00 00 00 00 00 00 00 0
  cmd=0x2000C t=8C rc=0x3 data=00 00 00 00 00 00 00 00 00 00 00 00 00 0
  cmd=0x2000C t=8E rc=0x3 data=00 00 00 00 00 00 00 00 00 00 00 00 00 0
  cmd=0x2000C t=90 rc=0x3 data=00 00 00 00 00 00 00 00 00 00 00 00 00 0
  cmd=0x2000C t=92 rc=0x3 data=00 00 00 00 00 00 00 00 00 00 00 00 00 0
  cmd=0x2000C t=94 rc=0x3 data=00 00 00 00 00 00 00 00 00 00 00 00 00 0
  cmd=0x2000C t=96 rc=0x3 data=00 00 00 00 00 00 00 00 00 00 00 00 00 0
  cmd=0x2000C t=98 rc=0x3 data=00 00 00 00 00 00 00 00 00 00 00 00 00 0
  cmd=0x2000C t=9A rc=0x3 data=00 00 00 00 00 00 00 00 00 00 00 00 00 0
  cmd=0x2000C t=9C rc=0x3 data=00 00 00 00 00 00 00 00 00 00 00 00 00 0
  cmd=0x2000C t=9E rc=0x3 data=00 00 00 00 00 00 00 00 00 00 00 00 00 0
  cmd=0x2000C t=A0 rc=0x3 data=00 00 00 00 00 00 00 00 00 00 00 00 00 0
  cmd=0x2000C t=A2 rc=0x3 data=00 00 00 00 00 00 00 00 00 00 00 00 00 0
  cmd=0x2000C t=A4 rc=0x3 data=00 00 00 00 00 00 00 00 00 00 00 00 00 0
  cmd=0x2000C t=A6 rc=0x3 data=00 00 00 00 00 00 00 00 00 00 00 00 00 0
  cmd=0x2000C t=A8 rc=0x3 data=00 00 00 00 00 00 00 00 00 00 00 00 00 0
  cmd=0x2000C t=AA rc=0x3 data=00 00 00 00 00 00 00 00 00 00 00 00 00 0
  cmd=0x2000C t=AC rc=0x3 data=00 00 00 00 00 00 00 00 00 00 00 00 00 0
  cmd=0x2000C t=AE rc=0x3 data=00 00 00 00 00 00 00 00 00 00 00 00 00 0
  cmd=0x2000C t=B0 rc=0x3 data=00 00 00 00 00 00 00 00 00 00 00 00 00 0
  cmd=0x2000C t=B2 rc=0x3 data=00 00 00 00 00 00 00 00 00 00 00 00 00 0
  cmd=0x2000C t=B4 rc=0x3 data=00 00 00 00 00 00 00 00 00 00 00 00 00 0
  cmd=0x2000C t=B6 rc=0x3 data=00 00 00 00 00 00 00 00 00 00 00 00 00 0
  cmd=0x2000C t=B8 rc=0x3 data=00 00 00 00 00 00 00 00 00 00 00 00 00 0
  cmd=0x2000C t=BA rc=0x3 data=00 00 00 00 00 00 00 00 00 00 00 00 00 0
  cmd=0x2000C t=BC rc=0x3 data=00 00 00 00 00 00 00 00 00 00 00 00 00 0
  cmd=0x2000C t=BE rc=0x3 data=00 00 00 00 00 00 00 00 00 00 00 00 00 0
  cmd=0x2000C t=C0 rc=0x3 data=00 00 00 00 00 00 00 00 00 00 00 00 00 0
  cmd=0x2000C t=C2 rc=0x3 data=00 00 00 00 00 00 00 00 00 00 00 00 00 0
  cmd=0x2000C t=C4 rc=0x3 data=00 00 00 00 00 00 00 00 00 00 00 00 00 0
  cmd=0x2000C t=C6 rc=0x3 data=00 00 00 00 00 00 00 00 00 00 00 00 00 0
  cmd=0x2000C t=C8 rc=0x3 data=00 00 00 00 00 00 00 00 00 00 00 00 00 0
  cmd=0x2000D t=00 rc=0x3 data=00 00 00 00 00 00 00 00 00 00 00 00 00 0
  cmd=0x2000D t=02 rc=0x3 data=00 00 00 00 00 00 00 00 00 00 00 00 00 0
  cmd=0x2000D t=04 rc=0x3 data=00 00 00 00 00 00 00 00 00 00 00 00 00 0
  cmd=0x2000D t=06 rc=0x3 data=00 00 00 00 00 00 00 00 00 00 00 00 00 0
  cmd=0x2000D t=08 rc=0x3 data=00 00 00 00 00 00 00 00 00 00 00 00 00 0
  cmd=0x2000D t=0A rc=0x3 data=00 00 00 00 00 00 00 00 00 00 00 00 00 0
  cmd=0x2000D t=0C rc=0x3 data=00 00 00 00 00 00 00 00 00 00 00 00 00 0
  cmd=0x2000D t=0E rc=0x3 data=00 00 00 00 00 00 00 00 00 00 00 00 00 0
  cmd=0x2000D t=10 rc=0x3 data=00 00 00 00 00 00 00 00 00 00 00 00 00 0
  cmd=0x2000D t=12 rc=0x3 data=00 00 00 00 00 00 00 00 00 00 00 00 00 0
  cmd=0x2000D t=14 rc=0x3 data=00 00 00 00 00 00 00 00 00 00 00 00 00 0
  cmd=0x2000D t=16 rc=0x3 data=00 00 00 00 00 00 00 00 00 00 00 00 00 0
  cmd=0x2000D t=18 rc=0x3 data=00 00 00 00 00 00 00 00 00 00 00 00 00 0
  cmd=0x2000D t=1A rc=0x3 data=00 00 00 00 00 00 00 00 00 00 00 00 00 0
  cmd=0x2000D t=1C rc=0x3 data=00 00 00 00 00 00 00 00 00 00 00 00 00 0
  cmd=0x2000D t=1E rc=0x3 data=00 00 00 00 00 00 00 00 00 00 00 00 00 0
  cmd=0x2000D t=20 rc=0x3 data=00 00 00 00 00 00 00 00 00 00 00 00 00 0
  cmd=0x2000D t=22 rc=0x3 data=00 00 00 00 00 00 00 00 00 00 00 00 00 0
  cmd=0x2000D t=24 rc=0x3 data=00 00 00 00 00 00 00 00 00 00 00 00 00 0
  cmd=0x2000D t=26 rc=0x3 data=00 00 00 00 00 00 00 00 00 00 00 00 00 0
  cmd=0x2000D t=28 rc=0x3 data=00 00 00 00 00 00 00 00 00 00 00 00 00 0
  cmd=0x2000D t=2A rc=0x3 data=00 00 00 00 00 00 00 00 00 00 00 00 00 0
  cmd=0x2000D t=2C rc=0x3 data=00 00 00 00 00 00 00 00 00 00 00 00 00 0
  cmd=0x2000D t=2E rc=0x3 data=00 00 00 00 00 00 00 00 00 00 00 00 00 0
  cmd=0x2000D t=30 rc=0x3 data=00 00 00 00 00 00 00 00 00 00 00 00 00 0
  cmd=0x2000D t=32 rc=0x3 data=00 00 00 00 00 00 00 00 00 00 00 00 00 0
  cmd=0x2000D t=34 rc=0x3 data=00 00 00 00 00 00 00 00 00 00 00 00 00 0
  cmd=0x2000D t=36 rc=0x3 data=00 00 00 00 00 00 00 00 00 00 00 00 00 0
  cmd=0x2000D t=38 rc=0x3 data=00 00 00 00 00 00 00 00 00 00 00 00 00 0
  cmd=0x2000D t=3A rc=0x3 data=00 00 00 00 00 00 00 00 00 00 00 00 00 0
  cmd=0x2000D t=3C rc=0x3 data=00 00 00 00 00 00 00 00 00 00 00 00 00 0
  cmd=0x2000D t=3E rc=0x3 data=00 00 00 00 00 00 00 00 00 00 00 00 00 0
  cmd=0x2000D t=40 rc=0x3 data=00 00 00 00 00 00 00 00 00 00 00 00 00 0
  cmd=0x2000D t=42 rc=0x3 data=00 00 00 00 00 00 00 00 00 00 00 00 00 0
  cmd=0x2000D t=44 rc=0x3 data=00 00 00 00 00 00 00 00 00 00 00 00 00 0
  cmd=0x2000D t=46 rc=0x3 data=00 00 00 00 00 00 00 00 00 00 00 00 00 0
  cmd=0x2000D t=48 rc=0x3 data=00 00 00 00 00 00 00 00 00 00 00 00 00 0
  cmd=0x2000D t=4A rc=0x3 data=00 00 00 00 00 00 00 00 00 00 00 00 00 0
  cmd=0x2000D t=4C rc=0x3 data=00 00 00 00 00 00 00 00 00 00 00 00 00 0
  cmd=0x2000D t=4E rc=0x3 data=00 00 00 00 00 00 00 00 00 00 00 00 00 0
  cmd=0x2000D t=50 rc=0x3 data=00 00 00 00 00 00 00 00 00 00 00 00 00 0
  cmd=0x2000D t=52 rc=0x3 data=00 00 00 00 00 00 00 00 00 00 00 00 00 0
  cmd=0x2000D t=54 rc=0x3 data=00 00 00 00 00 00 00 00 00 00 00 00 00 0
  cmd=0x2000D t=56 rc=0x3 data=00 00 00 00 00 00 00 00 00 00 00 00 00 0
  cmd=0x2000D t=58 rc=0x3 data=00 00 00 00 00 00 00 00 00 00 00 00 00 0
  cmd=0x2000D t=5A rc=0x3 data=00 00 00 00 00 00 00 00 00 00 00 00 00 0
  cmd=0x2000D t=5C rc=0x3 data=00 00 00 00 00 00 00 00 00 00 00 00 00 0
  cmd=0x2000D t=5E rc=0x3 data=00 00 00 00 00 00 00 00 00 00 00 00 00 0
  cmd=0x2000D t=60 rc=0x3 data=00 00 00 00 00 00 00 00 00 00 00 00 00 0
  cmd=0x2000D t=62 rc=0x3 data=00 00 00 00 00 00 00 00 00 00 00 00 00 0
  cmd=0x2000D t=64 rc=0x3 data=00 00 00 00 00 00 00 00 00 00 00 00 00 0
  cmd=0x2000D t=66 rc=0x3 data=00 00 00 00 00 00 00 00 00 00 00 00 00 0
  cmd=0x2000D t=68 rc=0x3 data=00 00 00 00 00 00 00 00 00 00 00 00 00 0
  cmd=0x2000D t=6A rc=0x3 data=00 00 00 00 00 00 00 00 00 00 00 00 00 0
  cmd=0x2000D t=6C rc=0x3 data=00 00 00 00 00 00 00 00 00 00 00 00 00 0
  cmd=0x2000D t=6E rc=0x3 data=00 00 00 00 00 00 00 00 00 00 00 00 00 0
  cmd=0x2000D t=70 rc=0x3 data=00 00 00 00 00 00 00 00 00 00 00 00 00 0
  cmd=0x2000D t=72 rc=0x3 data=00 00 00 00 00 00 00 00 00 00 00 00 00 0
  cmd=0x2000D t=74 rc=0x3 data=00 00 00 00 00 00 00 00 00 00 00 00 00 0
  cmd=0x2000D t=76 rc=0x3 data=00 00 00 00 00 00 00 00 00 00 00 00 00 0
  cmd=0x2000D t=78 rc=0x3 data=00 00 00 00 00 00 00 00 00 00 00 00 00 0
  cmd=0x2000D t=7A rc=0x3 data=00 00 00 00 00 00 00 00 00 00 00 00 00 0
  cmd=0x2000D t=7C rc=0x3 data=00 00 00 00 00 00 00 00 00 00 00 00 00 0
  cmd=0x2000D t=7E rc=0x3 data=00 00 00 00 00 00 00 00 00 00 00 00 00 0
  cmd=0x2000D t=80 rc=0x3 data=00 00 00 00 00 00 00 00 00 00 00 00 00 0
  cmd=0x2000D t=82 rc=0x3 data=00 00 00 00 00 00 00 00 00 00 00 00 00 0
  cmd=0x2000D t=84 rc=0x3 data=00 00 00 00 00 00 00 00 00 00 00 00 00 0
  cmd=0x2000D t=86 rc=0x3 data=00 00 00 00 00 00 00 00 00 00 00 00 00 0
  cmd=0x2000D t=88 rc=0x3 data=00 00 00 00 00 00 00 00 00 00 00 00 00 0
  cmd=0x2000D t=8A rc=0x3 data=00 00 00 00 00 00 00 00 00 00 00 00 00 0
  cmd=0x2000D t=8C rc=0x3 data=00 00 00 00 00 00 00 00 00 00 00 00 00 0
  cmd=0x2000D t=8E rc=0x3 data=00 00 00 00 00 00 00 00 00 00 00 00 00 0
  cmd=0x2000D t=90 rc=0x3 data=00 00 00 00 00 00 00 00 00 00 00 00 00 0
  cmd=0x2000D t=92 rc=0x3 data=00 00 00 00 00 00 00 00 00 00 00 00 00 0
  cmd=0x2000D t=94 rc=0x3 data=00 00 00 00 00 00 00 00 00 00 00 00 00 0
  cmd=0x2000D t=96 rc=0x3 data=00 00 00 00 00 00 00 00 00 00 00 00 00 0
  cmd=0x2000D t=98 rc=0x3 data=00 00 00 00 00 00 00 00 00 00 00 00 00 0
  cmd=0x2000D t=9A rc=0x3 data=00 00 00 00 00 00 00 00 00 00 00 00 00 0
  cmd=0x2000D t=9C rc=0x3 data=00 00 00 00 00 00 00 00 00 00 00 00 00 0
  cmd=0x2000D t=9E rc=0x3 data=00 00 00 00 00 00 00 00 00 00 00 00 00 0
  cmd=0x2000D t=A0 rc=0x3 data=00 00 00 00 00 00 00 00 00 00 00 00 00 0
  cmd=0x2000D t=A2 rc=0x3 data=00 00 00 00 00 00 00 00 00 00 00 00 00 0
  cmd=0x2000D t=A4 rc=0x3 data=00 00 00 00 00 00 00 00 00 00 00 00 00 0
  cmd=0x2000D t=A6 rc=0x3 data=00 00 00 00 00 00 00 00 00 00 00 00 00 0
  cmd=0x2000D t=A8 rc=0x3 data=00 00 00 00 00 00 00 00 00 00 00 00 00 0
  cmd=0x2000D t=AA rc=0x3 data=00 00 00 00 00 00 00 00 00 00 00 00 00 0
  cmd=0x2000D t=AC rc=0x3 data=00 00 00 00 00 00 00 00 00 00 00 00 00 0
  cmd=0x2000D t=AE rc=0x3 data=00 00 00 00 00 00 00 00 00 00 00 00 00 0
  cmd=0x2000D t=B0 rc=0x3 data=00 00 00 00 00 00 00 00 00 00 00 00 00 0
  cmd=0x2000D t=B2 rc=0x3 data=00 00 00 00 00 00 00 00 00 00 00 00 00 0
  cmd=0x2000D t=B4 rc=0x3 data=00 00 00 00 00 00 00 00 00 00 00 00 00 0
  cmd=0x2000D t=B6 rc=0x3 data=00 00 00 00 00 00 00 00 00 00 00 00 00 0
  cmd=0x2000D t=B8 rc=0x3 data=00 00 00 00 00 00 00 00 00 00 00 00 00 0
  cmd=0x2000D t=BA rc=0x3 data=00 00 00 00 00 00 00 00 00 00 00 00 00 0
  cmd=0x2000D t=BC rc=0x3 data=00 00 00 00 00 00 00 00 00 00 00 00 00 0
  cmd=0x2000D t=BE rc=0x3 data=00 00 00 00 00 00 00 00 00 00 00 00 00 0
  cmd=0x2000D t=C0 rc=0x3 data=00 00 00 00 00 00 00 00 00 00 00 00 00 0
  cmd=0x2000D t=C2 rc=0x3 data=00 00 00 00 00 00 00 00 00 00 00 00 00 0
  cmd=0x2000D t=C4 rc=0x3 data=00 00 00 00 00 00 00 00 00 00 00 00 00 0
  cmd=0x2000D t=C6 rc=0x3 data=00 00 00 00 00 00 00 00 00 00 00 00 00 0
  cmd=0x2000D t=C8 rc=0x3 data=00 00 00 00 00 00 00 00 00 00 00 00 00 0
  cmd=0x2000E t=00 rc=0x3 data=00 00 00 00 00 00 00 00 00 00 00 00 00 0
  cmd=0x2000E t=02 rc=0x3 data=00 00 00 00 00 00 00 00 00 00 00 00 00 0
  cmd=0x2000E t=04 rc=0x3 data=00 00 00 00 00 00 00 00 00 00 00 00 00 0
  cmd=0x2000E t=06 rc=0x3 data=00 00 00 00 00 00 00 00 00 00 00 00 00 0
  cmd=0x2000E t=08 rc=0x3 data=00 00 00 00 00 00 00 00 00 00 00 00 00 0
  cmd=0x2000E t=0A rc=0x3 data=00 00 00 00 00 00 00 00 00 00 00 00 00 0
  cmd=0x2000E t=0C rc=0x3 data=00 00 00 00 00 00 00 00 00 00 00 00 00 0
  cmd=0x2000E t=0E rc=0x3 data=00 00 00 00 00 00 00 00 00 00 00 00 00 0
  cmd=0x2000E t=10 rc=0x3 data=00 00 00 00 00 00 00 00 00 00 00 00 00 0
  cmd=0x2000E t=12 rc=0x3 data=00 00 00 00 00 00 00 00 00 00 00 00 00 0
  cmd=0x2000E t=14 rc=0x3 data=00 00 00 00 00 00 00 00 00 00 00 00 00 0
  cmd=0x2000E t=16 rc=0x3 data=00 00 00 00 00 00 00 00 00 00 00 00 00 0
  cmd=0x2000E t=18 rc=0x3 data=00 00 00 00 00 00 00 00 00 00 00 00 00 0
  cmd=0x2000E t=1A rc=0x3 data=00 00 00 00 00 00 00 00 00 00 00 00 00 0
  cmd=0x2000E t=1C rc=0x3 data=00 00 00 00 00 00 00 00 00 00 00 00 00 0
  cmd=0x2000E t=1E rc=0x3 data=00 00 00 00 00 00 00 00 00 00 00 00 00 0
  cmd=0x2000E t=20 rc=0x3 data=00 00 00 00 00 00 00 00 00 00 00 00 00 0
  cmd=0x2000E t=22 rc=0x3 data=00 00 00 00 00 00 00 00 00 00 00 00 00 0
  cmd=0x2000E t=24 rc=0x3 data=00 00 00 00 00 00 00 00 00 00 00 00 00 0
  cmd=0x2000E t=26 rc=0x3 data=00 00 00 00 00 00 00 00 00 00 00 00 00 0
  cmd=0x2000E t=28 rc=0x3 data=00 00 00 00 00 00 00 00 00 00 00 00 00 0
  cmd=0x2000E t=2A rc=0x3 data=00 00 00 00 00 00 00 00 00 00 00 00 00 0
  cmd=0x2000E t=2C rc=0x3 data=00 00 00 00 00 00 00 00 00 00 00 00 00 0
  cmd=0x2000E t=2E rc=0x3 data=00 00 00 00 00 00 00 00 00 00 00 00 00 0
  cmd=0x2000E t=30 rc=0x3 data=00 00 00 00 00 00 00 00 00 00 00 00 00 0
  cmd=0x2000E t=32 rc=0x3 data=00 00 00 00 00 00 00 00 00 00 00 00 00 0
  cmd=0x2000E t=34 rc=0x3 data=00 00 00 00 00 00 00 00 00 00 00 00 00 0
  cmd=0x2000E t=36 rc=0x3 data=00 00 00 00 00 00 00 00 00 00 00 00 00 0
  cmd=0x2000E t=38 rc=0x3 data=00 00 00 00 00 00 00 00 00 00 00 00 00 0
  cmd=0x2000E t=3A rc=0x3 data=00 00 00 00 00 00 00 00 00 00 00 00 00 0
  cmd=0x2000E t=3C rc=0x3 data=00 00 00 00 00 00 00 00 00 00 00 00 00 0
  cmd=0x2000E t=3E rc=0x3 data=00 00 00 00 00 00 00 00 00 00 00 00 00 0
  cmd=0x2000E t=40 rc=0x3 data=00 00 00 00 00 00 00 00 00 00 00 00 00 0
  cmd=0x2000E t=42 rc=0x3 data=00 00 00 00 00 00 00 00 00 00 00 00 00 0
  cmd=0x2000E t=44 rc=0x3 data=00 00 00 00 00 00 00 00 00 00 00 00 00 0
  cmd=0x2000E t=46 rc=0x3 data=00 00 00 00 00 00 00 00 00 00 00 00 00 0
  cmd=0x2000E t=48 rc=0x3 data=00 00 00 00 00 00 00 00 00 00 00 00 00 0
  cmd=0x2000E t=4A rc=0x3 data=00 00 00 00 00 00 00 00 00 00 00 00 00 0
  cmd=0x2000E t=4C rc=0x3 data=00 00 00 00 00 00 00 00 00 00 00 00 00 0
  cmd=0x2000E t=4E rc=0x3 data=00 00 00 00 00 00 00 00 00 00 00 00 00 0
  cmd=0x2000E t=50 rc=0x3 data=00 00 00 00 00 00 00 00 00 00 00 00 00 0
  cmd=0x2000E t=52 rc=0x3 data=00 00 00 00 00 00 00 00 00 00 00 00 00 0
  cmd=0x2000E t=54 rc=0x3 data=00 00 00 00 00 00 00 00 00 00 00 00 00 0
  cmd=0x2000E t=56 rc=0x3 data=00 00 00 00 00 00 00 00 00 00 00 00 00 0
  cmd=0x2000E t=58 rc=0x3 data=00 00 00 00 00 00 00 00 00 00 00 00 00 0
  cmd=0x2000E t=5A rc=0x3 data=00 00 00 00 00 00 00 00 00 00 00 00 00 0
  cmd=0x2000E t=5C rc=0x3 data=00 00 00 00 00 00 00 00 00 00 00 00 00 0
  cmd=0x2000E t=5E rc=0x3 data=00 00 00 00 00 00 00 00 00 00 00 00 00 0
  cmd=0x2000E t=60 rc=0x3 data=00 00 00 00 00 00 00 00 00 00 00 00 00 0
  cmd=0x2000E t=62 rc=0x3 data=00 00 00 00 00 00 00 00 00 00 00 00 00 0
  cmd=0x2000E t=64 rc=0x3 data=00 00 00 00 00 00 00 00 00 00 00 00 00 0
  cmd=0x2000E t=66 rc=0x3 data=00 00 00 00 00 00 00 00 00 00 00 00 00 0
  cmd=0x2000E t=68 rc=0x3 data=00 00 00 00 00 00 00 00 00 00 00 00 00 0
  cmd=0x2000E t=6A rc=0x3 data=00 00 00 00 00 00 00 00 00 00 00 00 00 0
  cmd=0x2000E t=6C rc=0x3 data=00 00 00 00 00 00 00 00 00 00 00 00 00 0
  cmd=0x2000E t=6E rc=0x3 data=00 00 00 00 00 00 00 00 00 00 00 00 00 0
  cmd=0x2000E t=70 rc=0x3 data=00 00 00 00 00 00 00 00 00 00 00 00 00 0
  cmd=0x2000E t=72 rc=0x3 data=00 00 00 00 00 00 00 00 00 00 00 00 00 0
  cmd=0x2000E t=74 rc=0x3 data=00 00 00 00 00 00 00 00 00 00 00 00 00 0
  cmd=0x2000E t=76 rc=0x3 data=00 00 00 00 00 00 00 00 00 00 00 00 00 0
  cmd=0x2000E t=78 rc=0x3 data=00 00 00 00 00 00 00 00 00 00 00 00 00 0
  cmd=0x2000E t=7A rc=0x3 data=00 00 00 00 00 00 00 00 00 00 00 00 00 0
  cmd=0x2000E t=7C rc=0x3 data=00 00 00 00 00 00 00 00 00 00 00 00 00 0
  cmd=0x2000E t=7E rc=0x3 data=00 00 00 00 00 00 00 00 00 00 00 00 00 0
  cmd=0x2000E t=80 rc=0x3 data=00 00 00 00 00 00 00 00 00 00 00 00 00 0
  cmd=0x2000E t=82 rc=0x3 data=00 00 00 00 00 00 00 00 00 00 00 00 00 0
  cmd=0x2000E t=84 rc=0x3 data=00 00 00 00 00 00 00 00 00 00 00 00 00 0
  cmd=0x2000E t=86 rc=0x3 data=00 00 00 00 00 00 00 00 00 00 00 00 00 0
  cmd=0x2000E t=88 rc=0x3 data=00 00 00 00 00 00 00 00 00 00 00 00 00 0
  cmd=0x2000E t=8A rc=0x3 data=00 00 00 00 00 00 00 00 00 00 00 00 00 0
  cmd=0x2000E t=8C rc=0x3 data=00 00 00 00 00 00 00 00 00 00 00 00 00 0
  cmd=0x2000E t=8E rc=0x3 data=00 00 00 00 00 00 00 00 00 00 00 00 00 0
  cmd=0x2000E t=90 rc=0x3 data=00 00 00 00 00 00 00 00 00 00 00 00 00 0
  cmd=0x2000E t=92 rc=0x3 data=00 00 00 00 00 00 00 00 00 00 00 00 00 0
  cmd=0x2000E t=94 rc=0x3 data=00 00 00 00 00 00 00 00 00 00 00 00 00 0
  cmd=0x2000E t=96 rc=0x3 data=00 00 00 00 00 00 00 00 00 00 00 00 00 0
  cmd=0x2000E t=98 rc=0x3 data=00 00 00 00 00 00 00 00 00 00 00 00 00 0
  cmd=0x2000E t=9A rc=0x3 data=00 00 00 00 00 00 00 00 00 00 00 00 00 0
  cmd=0x2000E t=9C rc=0x3 data=00 00 00 00 00 00 00 00 00 00 00 00 00 0
  cmd=0x2000E t=9E rc=0x3 data=00 00 00 00 00 00 00 00 00 00 00 00 00 0
  cmd=0x2000E t=A0 rc=0x3 data=00 00 00 00 00 00 00 00 00 00 00 00 00 0
  cmd=0x2000E t=A2 rc=0x3 data=00 00 00 00 00 00 00 00 00 00 00 00 00 0
  cmd=0x2000E t=A4 rc=0x3 data=00 00 00 00 00 00 00 00 00 00 00 00 00 0
  cmd=0x2000E t=A6 rc=0x3 data=00 00 00 00 00 00 00 00 00 00 00 00 00 0
  cmd=0x2000E t=A8 rc=0x3 data=00 00 00 00 00 00 00 00 00 00 00 00 00 0
  cmd=0x2000E t=AA rc=0x3 data=00 00 00 00 00 00 00 00 00 00 00 00 00 0
  cmd=0x2000E t=AC rc=0x3 data=00 00 00 00 00 00 00 00 00 00 00 00 00 0
  cmd=0x2000E t=AE rc=0x3 data=00 00 00 00 00 00 00 00 00 00 00 00 00 0
  cmd=0x2000E t=B0 rc=0x3 data=00 00 00 00 00 00 00 00 00 00 00 00 00 0
  cmd=0x2000E t=B2 rc=0x3 data=00 00 00 00 00 00 00 00 00 00 00 00 00 0
  cmd=0x2000E t=B4 rc=0x3 data=00 00 00 00 00 00 00 00 00 00 00 00 00 0
  cmd=0x2000E t=B6 rc=0x3 data=00 00 00 00 00 00 00 00 00 00 00 00 00 0
  cmd=0x2000E t=B8 rc=0x3 data=00 00 00 00 00 00 00 00 00 00 00 00 00 0
  cmd=0x2000E t=BA rc=0x3 data=00 00 00 00 00 00 00 00 00 00 00 00 00 0
  cmd=0x2000E t=BC rc=0x3 data=00 00 00 00 00 00 00 00 00 00 00 00 00 0
  cmd=0x2000E t=BE rc=0x3 data=00 00 00 00 00 00 00 00 00 00 00 00 00 0
  cmd=0x2000E t=C0 rc=0x3 data=00 00 00 00 00 00 00 00 00 00 00 00 00 0
  cmd=0x2000E t=C2 rc=0x3 data=00 00 00 00 00 00 00 00 00 00 00 00 00 0
  cmd=0x2000E t=C4 rc=0x3 data=00 00 00 00 00 00 00 00 00 00 00 00 00 0
  cmd=0x2000E t=C6 rc=0x3 data=00 00 00 00 00 00 00 00 00 00 00 00 00 0
  cmd=0x2000E t=C8 rc=0x3 data=00 00 00 00 00 00 00 00 00 00 00 00 00 0
  cmd=0x2000F t=00 rc=0x3 data=00 00 00 00 00 00 00 00 00 00 00 00 00 0
  cmd=0x2000F t=02 rc=0x3 data=00 00 00 00 00 00 00 00 00 00 00 00 00 0
  cmd=0x2000F t=04 rc=0x3 data=00 00 00 00 00 00 00 00 00 00 00 00 00 0
  cmd=0x2000F t=06 rc=0x3 data=00 00 00 00 00 00 00 00 00 00 00 00 00 0
  cmd=0x2000F t=08 rc=0x3 data=00 00 00 00 00 00 00 00 00 00 00 00 00 0
  cmd=0x2000F t=0A rc=0x3 data=00 00 00 00 00 00 00 00 00 00 00 00 00 0
  cmd=0x2000F t=0C rc=0x3 data=00 00 00 00 00 00 00 00 00 00 00 00 00 0
  cmd=0x2000F t=0E rc=0x3 data=00 00 00 00 00 00 00 00 00 00 00 00 00 0
  cmd=0x2000F t=10 rc=0x3 data=00 00 00 00 00 00 00 00 00 00 00 00 00 0
  cmd=0x2000F t=12 rc=0x3 data=00 00 00 00 00 00 00 00 00 00 00 00 00 0
  cmd=0x2000F t=14 rc=0x3 data=00 00 00 00 00 00 00 00 00 00 00 00 00 0
  cmd=0x2000F t=16 rc=0x3 data=00 00 00 00 00 00 00 00 00 00 00 00 00 0
  cmd=0x2000F t=18 rc=0x3 data=00 00 00 00 00 00 00 00 00 00 00 00 00 0
  cmd=0x2000F t=1A rc=0x3 data=00 00 00 00 00 00 00 00 00 00 00 00 00 0
  cmd=0x2000F t=1C rc=0x3 data=00 00 00 00 00 00 00 00 00 00 00 00 00 0
  cmd=0x2000F t=1E rc=0x3 data=00 00 00 00 00 00 00 00 00 00 00 00 00 0
  cmd=0x2000F t=20 rc=0x3 data=00 00 00 00 00 00 00 00 00 00 00 00 00 0
  cmd=0x2000F t=22 rc=0x3 data=00 00 00 00 00 00 00 00 00 00 00 00 00 0
  cmd=0x2000F t=24 rc=0x3 data=00 00 00 00 00 00 00 00 00 00 00 00 00 0
  cmd=0x2000F t=26 rc=0x3 data=00 00 00 00 00 00 00 00 00 00 00 00 00 0
  cmd=0x2000F t=28 rc=0x3 data=00 00 00 00 00 00 00 00 00 00 00 00 00 0
  cmd=0x2000F t=2A rc=0x3 data=00 00 00 00 00 00 00 00 00 00 00 00 00 0
  cmd=0x2000F t=2C rc=0x3 data=00 00 00 00 00 00 00 00 00 00 00 00 00 0
  cmd=0x2000F t=2E rc=0x3 data=00 00 00 00 00 00 00 00 00 00 00 00 00 0
  cmd=0x2000F t=30 rc=0x3 data=00 00 00 00 00 00 00 00 00 00 00 00 00 0
  cmd=0x2000F t=32 rc=0x3 data=00 00 00 00 00 00 00 00 00 00 00 00 00 0
  cmd=0x2000F t=34 rc=0x3 data=00 00 00 00 00 00 00 00 00 00 00 00 00 0
  cmd=0x2000F t=36 rc=0x3 data=00 00 00 00 00 00 00 00 00 00 00 00 00 0
  cmd=0x2000F t=38 rc=0x3 data=00 00 00 00 00 00 00 00 00 00 00 00 00 0
  cmd=0x2000F t=3A rc=0x3 data=00 00 00 00 00 00 00 00 00 00 00 00 00 0
  cmd=0x2000F t=3C rc=0x3 data=00 00 00 00 00 00 00 00 00 00 00 00 00 0
  cmd=0x2000F t=3E rc=0x3 data=00 00 00 00 00 00 00 00 00 00 00 00 00 0
  cmd=0x2000F t=40 rc=0x3 data=00 00 00 00 00 00 00 00 00 00 00 00 00 0
  cmd=0x2000F t=42 rc=0x3 data=00 00 00 00 00 00 00 00 00 00 00 00 00 0
  cmd=0x2000F t=44 rc=0x3 data=00 00 00 00 00 00 00 00 00 00 00 00 00 0
  cmd=0x2000F t=46 rc=0x3 data=00 00 00 00 00 00 00 00 00 00 00 00 00 0
  cmd=0x2000F t=48 rc=0x3 data=00 00 00 00 00 00 00 00 00 00 00 00 00 0
  cmd=0x2000F t=4A rc=0x3 data=00 00 00 00 00 00 00 00 00 00 00 00 00 0
  cmd=0x2000F t=4C rc=0x3 data=00 00 00 00 00 00 00 00 00 00 00 00 00 0
  cmd=0x2000F t=4E rc=0x3 data=00 00 00 00 00 00 00 00 00 00 00 00 00 0
  cmd=0x2000F t=50 rc=0x3 data=00 00 00 00 00 00 00 00 00 00 00 00 00 0
  cmd=0x2000F t=52 rc=0x3 data=00 00 00 00 00 00 00 00 00 00 00 00 00 0
  cmd=0x2000F t=54 rc=0x3 data=00 00 00 00 00 00 00 00 00 00 00 00 00 0
  cmd=0x2000F t=56 rc=0x3 data=00 00 00 00 00 00 00 00 00 00 00 00 00 0
  cmd=0x2000F t=58 rc=0x3 data=00 00 00 00 00 00 00 00 00 00 00 00 00 0
  cmd=0x2000F t=5A rc=0x3 data=00 00 00 00 00 00 00 00 00 00 00 00 00 0
  cmd=0x2000F t=5C rc=0x3 data=00 00 00 00 00 00 00 00 00 00 00 00 00 0
  cmd=0x2000F t=5E rc=0x3 data=00 00 00 00 00 00 00 00 00 00 00 00 00 0
  cmd=0x2000F t=60 rc=0x3 data=00 00 00 00 00 00 00 00 00 00 00 00 00 0
  cmd=0x2000F t=62 rc=0x3 data=00 00 00 00 00 00 00 00 00 00 00 00 00 0
  cmd=0x2000F t=64 rc=0x3 data=00 00 00 00 00 00 00 00 00 00 00 00 00 0
  cmd=0x2000F t=66 rc=0x3 data=00 00 00 00 00 00 00 00 00 00 00 00 00 0
  cmd=0x2000F t=68 rc=0x3 data=00 00 00 00 00 00 00 00 00 00 00 00 00 0
  cmd=0x2000F t=6A rc=0x3 data=00 00 00 00 00 00 00 00 00 00 00 00 00 0
  cmd=0x2000F t=6C rc=0x3 data=00 00 00 00 00 00 00 00 00 00 00 00 00 0
  cmd=0x2000F t=6E rc=0x3 data=00 00 00 00 00 00 00 00 00 00 00 00 00 0
  cmd=0x2000F t=70 rc=0x3 data=00 00 00 00 00 00 00 00 00 00 00 00 00 0
  cmd=0x2000F t=72 rc=0x3 data=00 00 00 00 00 00 00 00 00 00 00 00 00 0
  cmd=0x2000F t=74 rc=0x3 data=00 00 00 00 00 00 00 00 00 00 00 00 00 0
  cmd=0x2000F t=76 rc=0x3 data=00 00 00 00 00 00 00 00 00 00 00 00 00 0
  cmd=0x2000F t=78 rc=0x3 data=00 00 00 00 00 00 00 00 00 00 00 00 00 0
  cmd=0x2000F t=7A rc=0x3 data=00 00 00 00 00 00 00 00 00 00 00 00 00 0
  cmd=0x2000F t=7C rc=0x3 data=00 00 00 00 00 00 00 00 00 00 00 00 00 0
  cmd=0x2000F t=7E rc=0x3 data=00 00 00 00 00 00 00 00 00 00 00 00 00 0
  cmd=0x2000F t=80 rc=0x3 data=00 00 00 00 00 00 00 00 00 00 00 00 00 0
  cmd=0x2000F t=82 rc=0x3 data=00 00 00 00 00 00 00 00 00 00 00 00 00 0
  cmd=0x2000F t=84 rc=0x3 data=00 00 00 00 00 00 00 00 00 00 00 00 00 0
  cmd=0x2000F t=86 rc=0x3 data=00 00 00 00 00 00 00 00 00 00 00 00 00 0
  cmd=0x2000F t=88 rc=0x3 data=00 00 00 00 00 00 00 00 00 00 00 00 00 0
  cmd=0x2000F t=8A rc=0x3 data=00 00 00 00 00 00 00 00 00 00 00 00 00 0
  cmd=0x2000F t=8C rc=0x3 data=00 00 00 00 00 00 00 00 00 00 00 00 00 0
  cmd=0x2000F t=8E rc=0x3 data=00 00 00 00 00 00 00 00 00 00 00 00 00 0
  cmd=0x2000F t=90 rc=0x3 data=00 00 00 00 00 00 00 00 00 00 00 00 00 0
  cmd=0x2000F t=92 rc=0x3 data=00 00 00 00 00 00 00 00 00 00 00 00 00 0
  cmd=0x2000F t=94 rc=0x3 data=00 00 00 00 00 00 00 00 00 00 00 00 00 0
  cmd=0x2000F t=96 rc=0x3 data=00 00 00 00 00 00 00 00 00 00 00 00 00 0
  cmd=0x2000F t=98 rc=0x3 data=00 00 00 00 00 00 00 00 00 00 00 00 00 0
  cmd=0x2000F t=9A rc=0x3 data=00 00 00 00 00 00 00 00 00 00 00 00 00 0
  cmd=0x2000F t=9C rc=0x3 data=00 00 00 00 00 00 00 00 00 00 00 00 00 0
  cmd=0x2000F t=9E rc=0x3 data=00 00 00 00 00 00 00 00 00 00 00 00 00 0
  cmd=0x2000F t=A0 rc=0x3 data=00 00 00 00 00 00 00 00 00 00 00 00 00 0
  cmd=0x2000F t=A2 rc=0x3 data=00 00 00 00 00 00 00 00 00 00 00 00 00 0
  cmd=0x2000F t=A4 rc=0x3 data=00 00 00 00 00 00 00 00 00 00 00 00 00 0
  cmd=0x2000F t=A6 rc=0x3 data=00 00 00 00 00 00 00 00 00 00 00 00 00 0
  cmd=0x2000F t=A8 rc=0x3 data=00 00 00 00 00 00 00 00 00 00 00 00 00 0
  cmd=0x2000F t=AA rc=0x3 data=00 00 00 00 00 00 00 00 00 00 00 00 00 0
  cmd=0x2000F t=AC rc=0x3 data=00 00 00 00 00 00 00 00 00 00 00 00 00 0
  cmd=0x2000F t=AE rc=0x3 data=00 00 00 00 00 00 00 00 00 00 00 00 00 0
  cmd=0x2000F t=B0 rc=0x3 data=00 00 00 00 00 00 00 00 00 00 00 00 00 0
  cmd=0x2000F t=B2 rc=0x3 data=00 00 00 00 00 00 00 00 00 00 00 00 00 0
  cmd=0x2000F t=B4 rc=0x3 data=00 00 00 00 00 00 00 00 00 00 00 00 00 0
  cmd=0x2000F t=B6 rc=0x3 data=00 00 00 00 00 00 00 00 00 00 00 00 00 0
  cmd=0x2000F t=B8 rc=0x3 data=00 00 00 00 00 00 00 00 00 00 00 00 00 0
  cmd=0x2000F t=BA rc=0x3 data=00 00 00 00 00 00 00 00 00 00 00 00 00 0
  cmd=0x2000F t=BC rc=0x3 data=00 00 00 00 00 00 00 00 00 00 00 00 00 0
  cmd=0x2000F t=BE rc=0x3 data=00 00 00 00 00 00 00 00 00 00 00 00 00 0
  cmd=0x2000F t=C0 rc=0x3 data=00 00 00 00 00 00 00 00 00 00 00 00 00 0
  cmd=0x2000F t=C2 rc=0x3 data=00 00 00 00 00 00 00 00 00 00 00 00 00 0
  cmd=0x2000F t=C4 rc=0x3 data=00 00 00 00 00 00 00 00 00 00 00 00 00 0
  cmd=0x2000F t=C6 rc=0x3 data=00 00 00 00 00 00 00 00 00 00 00 00 00 0
  cmd=0x2000F t=C8 rc=0x3 data=00 00 00 00 00 00 00 00 00 00 00 00 00 0
  cmd=0x20010 t=00 rc=0x3 data=00 00 00 00 00 00 00 00 00 00 00 00 00 0
  cmd=0x20010 t=02 rc=0x3 data=00 00 00 00 00 00 00 00 00 00 00 00 00 0
  cmd=0x20010 t=04 rc=0x3 data=00 00 00 00 00 00 00 00 00 00 00 00 00 0
  cmd=0x20010 t=06 rc=0x3 data=00 00 00 00 00 00 00 00 00 00 00 00 00 0
  cmd=0x20010 t=08 rc=0x3 data=00 00 00 00 00 00 00 00 00 00 00 00 00 0
  cmd=0x20010 t=0A rc=0x3 data=00 00 00 00 00 00 00 00 00 00 00 00 00 0
  cmd=0x20010 t=0C rc=0x3 data=00 00 00 00 00 00 00 00 00 00 00 00 00 0
  cmd=0x20010 t=0E rc=0x3 data=00 00 00 00 00 00 00 00 00 00 00 00 00 0
  cmd=0x20010 t=10 rc=0x3 data=00 00 00 00 00 00 00 00 00 00 00 00 00 0
  cmd=0x20010 t=12 rc=0x3 data=00 00 00 00 00 00 00 00 00 00 00 00 00 0
  cmd=0x20010 t=14 rc=0x3 data=00 00 00 00 00 00 00 00 00 00 00 00 00 0
  cmd=0x20010 t=16 rc=0x3 data=00 00 00 00 00 00 00 00 00 00 00 00 00 0
  cmd=0x20010 t=18 rc=0x3 data=00 00 00 00 00 00 00 00 00 00 00 00 00 0
  cmd=0x20010 t=1A rc=0x3 data=00 00 00 00 00 00 00 00 00 00 00 00 00 0
  cmd=0x20010 t=1C rc=0x3 data=00 00 00 00 00 00 00 00 00 00 00 00 00 0
  cmd=0x20010 t=1E rc=0x3 data=00 00 00 00 00 00 00 00 00 00 00 00 00 0
  cmd=0x20010 t=20 rc=0x3 data=00 00 00 00 00 00 00 00 00 00 00 00 00 0
  cmd=0x20010 t=22 rc=0x3 data=00 00 00 00 00 00 00 00 00 00 00 00 00 0
  cmd=0x20010 t=24 rc=0x3 data=00 00 00 00 00 00 00 00 00 00 00 00 00 0
  cmd=0x20010 t=26 rc=0x3 data=00 00 00 00 00 00 00 00 00 00 00 00 00 0
  cmd=0x20010 t=28 rc=0x3 data=00 00 00 00 00 00 00 00 00 00 00 00 00 0
  cmd=0x20010 t=2A rc=0x3 data=00 00 00 00 00 00 00 00 00 00 00 00 00 0
  cmd=0x20010 t=2C rc=0x3 data=00 00 00 00 00 00 00 00 00 00 00 00 00 0
  cmd=0x20010 t=2E rc=0x3 data=00 00 00 00 00 00 00 00 00 00 00 00 00 0
  cmd=0x20010 t=30 rc=0x3 data=00 00 00 00 00 00 00 00 00 00 00 00 00 0
  cmd=0x20010 t=32 rc=0x3 data=00 00 00 00 00 00 00 00 00 00 00 00 00 0
  cmd=0x20010 t=34 rc=0x3 data=00 00 00 00 00 00 00 00 00 00 00 00 00 0
  cmd=0x20010 t=36 rc=0x3 data=00 00 00 00 00 00 00 00 00 00 00 00 00 0
  cmd=0x20010 t=38 rc=0x3 data=00 00 00 00 00 00 00 00 00 00 00 00 00 0
  cmd=0x20010 t=3A rc=0x3 data=00 00 00 00 00 00 00 00 00 00 00 00 00 0
  cmd=0x20010 t=3C rc=0x3 data=00 00 00 00 00 00 00 00 00 00 00 00 00 0
  cmd=0x20010 t=3E rc=0x3 data=00 00 00 00 00 00 00 00 00 00 00 00 00 0
  cmd=0x20010 t=40 rc=0x3 data=00 00 00 00 00 00 00 00 00 00 00 00 00 0
  cmd=0x20010 t=42 rc=0x3 data=00 00 00 00 00 00 00 00 00 00 00 00 00 0
  cmd=0x20010 t=44 rc=0x3 data=00 00 00 00 00 00 00 00 00 00 00 00 00 0
  cmd=0x20010 t=46 rc=0x3 data=00 00 00 00 00 00 00 00 00 00 00 00 00 0
  cmd=0x20010 t=48 rc=0x3 data=00 00 00 00 00 00 00 00 00 00 00 00 00 0
  cmd=0x20010 t=4A rc=0x3 data=00 00 00 00 00 00 00 00 00 00 00 00 00 0
  cmd=0x20010 t=4C rc=0x3 data=00 00 00 00 00 00 00 00 00 00 00 00 00 0
  cmd=0x20010 t=4E rc=0x3 data=00 00 00 00 00 00 00 00 00 00 00 00 00 0
  cmd=0x20010 t=50 rc=0x3 data=00 00 00 00 00 00 00 00 00 00 00 00 00 0
  cmd=0x20010 t=52 rc=0x3 data=00 00 00 00 00 00 00 00 00 00 00 00 00 0
  cmd=0x20010 t=54 rc=0x3 data=00 00 00 00 00 00 00 00 00 00 00 00 00 0
  cmd=0x20010 t=56 rc=0x3 data=00 00 00 00 00 00 00 00 00 00 00 00 00 0
  cmd=0x20010 t=58 rc=0x3 data=00 00 00 00 00 00 00 00 00 00 00 00 00 0
  cmd=0x20010 t=5A rc=0x3 data=00 00 00 00 00 00 00 00 00 00 00 00 00 0
  cmd=0x20010 t=5C rc=0x3 data=00 00 00 00 00 00 00 00 00 00 00 00 00 0
  cmd=0x20010 t=5E rc=0x3 data=00 00 00 00 00 00 00 00 00 00 00 00 00 0
  cmd=0x20010 t=60 rc=0x3 data=00 00 00 00 00 00 00 00 00 00 00 00 00 0
  cmd=0x20010 t=62 rc=0x3 data=00 00 00 00 00 00 00 00 00 00 00 00 00 0
  cmd=0x20010 t=64 rc=0x3 data=00 00 00 00 00 00 00 00 00 00 00 00 00 0
  cmd=0x20010 t=66 rc=0x3 data=00 00 00 00 00 00 00 00 00 00 00 00 00 0
  cmd=0x20010 t=68 rc=0x3 data=00 00 00 00 00 00 00 00 00 00 00 00 00 0
  cmd=0x20010 t=6A rc=0x3 data=00 00 00 00 00 00 00 00 00 00 00 00 00 0
  cmd=0x20010 t=6C rc=0x3 data=00 00 00 00 00 00 00 00 00 00 00 00 00 0
  cmd=0x20010 t=6E rc=0x3 data=00 00 00 00 00 00 00 00 00 00 00 00 00 0
  cmd=0x20010 t=70 rc=0x3 data=00 00 00 00 00 00 00 00 00 00 00 00 00 0
  cmd=0x20010 t=72 rc=0x3 data=00 00 00 00 00 00 00 00 00 00 00 00 00 0
  cmd=0x20010 t=74 rc=0x3 data=00 00 00 00 00 00 00 00 00 00 00 00 00 0
  cmd=0x20010 t=76 rc=0x3 data=00 00 00 00 00 00 00 00 00 00 00 00 00 0
  cmd=0x20010 t=78 rc=0x3 data=00 00 00 00 00 00 00 00 00 00 00 00 00 0
  cmd=0x20010 t=7A rc=0x3 data=00 00 00 00 00 00 00 00 00 00 00 00 00 0
  cmd=0x20010 t=7C rc=0x3 data=00 00 00 00 00 00 00 00 00 00 00 00 00 0
  cmd=0x20010 t=7E rc=0x3 data=00 00 00 00 00 00 00 00 00 00 00 00 00 0
  cmd=0x20010 t=80 rc=0x3 data=00 00 00 00 00 00 00 00 00 00 00 00 00 0
  cmd=0x20010 t=82 rc=0x3 data=00 00 00 00 00 00 00 00 00 00 00 00 00 0
  cmd=0x20010 t=84 rc=0x3 data=00 00 00 00 00 00 00 00 00 00 00 00 00 0
  cmd=0x20010 t=86 rc=0x3 data=00 00 00 00 00 00 00 00 00 00 00 00 00 0
  cmd=0x20010 t=88 rc=0x3 data=00 00 00 00 00 00 00 00 00 00 00 00 00 0
  cmd=0x20010 t=8A rc=0x3 data=00 00 00 00 00 00 00 00 00 00 00 00 00 0
  cmd=0x20010 t=8C rc=0x3 data=00 00 00 00 00 00 00 00 00 00 00 00 00 0
  cmd=0x20010 t=8E rc=0x3 data=00 00 00 00 00 00 00 00 00 00 00 00 00 0
  cmd=0x20010 t=90 rc=0x3 data=00 00 00 00 00 00 00 00 00 00 00 00 00 0
  cmd=0x20010 t=92 rc=0x3 data=00 00 00 00 00 00 00 00 00 00 00 00 00 0
  cmd=0x20010 t=94 rc=0x3 data=00 00 00 00 00 00 00 00 00 00 00 00 00 0
  cmd=0x20010 t=96 rc=0x3 data=00 00 00 00 00 00 00 00 00 00 00 00 00 0
  cmd=0x20010 t=98 rc=0x3 data=00 00 00 00 00 00 00 00 00 00 00 00 00 0
  cmd=0x20010 t=9A rc=0x3 data=00 00 00 00 00 00 00 00 00 00 00 00 00 0
  cmd=0x20010 t=9C rc=0x3 data=00 00 00 00 00 00 00 00 00 00 00 00 00 0
  cmd=0x20010 t=9E rc=0x3 data=00 00 00 00 00 00 00 00 00 00 00 00 00 0
  cmd=0x20010 t=A0 rc=0x3 data=00 00 00 00 00 00 00 00 00 00 00 00 00 0
  cmd=0x20010 t=A2 rc=0x3 data=00 00 00 00 00 00 00 00 00 00 00 00 00 0
  cmd=0x20010 t=A4 rc=0x3 data=00 00 00 00 00 00 00 00 00 00 00 00 00 0
  cmd=0x20010 t=A6 rc=0x3 data=00 00 00 00 00 00 00 00 00 00 00 00 00 0
  cmd=0x20010 t=A8 rc=0x3 data=00 00 00 00 00 00 00 00 00 00 00 00 00 0
  cmd=0x20010 t=AA rc=0x3 data=00 00 00 00 00 00 00 00 00 00 00 00 00 0
  cmd=0x20010 t=AC rc=0x3 data=00 00 00 00 00 00 00 00 00 00 00 00 00 0
  cmd=0x20010 t=AE rc=0x3 data=00 00 00 00 00 00 00 00 00 00 00 00 00 0
  cmd=0x20010 t=B0 rc=0x3 data=00 00 00 00 00 00 00 00 00 00 00 00 00 0
  cmd=0x20010 t=B2 rc=0x3 data=00 00 00 00 00 00 00 00 00 00 00 00 00 0
  cmd=0x20010 t=B4 rc=0x3 data=00 00 00 00 00 00 00 00 00 00 00 00 00 0
  cmd=0x20010 t=B6 rc=0x3 data=00 00 00 00 00 00 00 00 00 00 00 00 00 0
  cmd=0x20010 t=B8 rc=0x3 data=00 00 00 00 00 00 00 00 00 00 00 00 00 0
  cmd=0x20010 t=BA rc=0x3 data=00 00 00 00 00 00 00 00 00 00 00 00 00 0
  cmd=0x20010 t=BC rc=0x3 data=00 00 00 00 00 00 00 00 00 00 00 00 00 0
  cmd=0x20010 t=BE rc=0x3 data=00 00 00 00 00 00 00 00 00 00 00 00 00 0
  cmd=0x20010 t=C0 rc=0x3 data=00 00 00 00 00 00 00 00 00 00 00 00 00 0
  cmd=0x20010 t=C2 rc=0x3 data=00 00 00 00 00 00 00 00 00 00 00 00 00 0
  cmd=0x20010 t=C4 rc=0x3 data=00 00 00 00 00 00 00 00 00 00 00 00 00 0
  cmd=0x20010 t=C6 rc=0x3 data=00 00 00 00 00 00 00 00 00 00 00 00 00 0
  cmd=0x20010 t=C8 rc=0x3 data=00 00 00 00 00 00 00 00 00 00 00 00 00 0
  cmd=0x20011 t=00 rc=0x3 data=00 00 00 00 00 00 00 00 00 00 00 00 00 0
  cmd=0x20011 t=02 rc=0x3 data=00 00 00 00 00 00 00 00 00 00 00 00 00 0
  cmd=0x20011 t=04 rc=0x3 data=00 00 00 00 00 00 00 00 00 00 00 00 00 0
  cmd=0x20011 t=06 rc=0x3 data=00 00 00 00 00 00 00 00 00 00 00 00 00 0
  cmd=0x20011 t=08 rc=0x3 data=00 00 00 00 00 00 00 00 00 00 00 00 00 0
  cmd=0x20011 t=0A rc=0x3 data=00 00 00 00 00 00 00 00 00 00 00 00 00 0
  cmd=0x20011 t=0C rc=0x3 data=00 00 00 00 00 00 00 00 00 00 00 00 00 0
  cmd=0x20011 t=0E rc=0x3 data=00 00 00 00 00 00 00 00 00 00 00 00 00 0
  cmd=0x20011 t=10 rc=0x3 data=00 00 00 00 00 00 00 00 00 00 00 00 00 0
  cmd=0x20011 t=12 rc=0x3 data=00 00 00 00 00 00 00 00 00 00 00 00 00 0
  cmd=0x20011 t=14 rc=0x3 data=00 00 00 00 00 00 00 00 00 00 00 00 00 0
  cmd=0x20011 t=16 rc=0x3 data=00 00 00 00 00 00 00 00 00 00 00 00 00 0
  cmd=0x20011 t=18 rc=0x3 data=00 00 00 00 00 00 00 00 00 00 00 00 00 0
  cmd=0x20011 t=1A rc=0x3 data=00 00 00 00 00 00 00 00 00 00 00 00 00 0
  cmd=0x20011 t=1C rc=0x3 data=00 00 00 00 00 00 00 00 00 00 00 00 00 0
  cmd=0x20011 t=1E rc=0x3 data=00 00 00 00 00 00 00 00 00 00 00 00 00 0
  cmd=0x20011 t=20 rc=0x3 data=00 00 00 00 00 00 00 00 00 00 00 00 00 0
  cmd=0x20011 t=22 rc=0x3 data=00 00 00 00 00 00 00 00 00 00 00 00 00 0
  cmd=0x20011 t=24 rc=0x3 data=00 00 00 00 00 00 00 00 00 00 00 00 00 0
  cmd=0x20011 t=26 rc=0x3 data=00 00 00 00 00 00 00 00 00 00 00 00 00 0
  cmd=0x20011 t=28 rc=0x3 data=00 00 00 00 00 00 00 00 00 00 00 00 00 0
  cmd=0x20011 t=2A rc=0x3 data=00 00 00 00 00 00 00 00 00 00 00 00 00 0
  cmd=0x20011 t=2C rc=0x3 data=00 00 00 00 00 00 00 00 00 00 00 00 00 0
  cmd=0x20011 t=2E rc=0x3 data=00 00 00 00 00 00 00 00 00 00 00 00 00 0
  cmd=0x20011 t=30 rc=0x3 data=00 00 00 00 00 00 00 00 00 00 00 00 00 0
  cmd=0x20011 t=32 rc=0x3 data=00 00 00 00 00 00 00 00 00 00 00 00 00 0
  cmd=0x20011 t=34 rc=0x3 data=00 00 00 00 00 00 00 00 00 00 00 00 00 0
  cmd=0x20011 t=36 rc=0x3 data=00 00 00 00 00 00 00 00 00 00 00 00 00 0
  cmd=0x20011 t=38 rc=0x3 data=00 00 00 00 00 00 00 00 00 00 00 00 00 0
  cmd=0x20011 t=3A rc=0x3 data=00 00 00 00 00 00 00 00 00 00 00 00 00 0
  cmd=0x20011 t=3C rc=0x3 data=00 00 00 00 00 00 00 00 00 00 00 00 00 0
  cmd=0x20011 t=3E rc=0x3 data=00 00 00 00 00 00 00 00 00 00 00 00 00 0
  cmd=0x20011 t=40 rc=0x3 data=00 00 00 00 00 00 00 00 00 00 00 00 00 0
  cmd=0x20011 t=42 rc=0x3 data=00 00 00 00 00 00 00 00 00 00 00 00 00 0
  cmd=0x20011 t=44 rc=0x3 data=00 00 00 00 00 00 00 00 00 00 00 00 00 0
  cmd=0x20011 t=46 rc=0x3 data=00 00 00 00 00 00 00 00 00 00 00 00 00 0
  cmd=0x20011 t=48 rc=0x3 data=00 00 00 00 00 00 00 00 00 00 00 00 00 0
  cmd=0x20011 t=4A rc=0x3 data=00 00 00 00 00 00 00 00 00 00 00 00 00 0
  cmd=0x20011 t=4C rc=0x3 data=00 00 00 00 00 00 00 00 00 00 00 00 00 0
  cmd=0x20011 t=4E rc=0x3 data=00 00 00 00 00 00 00 00 00 00 00 00 00 0
  cmd=0x20011 t=50 rc=0x3 data=00 00 00 00 00 00 00 00 00 00 00 00 00 0
  cmd=0x20011 t=52 rc=0x3 data=00 00 00 00 00 00 00 00 00 00 00 00 00 0
  cmd=0x20011 t=54 rc=0x3 data=00 00 00 00 00 00 00 00 00 00 00 00 00 0
  cmd=0x20011 t=56 rc=0x3 data=00 00 00 00 00 00 00 00 00 00 00 00 00 0
  cmd=0x20011 t=58 rc=0x3 data=00 00 00 00 00 00 00 00 00 00 00 00 00 0
  cmd=0x20011 t=5A rc=0x3 data=00 00 00 00 00 00 00 00 00 00 00 00 00 0
  cmd=0x20011 t=5C rc=0x3 data=00 00 00 00 00 00 00 00 00 00 00 00 00 0
  cmd=0x20011 t=5E rc=0x3 data=00 00 00 00 00 00 00 00 00 00 00 00 00 0
  cmd=0x20011 t=60 rc=0x3 data=00 00 00 00 00 00 00 00 00 00 00 00 00 0
  cmd=0x20011 t=62 rc=0x3 data=00 00 00 00 00 00 00 00 00 00 00 00 00 0
  cmd=0x20011 t=64 rc=0x3 data=00 00 00 00 00 00 00 00 00 00 00 00 00 0
  cmd=0x20011 t=66 rc=0x3 data=00 00 00 00 00 00 00 00 00 00 00 00 00 0
  cmd=0x20011 t=68 rc=0x3 data=00 00 00 00 00 00 00 00 00 00 00 00 00 0
  cmd=0x20011 t=6A rc=0x3 data=00 00 00 00 00 00 00 00 00 00 00 00 00 0
  cmd=0x20011 t=6C rc=0x3 data=00 00 00 00 00 00 00 00 00 00 00 00 00 0
  cmd=0x20011 t=6E rc=0x3 data=00 00 00 00 00 00 00 00 00 00 00 00 00 0
  cmd=0x20011 t=70 rc=0x3 data=00 00 00 00 00 00 00 00 00 00 00 00 00 0
  cmd=0x20011 t=72 rc=0x3 data=00 00 00 00 00 00 00 00 00 00 00 00 00 0
  cmd=0x20011 t=74 rc=0x3 data=00 00 00 00 00 00 00 00 00 00 00 00 00 0
  cmd=0x20011 t=76 rc=0x3 data=00 00 00 00 00 00 00 00 00 00 00 00 00 0
  cmd=0x20011 t=78 rc=0x3 data=00 00 00 00 00 00 00 00 00 00 00 00 00 0
  cmd=0x20011 t=7A rc=0x3 data=00 00 00 00 00 00 00 00 00 00 00 00 00 0
  cmd=0x20011 t=7C rc=0x3 data=00 00 00 00 00 00 00 00 00 00 00 00 00 0
  cmd=0x20011 t=7E rc=0x3 data=00 00 00 00 00 00 00 00 00 00 00 00 00 0
  cmd=0x20011 t=80 rc=0x3 data=00 00 00 00 00 00 00 00 00 00 00 00 00 0
  cmd=0x20011 t=82 rc=0x3 data=00 00 00 00 00 00 00 00 00 00 00 00 00 0
  cmd=0x20011 t=84 rc=0x3 data=00 00 00 00 00 00 00 00 00 00 00 00 00 0
  cmd=0x20011 t=86 rc=0x3 data=00 00 00 00 00 00 00 00 00 00 00 00 00 0
  cmd=0x20011 t=88 rc=0x3 data=00 00 00 00 00 00 00 00 00 00 00 00 00 0
  cmd=0x20011 t=8A rc=0x3 data=00 00 00 00 00 00 00 00 00 00 00 00 00 0
  cmd=0x20011 t=8C rc=0x3 data=00 00 00 00 00 00 00 00 00 00 00 00 00 0
  cmd=0x20011 t=8E rc=0x3 data=00 00 00 00 00 00 00 00 00 00 00 00 00 0
  cmd=0x20011 t=90 rc=0x3 data=00 00 00 00 00 00 00 00 00 00 00 00 00 0
  cmd=0x20011 t=92 rc=0x3 data=00 00 00 00 00 00 00 00 00 00 00 00 00 0
  cmd=0x20011 t=94 rc=0x3 data=00 00 00 00 00 00 00 00 00 00 00 00 00 0
  cmd=0x20011 t=96 rc=0x3 data=00 00 00 00 00 00 00 00 00 00 00 00 00 0
  cmd=0x20011 t=98 rc=0x3 data=00 00 00 00 00 00 00 00 00 00 00 00 00 0
  cmd=0x20011 t=9A rc=0x3 data=00 00 00 00 00 00 00 00 00 00 00 00 00 0
  cmd=0x20011 t=9C rc=0x3 data=00 00 00 00 00 00 00 00 00 00 00 00 00 0
  cmd=0x20011 t=9E rc=0x3 data=00 00 00 00 00 00 00 00 00 00 00 00 00 0
  cmd=0x20011 t=A0 rc=0x3 data=00 00 00 00 00 00 00 00 00 00 00 00 00 0
  cmd=0x20011 t=A2 rc=0x3 data=00 00 00 00 00 00 00 00 00 00 00 00 00 0
  cmd=0x20011 t=A4 rc=0x3 data=00 00 00 00 00 00 00 00 00 00 00 00 00 0
  cmd=0x20011 t=A6 rc=0x3 data=00 00 00 00 00 00 00 00 00 00 00 00 00 0
  cmd=0x20011 t=A8 rc=0x3 data=00 00 00 00 00 00 00 00 00 00 00 00 00 0
  cmd=0x20011 t=AA rc=0x3 data=00 00 00 00 00 00 00 00 00 00 00 00 00 0
  cmd=0x20011 t=AC rc=0x3 data=00 00 00 00 00 00 00 00 00 00 00 00 00 0
  cmd=0x20011 t=AE rc=0x3 data=00 00 00 00 00 00 00 00 00 00 00 00 00 0
  cmd=0x20011 t=B0 rc=0x3 data=00 00 00 00 00 00 00 00 00 00 00 00 00 0
  cmd=0x20011 t=B2 rc=0x3 data=00 00 00 00 00 00 00 00 00 00 00 00 00 0
  cmd=0x20011 t=B4 rc=0x3 data=00 00 00 00 00 00 00 00 00 00 00 00 00 0
  cmd=0x20011 t=B6 rc=0x3 data=00 00 00 00 00 00 00 00 00 00 00 00 00 0
  cmd=0x20011 t=B8 rc=0x3 data=00 00 00 00 00 00 00 00 00 00 00 00 00 0
  cmd=0x20011 t=BA rc=0x3 data=00 00 00 00 00 00 00 00 00 00 00 00 00 0
  cmd=0x20011 t=BC rc=0x3 data=00 00 00 00 00 00 00 00 00 00 00 00 00 0
  cmd=0x20011 t=BE rc=0x3 data=00 00 00 00 00 00 00 00 00 00 00 00 00 0
  cmd=0x20011 t=C0 rc=0x3 data=00 00 00 00 00 00 00 00 00 00 00 00 00 0
  cmd=0x20011 t=C2 rc=0x3 data=00 00 00 00 00 00 00 00 00 00 00 00 00 0
  cmd=0x20011 t=C4 rc=0x3 data=00 00 00 00 00 00 00 00 00 00 00 00 00 0
  cmd=0x20011 t=C6 rc=0x3 data=00 00 00 00 00 00 00 00 00 00 00 00 00 0
  cmd=0x20011 t=C8 rc=0x3 data=00 00 00 00 00 00 00 00 00 00 00 00 00 0
  cmd=0x20012 t=00 rc=0x3 data=00 00 00 00 00 00 00 00 00 00 00 00 00 0
  cmd=0x20012 t=02 rc=0x3 data=00 00 00 00 00 00 00 00 00 00 00 00 00 0
  cmd=0x20012 t=04 rc=0x3 data=00 00 00 00 00 00 00 00 00 00 00 00 00 0
  cmd=0x20012 t=06 rc=0x3 data=00 00 00 00 00 00 00 00 00 00 00 00 00 0
  cmd=0x20012 t=08 rc=0x3 data=00 00 00 00 00 00 00 00 00 00 00 00 00 0
  cmd=0x20012 t=0A rc=0x3 data=00 00 00 00 00 00 00 00 00 00 00 00 00 0
  cmd=0x20012 t=0C rc=0x3 data=00 00 00 00 00 00 00 00 00 00 00 00 00 0
  cmd=0x20012 t=0E rc=0x3 data=00 00 00 00 00 00 00 00 00 00 00 00 00 0
  cmd=0x20012 t=10 rc=0x3 data=00 00 00 00 00 00 00 00 00 00 00 00 00 0
  cmd=0x20012 t=12 rc=0x3 data=00 00 00 00 00 00 00 00 00 00 00 00 00 0
  cmd=0x20012 t=14 rc=0x3 data=00 00 00 00 00 00 00 00 00 00 00 00 00 0
  cmd=0x20012 t=16 rc=0x3 data=00 00 00 00 00 00 00 00 00 00 00 00 00 0
  cmd=0x20012 t=18 rc=0x3 data=00 00 00 00 00 00 00 00 00 00 00 00 00 0
  cmd=0x20012 t=1A rc=0x3 data=00 00 00 00 00 00 00 00 00 00 00 00 00 0
  cmd=0x20012 t=1C rc=0x3 data=00 00 00 00 00 00 00 00 00 00 00 00 00 0
  cmd=0x20012 t=1E rc=0x3 data=00 00 00 00 00 00 00 00 00 00 00 00 00 0
  cmd=0x20012 t=20 rc=0x3 data=00 00 00 00 00 00 00 00 00 00 00 00 00 0
  cmd=0x20012 t=22 rc=0x3 data=00 00 00 00 00 00 00 00 00 00 00 00 00 0
  cmd=0x20012 t=24 rc=0x3 data=00 00 00 00 00 00 00 00 00 00 00 00 00 0
  cmd=0x20012 t=26 rc=0x3 data=00 00 00 00 00 00 00 00 00 00 00 00 00 0
  cmd=0x20012 t=28 rc=0x3 data=00 00 00 00 00 00 00 00 00 00 00 00 00 0
  cmd=0x20012 t=2A rc=0x3 data=00 00 00 00 00 00 00 00 00 00 00 00 00 0
  cmd=0x20012 t=2C rc=0x3 data=00 00 00 00 00 00 00 00 00 00 00 00 00 0
  cmd=0x20012 t=2E rc=0x3 data=00 00 00 00 00 00 00 00 00 00 00 00 00 0
  cmd=0x20012 t=30 rc=0x3 data=00 00 00 00 00 00 00 00 00 00 00 00 00 0
  cmd=0x20012 t=32 rc=0x3 data=00 00 00 00 00 00 00 00 00 00 00 00 00 0
  cmd=0x20012 t=34 rc=0x3 data=00 00 00 00 00 00 00 00 00 00 00 00 00 0
  cmd=0x20012 t=36 rc=0x3 data=00 00 00 00 00 00 00 00 00 00 00 00 00 0
  cmd=0x20012 t=38 rc=0x3 data=00 00 00 00 00 00 00 00 00 00 00 00 00 0
  cmd=0x20012 t=3A rc=0x3 data=00 00 00 00 00 00 00 00 00 00 00 00 00 0
  cmd=0x20012 t=3C rc=0x3 data=00 00 00 00 00 00 00 00 00 00 00 00 00 0
  cmd=0x20012 t=3E rc=0x3 data=00 00 00 00 00 00 00 00 00 00 00 00 00 0
  cmd=0x20012 t=40 rc=0x3 data=00 00 00 00 00 00 00 00 00 00 00 00 00 0
  cmd=0x20012 t=42 rc=0x3 data=00 00 00 00 00 00 00 00 00 00 00 00 00 0
  cmd=0x20012 t=44 rc=0x3 data=00 00 00 00 00 00 00 00 00 00 00 00 00 0
  cmd=0x20012 t=46 rc=0x3 data=00 00 00 00 00 00 00 00 00 00 00 00 00 0
  cmd=0x20012 t=48 rc=0x3 data=00 00 00 00 00 00 00 00 00 00 00 00 00 0
  cmd=0x20012 t=4A rc=0x3 data=00 00 00 00 00 00 00 00 00 00 00 00 00 0
  cmd=0x20012 t=4C rc=0x3 data=00 00 00 00 00 00 00 00 00 00 00 00 00 0
  cmd=0x20012 t=4E rc=0x3 data=00 00 00 00 00 00 00 00 00 00 00 00 00 0
  cmd=0x20012 t=50 rc=0x3 data=00 00 00 00 00 00 00 00 00 00 00 00 00 0
  cmd=0x20012 t=52 rc=0x3 data=00 00 00 00 00 00 00 00 00 00 00 00 00 0
  cmd=0x20012 t=54 rc=0x3 data=00 00 00 00 00 00 00 00 00 00 00 00 00 0
  cmd=0x20012 t=56 rc=0x3 data=00 00 00 00 00 00 00 00 00 00 00 00 00 0
  cmd=0x20012 t=58 rc=0x3 data=00 00 00 00 00 00 00 00 00 00 00 00 00 0
  cmd=0x20012 t=5A rc=0x3 data=00 00 00 00 00 00 00 00 00 00 00 00 00 0
  cmd=0x20012 t=5C rc=0x3 data=00 00 00 00 00 00 00 00 00 00 00 00 00 0
  cmd=0x20012 t=5E rc=0x3 data=00 00 00 00 00 00 00 00 00 00 00 00 00 0
  cmd=0x20012 t=60 rc=0x3 data=00 00 00 00 00 00 00 00 00 00 00 00 00 0
  cmd=0x20012 t=62 rc=0x3 data=00 00 00 00 00 00 00 00 00 00 00 00 00 0
  cmd=0x20012 t=64 rc=0x3 data=00 00 00 00 00 00 00 00 00 00 00 00 00 0
  cmd=0x20012 t=66 rc=0x3 data=00 00 00 00 00 00 00 00 00 00 00 00 00 0
  cmd=0x20012 t=68 rc=0x3 data=00 00 00 00 00 00 00 00 00 00 00 00 00 0
  cmd=0x20012 t=6A rc=0x3 data=00 00 00 00 00 00 00 00 00 00 00 00 00 0
  cmd=0x20012 t=6C rc=0x3 data=00 00 00 00 00 00 00 00 00 00 00 00 00 0
  cmd=0x20012 t=6E rc=0x3 data=00 00 00 00 00 00 00 00 00 00 00 00 00 0
  cmd=0x20012 t=70 rc=0x3 data=00 00 00 00 00 00 00 00 00 00 00 00 00 0
  cmd=0x20012 t=72 rc=0x3 data=00 00 00 00 00 00 00 00 00 00 00 00 00 0
  cmd=0x20012 t=74 rc=0x3 data=00 00 00 00 00 00 00 00 00 00 00 00 00 0
  cmd=0x20012 t=76 rc=0x3 data=00 00 00 00 00 00 00 00 00 00 00 00 00 0
  cmd=0x20012 t=78 rc=0x3 data=00 00 00 00 00 00 00 00 00 00 00 00 00 0
  cmd=0x20012 t=7A rc=0x3 data=00 00 00 00 00 00 00 00 00 00 00 00 00 0
  cmd=0x20012 t=7C rc=0x3 data=00 00 00 00 00 00 00 00 00 00 00 00 00 0
  cmd=0x20012 t=7E rc=0x3 data=00 00 00 00 00 00 00 00 00 00 00 00 00 0
  cmd=0x20012 t=80 rc=0x3 data=00 00 00 00 00 00 00 00 00 00 00 00 00 0
  cmd=0x20012 t=82 rc=0x3 data=00 00 00 00 00 00 00 00 00 00 00 00 00 0
  cmd=0x20012 t=84 rc=0x3 data=00 00 00 00 00 00 00 00 00 00 00 00 00 0
  cmd=0x20012 t=86 rc=0x3 data=00 00 00 00 00 00 00 00 00 00 00 00 00 0
  cmd=0x20012 t=88 rc=0x3 data=00 00 00 00 00 00 00 00 00 00 00 00 00 0
  cmd=0x20012 t=8A rc=0x3 data=00 00 00 00 00 00 00 00 00 00 00 00 00 0
  cmd=0x20012 t=8C rc=0x3 data=00 00 00 00 00 00 00 00 00 00 00 00 00 0
  cmd=0x20012 t=8E rc=0x3 data=00 00 00 00 00 00 00 00 00 00 00 00 00 0
  cmd=0x20012 t=90 rc=0x3 data=00 00 00 00 00 00 00 00 00 00 00 00 00 0
  cmd=0x20012 t=92 rc=0x3 data=00 00 00 00 00 00 00 00 00 00 00 00 00 0
  cmd=0x20012 t=94 rc=0x3 data=00 00 00 00 00 00 00 00 00 00 00 00 00 0
  cmd=0x20012 t=96 rc=0x3 data=00 00 00 00 00 00 00 00 00 00 00 00 00 0
  cmd=0x20012 t=98 rc=0x3 data=00 00 00 00 00 00 00 00 00 00 00 00 00 0
  cmd=0x20012 t=9A rc=0x3 data=00 00 00 00 00 00 00 00 00 00 00 00 00 0
  cmd=0x20012 t=9C rc=0x3 data=00 00 00 00 00 00 00 00 00 00 00 00 00 0
  cmd=0x20012 t=9E rc=0x3 data=00 00 00 00 00 00 00 00 00 00 00 00 00 0
  cmd=0x20012 t=A0 rc=0x3 data=00 00 00 00 00 00 00 00 00 00 00 00 00 0
  cmd=0x20012 t=A2 rc=0x3 data=00 00 00 00 00 00 00 00 00 00 00 00 00 0
  cmd=0x20012 t=A4 rc=0x3 data=00 00 00 00 00 00 00 00 00 00 00 00 00 0
  cmd=0x20012 t=A6 rc=0x3 data=00 00 00 00 00 00 00 00 00 00 00 00 00 0
  cmd=0x20012 t=A8 rc=0x3 data=00 00 00 00 00 00 00 00 00 00 00 00 00 0
  cmd=0x20012 t=AA rc=0x3 data=00 00 00 00 00 00 00 00 00 00 00 00 00 0
  cmd=0x20012 t=AC rc=0x3 data=00 00 00 00 00 00 00 00 00 00 00 00 00 0
  cmd=0x20012 t=AE rc=0x3 data=00 00 00 00 00 00 00 00 00 00 00 00 00 0
  cmd=0x20012 t=B0 rc=0x3 data=00 00 00 00 00 00 00 00 00 00 00 00 00 0
  cmd=0x20012 t=B2 rc=0x3 data=00 00 00 00 00 00 00 00 00 00 00 00 00 0
  cmd=0x20012 t=B4 rc=0x3 data=00 00 00 00 00 00 00 00 00 00 00 00 00 0
  cmd=0x20012 t=B6 rc=0x3 data=00 00 00 00 00 00 00 00 00 00 00 00 00 0
  cmd=0x20012 t=B8 rc=0x3 data=00 00 00 00 00 00 00 00 00 00 00 00 00 0
  cmd=0x20012 t=BA rc=0x3 data=00 00 00 00 00 00 00 00 00 00 00 00 00 0
  cmd=0x20012 t=BC rc=0x3 data=00 00 00 00 00 00 00 00 00 00 00 00 00 0
  cmd=0x20012 t=BE rc=0x3 data=00 00 00 00 00 00 00 00 00 00 00 00 00 0
  cmd=0x20012 t=C0 rc=0x3 data=00 00 00 00 00 00 00 00 00 00 00 00 00 0
  cmd=0x20012 t=C2 rc=0x3 data=00 00 00 00 00 00 00 00 00 00 00 00 00 0
  cmd=0x20012 t=C4 rc=0x3 data=00 00 00 00 00 00 00 00 00 00 00 00 00 0
  cmd=0x20012 t=C6 rc=0x3 data=00 00 00 00 00 00 00 00 00 00 00 00 00 0
  cmd=0x20012 t=C8 rc=0x3 data=00 00 00 00 00 00 00 00 00 00 00 00 00 0
  cmd=0x20013 t=00 rc=0x3 data=00 00 00 00 00 00 00 00 00 00 00 00 00 0
  cmd=0x20013 t=02 rc=0x3 data=00 00 00 00 00 00 00 00 00 00 00 00 00 0
  cmd=0x20013 t=04 rc=0x3 data=00 00 00 00 00 00 00 00 00 00 00 00 00 0
  cmd=0x20013 t=06 rc=0x3 data=00 00 00 00 00 00 00 00 00 00 00 00 00 0
  cmd=0x20013 t=08 rc=0x3 data=00 00 00 00 00 00 00 00 00 00 00 00 00 0
  cmd=0x20013 t=0A rc=0x3 data=00 00 00 00 00 00 00 00 00 00 00 00 00 0
  cmd=0x20013 t=0C rc=0x3 data=00 00 00 00 00 00 00 00 00 00 00 00 00 0
  cmd=0x20013 t=0E rc=0x3 data=00 00 00 00 00 00 00 00 00 00 00 00 00 0
  cmd=0x20013 t=10 rc=0x3 data=00 00 00 00 00 00 00 00 00 00 00 00 00 0
  cmd=0x20013 t=12 rc=0x3 data=00 00 00 00 00 00 00 00 00 00 00 00 00 0
  cmd=0x20013 t=14 rc=0x3 data=00 00 00 00 00 00 00 00 00 00 00 00 00 0
  cmd=0x20013 t=16 rc=0x3 data=00 00 00 00 00 00 00 00 00 00 00 00 00 0
  cmd=0x20013 t=18 rc=0x3 data=00 00 00 00 00 00 00 00 00 00 00 00 00 0
  cmd=0x20013 t=1A rc=0x3 data=00 00 00 00 00 00 00 00 00 00 00 00 00 0
  cmd=0x20013 t=1C rc=0x3 data=00 00 00 00 00 00 00 00 00 00 00 00 00 0
  cmd=0x20013 t=1E rc=0x3 data=00 00 00 00 00 00 00 00 00 00 00 00 00 0
  cmd=0x20013 t=20 rc=0x3 data=00 00 00 00 00 00 00 00 00 00 00 00 00 0
  cmd=0x20013 t=22 rc=0x3 data=00 00 00 00 00 00 00 00 00 00 00 00 00 0
  cmd=0x20013 t=24 rc=0x3 data=00 00 00 00 00 00 00 00 00 00 00 00 00 0
  cmd=0x20013 t=26 rc=0x3 data=00 00 00 00 00 00 00 00 00 00 00 00 00 0
  cmd=0x20013 t=28 rc=0x3 data=00 00 00 00 00 00 00 00 00 00 00 00 00 0
  cmd=0x20013 t=2A rc=0x3 data=00 00 00 00 00 00 00 00 00 00 00 00 00 0
  cmd=0x20013 t=2C rc=0x3 data=00 00 00 00 00 00 00 00 00 00 00 00 00 0
  cmd=0x20013 t=2E rc=0x3 data=00 00 00 00 00 00 00 00 00 00 00 00 00 0
  cmd=0x20013 t=30 rc=0x3 data=00 00 00 00 00 00 00 00 00 00 00 00 00 0
  cmd=0x20013 t=32 rc=0x3 data=00 00 00 00 00 00 00 00 00 00 00 00 00 0
  cmd=0x20013 t=34 rc=0x3 data=00 00 00 00 00 00 00 00 00 00 00 00 00 0
  cmd=0x20013 t=36 rc=0x3 data=00 00 00 00 00 00 00 00 00 00 00 00 00 0
  cmd=0x20013 t=38 rc=0x3 data=00 00 00 00 00 00 00 00 00 00 00 00 00 0
  cmd=0x20013 t=3A rc=0x3 data=00 00 00 00 00 00 00 00 00 00 00 00 00 0
  cmd=0x20013 t=3C rc=0x3 data=00 00 00 00 00 00 00 00 00 00 00 00 00 0
  cmd=0x20013 t=3E rc=0x3 data=00 00 00 00 00 00 00 00 00 00 00 00 00 0
  cmd=0x20013 t=40 rc=0x3 data=00 00 00 00 00 00 00 00 00 00 00 00 00 0
  cmd=0x20013 t=42 rc=0x3 data=00 00 00 00 00 00 00 00 00 00 00 00 00 0
  cmd=0x20013 t=44 rc=0x3 data=00 00 00 00 00 00 00 00 00 00 00 00 00 0
  cmd=0x20013 t=46 rc=0x3 data=00 00 00 00 00 00 00 00 00 00 00 00 00 0
  cmd=0x20013 t=48 rc=0x3 data=00 00 00 00 00 00 00 00 00 00 00 00 00 0
  cmd=0x20013 t=4A rc=0x3 data=00 00 00 00 00 00 00 00 00 00 00 00 00 0
  cmd=0x20013 t=4C rc=0x3 data=00 00 00 00 00 00 00 00 00 00 00 00 00 0
  cmd=0x20013 t=4E rc=0x3 data=00 00 00 00 00 00 00 00 00 00 00 00 00 0
  cmd=0x20013 t=50 rc=0x3 data=00 00 00 00 00 00 00 00 00 00 00 00 00 0
  cmd=0x20013 t=52 rc=0x3 data=00 00 00 00 00 00 00 00 00 00 00 00 00 0
  cmd=0x20013 t=54 rc=0x3 data=00 00 00 00 00 00 00 00 00 00 00 00 00 0
  cmd=0x20013 t=56 rc=0x3 data=00 00 00 00 00 00 00 00 00 00 00 00 00 0
  cmd=0x20013 t=58 rc=0x3 data=00 00 00 00 00 00 00 00 00 00 00 00 00 0
  cmd=0x20013 t=5A rc=0x3 data=00 00 00 00 00 00 00 00 00 00 00 00 00 0
  cmd=0x20013 t=5C rc=0x3 data=00 00 00 00 00 00 00 00 00 00 00 00 00 0
  cmd=0x20013 t=5E rc=0x3 data=00 00 00 00 00 00 00 00 00 00 00 00 00 0
  cmd=0x20013 t=60 rc=0x3 data=00 00 00 00 00 00 00 00 00 00 00 00 00 0
  cmd=0x20013 t=62 rc=0x3 data=00 00 00 00 00 00 00 00 00 00 00 00 00 0
  cmd=0x20013 t=64 rc=0x3 data=00 00 00 00 00 00 00 00 00 00 00 00 00 0
  cmd=0x20013 t=66 rc=0x3 data=00 00 00 00 00 00 00 00 00 00 00 00 00 0
  cmd=0x20013 t=68 rc=0x3 data=00 00 00 00 00 00 00 00 00 00 00 00 00 0
  cmd=0x20013 t=6A rc=0x3 data=00 00 00 00 00 00 00 00 00 00 00 00 00 0
  cmd=0x20013 t=6C rc=0x3 data=00 00 00 00 00 00 00 00 00 00 00 00 00 0
  cmd=0x20013 t=6E rc=0x3 data=00 00 00 00 00 00 00 00 00 00 00 00 00 0
  cmd=0x20013 t=70 rc=0x3 data=00 00 00 00 00 00 00 00 00 00 00 00 00 0
  cmd=0x20013 t=72 rc=0x3 data=00 00 00 00 00 00 00 00 00 00 00 00 00 0
  cmd=0x20013 t=74 rc=0x3 data=00 00 00 00 00 00 00 00 00 00 00 00 00 0
  cmd=0x20013 t=76 rc=0x3 data=00 00 00 00 00 00 00 00 00 00 00 00 00 0
  cmd=0x20013 t=78 rc=0x3 data=00 00 00 00 00 00 00 00 00 00 00 00 00 0
  cmd=0x20013 t=7A rc=0x3 data=00 00 00 00 00 00 00 00 00 00 00 00 00 0
  cmd=0x20013 t=7C rc=0x3 data=00 00 00 00 00 00 00 00 00 00 00 00 00 0
  cmd=0x20013 t=7E rc=0x3 data=00 00 00 00 00 00 00 00 00 00 00 00 00 0
  cmd=0x20013 t=80 rc=0x3 data=00 00 00 00 00 00 00 00 00 00 00 00 00 0
  cmd=0x20013 t=82 rc=0x3 data=00 00 00 00 00 00 00 00 00 00 00 00 00 0
  cmd=0x20013 t=84 rc=0x3 data=00 00 00 00 00 00 00 00 00 00 00 00 00 0
  cmd=0x20013 t=86 rc=0x3 data=00 00 00 00 00 00 00 00 00 00 00 00 00 0
  cmd=0x20013 t=88 rc=0x3 data=00 00 00 00 00 00 00 00 00 00 00 00 00 0
  cmd=0x20013 t=8A rc=0x3 data=00 00 00 00 00 00 00 00 00 00 00 00 00 0
  cmd=0x20013 t=8C rc=0x3 data=00 00 00 00 00 00 00 00 00 00 00 00 00 0
  cmd=0x20013 t=8E rc=0x3 data=00 00 00 00 00 00 00 00 00 00 00 00 00 0
  cmd=0x20013 t=90 rc=0x3 data=00 00 00 00 00 00 00 00 00 00 00 00 00 0
  cmd=0x20013 t=92 rc=0x3 data=00 00 00 00 00 00 00 00 00 00 00 00 00 0
  cmd=0x20013 t=94 rc=0x3 data=00 00 00 00 00 00 00 00 00 00 00 00 00 0
  cmd=0x20013 t=96 rc=0x3 data=00 00 00 00 00 00 00 00 00 00 00 00 00 0
  cmd=0x20013 t=98 rc=0x3 data=00 00 00 00 00 00 00 00 00 00 00 00 00 0
  cmd=0x20013 t=9A rc=0x3 data=00 00 00 00 00 00 00 00 00 00 00 00 00 0
  cmd=0x20013 t=9C rc=0x3 data=00 00 00 00 00 00 00 00 00 00 00 00 00 0
  cmd=0x20013 t=9E rc=0x3 data=00 00 00 00 00 00 00 00 00 00 00 00 00 0
  cmd=0x20013 t=A0 rc=0x3 data=00 00 00 00 00 00 00 00 00 00 00 00 00 0
  cmd=0x20013 t=A2 rc=0x3 data=00 00 00 00 00 00 00 00 00 00 00 00 00 0
  cmd=0x20013 t=A4 rc=0x3 data=00 00 00 00 00 00 00 00 00 00 00 00 00 0
  cmd=0x20013 t=A6 rc=0x3 data=00 00 00 00 00 00 00 00 00 00 00 00 00 0
  cmd=0x20013 t=A8 rc=0x3 data=00 00 00 00 00 00 00 00 00 00 00 00 00 0
  cmd=0x20013 t=AA rc=0x3 data=00 00 00 00 00 00 00 00 00 00 00 00 00 0
  cmd=0x20013 t=AC rc=0x3 data=00 00 00 00 00 00 00 00 00 00 00 00 00 0
  cmd=0x20013 t=AE rc=0x3 data=00 00 00 00 00 00 00 00 00 00 00 00 00 0
  cmd=0x20013 t=B0 rc=0x3 data=00 00 00 00 00 00 00 00 00 00 00 00 00 0
  cmd=0x20013 t=B2 rc=0x3 data=00 00 00 00 00 00 00 00 00 00 00 00 00 0
  cmd=0x20013 t=B4 rc=0x3 data=00 00 00 00 00 00 00 00 00 00 00 00 00 0
  cmd=0x20013 t=B6 rc=0x3 data=00 00 00 00 00 00 00 00 00 00 00 00 00 0
  cmd=0x20013 t=B8 rc=0x3 data=00 00 00 00 00 00 00 00 00 00 00 00 00 0
  cmd=0x20013 t=BA rc=0x3 data=00 00 00 00 00 00 00 00 00 00 00 00 00 0
  cmd=0x20013 t=BC rc=0x3 data=00 00 00 00 00 00 00 00 00 00 00 00 00 0
  cmd=0x20013 t=BE rc=0x3 data=00 00 00 00 00 00 00 00 00 00 00 00 00 0
  cmd=0x20013 t=C0 rc=0x3 data=00 00 00 00 00 00 00 00 00 00 00 00 00 0
  cmd=0x20013 t=C2 rc=0x3 data=00 00 00 00 00 00 00 00 00 00 00 00 00 0
  cmd=0x20013 t=C4 rc=0x3 data=00 00 00 00 00 00 00 00 00 00 00 00 00 0
  cmd=0x20013 t=C6 rc=0x3 data=00 00 00 00 00 00 00 00 00 00 00 00 00 0
  cmd=0x20013 t=C8 rc=0x3 data=00 00 00 00 00 00 00 00 00 00 00 00 00 0
  cmd=0x20014 t=00 rc=0x3 data=00 00 00 00 00 00 00 00 00 00 00 00 00 0
  cmd=0x20014 t=02 rc=0x3 data=00 00 00 00 00 00 00 00 00 00 00 00 00 0
  cmd=0x20014 t=04 rc=0x3 data=00 00 00 00 00 00 00 00 00 00 00 00 00 0
  cmd=0x20014 t=06 rc=0x3 data=00 00 00 00 00 00 00 00 00 00 00 00 00 0
  cmd=0x20014 t=08 rc=0x3 data=00 00 00 00 00 00 00 00 00 00 00 00 00 0
  cmd=0x20014 t=0A rc=0x3 data=00 00 00 00 00 00 00 00 00 00 00 00 00 0
  cmd=0x20014 t=0C rc=0x3 data=00 00 00 00 00 00 00 00 00 00 00 00 00 0
  cmd=0x20014 t=0E rc=0x3 data=00 00 00 00 00 00 00 00 00 00 00 00 00 0
  cmd=0x20014 t=10 rc=0x3 data=00 00 00 00 00 00 00 00 00 00 00 00 00 0
  cmd=0x20014 t=12 rc=0x3 data=00 00 00 00 00 00 00 00 00 00 00 00 00 0
  cmd=0x20014 t=14 rc=0x3 data=00 00 00 00 00 00 00 00 00 00 00 00 00 0
  cmd=0x20014 t=16 rc=0x3 data=00 00 00 00 00 00 00 00 00 00 00 00 00 0
  cmd=0x20014 t=18 rc=0x3 data=00 00 00 00 00 00 00 00 00 00 00 00 00 0
  cmd=0x20014 t=1A rc=0x3 data=00 00 00 00 00 00 00 00 00 00 00 00 00 0
  cmd=0x20014 t=1C rc=0x3 data=00 00 00 00 00 00 00 00 00 00 00 00 00 0
  cmd=0x20014 t=1E rc=0x3 data=00 00 00 00 00 00 00 00 00 00 00 00 00 0
  cmd=0x20014 t=20 rc=0x3 data=00 00 00 00 00 00 00 00 00 00 00 00 00 0
  cmd=0x20014 t=22 rc=0x3 data=00 00 00 00 00 00 00 00 00 00 00 00 00 0
  cmd=0x20014 t=24 rc=0x3 data=00 00 00 00 00 00 00 00 00 00 00 00 00 0
  cmd=0x20014 t=26 rc=0x3 data=00 00 00 00 00 00 00 00 00 00 00 00 00 0
  cmd=0x20014 t=28 rc=0x3 data=00 00 00 00 00 00 00 00 00 00 00 00 00 0
  cmd=0x20014 t=2A rc=0x3 data=00 00 00 00 00 00 00 00 00 00 00 00 00 0
  cmd=0x20014 t=2C rc=0x3 data=00 00 00 00 00 00 00 00 00 00 00 00 00 0
  cmd=0x20014 t=2E rc=0x3 data=00 00 00 00 00 00 00 00 00 00 00 00 00 0
  cmd=0x20014 t=30 rc=0x3 data=00 00 00 00 00 00 00 00 00 00 00 00 00 0
  cmd=0x20014 t=32 rc=0x3 data=00 00 00 00 00 00 00 00 00 00 00 00 00 0
  cmd=0x20014 t=34 rc=0x3 data=00 00 00 00 00 00 00 00 00 00 00 00 00 0
  cmd=0x20014 t=36 rc=0x3 data=00 00 00 00 00 00 00 00 00 00 00 00 00 0
  cmd=0x20014 t=38 rc=0x3 data=00 00 00 00 00 00 00 00 00 00 00 00 00 0
  cmd=0x20014 t=3A rc=0x3 data=00 00 00 00 00 00 00 00 00 00 00 00 00 0
  cmd=0x20014 t=3C rc=0x3 data=00 00 00 00 00 00 00 00 00 00 00 00 00 0
  cmd=0x20014 t=3E rc=0x3 data=00 00 00 00 00 00 00 00 00 00 00 00 00 0
  cmd=0x20014 t=40 rc=0x3 data=00 00 00 00 00 00 00 00 00 00 00 00 00 0
  cmd=0x20014 t=42 rc=0x3 data=00 00 00 00 00 00 00 00 00 00 00 00 00 0
  cmd=0x20014 t=44 rc=0x3 data=00 00 00 00 00 00 00 00 00 00 00 00 00 0
  cmd=0x20014 t=46 rc=0x3 data=00 00 00 00 00 00 00 00 00 00 00 00 00 0
  cmd=0x20014 t=48 rc=0x3 data=00 00 00 00 00 00 00 00 00 00 00 00 00 0
  cmd=0x20014 t=4A rc=0x3 data=00 00 00 00 00 00 00 00 00 00 00 00 00 0
  cmd=0x20014 t=4C rc=0x3 data=00 00 00 00 00 00 00 00 00 00 00 00 00 0
  cmd=0x20014 t=4E rc=0x3 data=00 00 00 00 00 00 00 00 00 00 00 00 00 0
  cmd=0x20014 t=50 rc=0x3 data=00 00 00 00 00 00 00 00 00 00 00 00 00 0
  cmd=0x20014 t=52 rc=0x3 data=00 00 00 00 00 00 00 00 00 00 00 00 00 0
  cmd=0x20014 t=54 rc=0x3 data=00 00 00 00 00 00 00 00 00 00 00 00 00 0
  cmd=0x20014 t=56 rc=0x3 data=00 00 00 00 00 00 00 00 00 00 00 00 00 0
  cmd=0x20014 t=58 rc=0x3 data=00 00 00 00 00 00 00 00 00 00 00 00 00 0
  cmd=0x20014 t=5A rc=0x3 data=00 00 00 00 00 00 00 00 00 00 00 00 00 0
  cmd=0x20014 t=5C rc=0x3 data=00 00 00 00 00 00 00 00 00 00 00 00 00 0
  cmd=0x20014 t=5E rc=0x3 data=00 00 00 00 00 00 00 00 00 00 00 00 00 0
  cmd=0x20014 t=60 rc=0x3 data=00 00 00 00 00 00 00 00 00 00 00 00 00 0
  cmd=0x20014 t=62 rc=0x3 data=00 00 00 00 00 00 00 00 00 00 00 00 00 0
  cmd=0x20014 t=64 rc=0x3 data=00 00 00 00 00 00 00 00 00 00 00 00 00 0
  cmd=0x20014 t=66 rc=0x3 data=00 00 00 00 00 00 00 00 00 00 00 00 00 0
  cmd=0x20014 t=68 rc=0x3 data=00 00 00 00 00 00 00 00 00 00 00 00 00 0
  cmd=0x20014 t=6A rc=0x3 data=00 00 00 00 00 00 00 00 00 00 00 00 00 0
  cmd=0x20014 t=6C rc=0x3 data=00 00 00 00 00 00 00 00 00 00 00 00 00 0
  cmd=0x20014 t=6E rc=0x3 data=00 00 00 00 00 00 00 00 00 00 00 00 00 0
  cmd=0x20014 t=70 rc=0x3 data=00 00 00 00 00 00 00 00 00 00 00 00 00 0
  cmd=0x20014 t=72 rc=0x3 data=00 00 00 00 00 00 00 00 00 00 00 00 00 0
  cmd=0x20014 t=74 rc=0x3 data=00 00 00 00 00 00 00 00 00 00 00 00 00 0
  cmd=0x20014 t=76 rc=0x3 data=00 00 00 00 00 00 00 00 00 00 00 00 00 0
  cmd=0x20014 t=78 rc=0x3 data=00 00 00 00 00 00 00 00 00 00 00 00 00 0
  cmd=0x20014 t=7A rc=0x3 data=00 00 00 00 00 00 00 00 00 00 00 00 00 0
  cmd=0x20014 t=7C rc=0x3 data=00 00 00 00 00 00 00 00 00 00 00 00 00 0
  cmd=0x20014 t=7E rc=0x3 data=00 00 00 00 00 00 00 00 00 00 00 00 00 0
  cmd=0x20014 t=80 rc=0x3 data=00 00 00 00 00 00 00 00 00 00 00 00 00 0
  cmd=0x20014 t=82 rc=0x3 data=00 00 00 00 00 00 00 00 00 00 00 00 00 0
  cmd=0x20014 t=84 rc=0x3 data=00 00 00 00 00 00 00 00 00 00 00 00 00 0
  cmd=0x20014 t=86 rc=0x3 data=00 00 00 00 00 00 00 00 00 00 00 00 00 0
  cmd=0x20014 t=88 rc=0x3 data=00 00 00 00 00 00 00 00 00 00 00 00 00 0
  cmd=0x20014 t=8A rc=0x3 data=00 00 00 00 00 00 00 00 00 00 00 00 00 0
  cmd=0x20014 t=8C rc=0x3 data=00 00 00 00 00 00 00 00 00 00 00 00 00 0
  cmd=0x20014 t=8E rc=0x3 data=00 00 00 00 00 00 00 00 00 00 00 00 00 0
  cmd=0x20014 t=90 rc=0x3 data=00 00 00 00 00 00 00 00 00 00 00 00 00 0
  cmd=0x20014 t=92 rc=0x3 data=00 00 00 00 00 00 00 00 00 00 00 00 00 0
  cmd=0x20014 t=94 rc=0x3 data=00 00 00 00 00 00 00 00 00 00 00 00 00 0
  cmd=0x20014 t=96 rc=0x3 data=00 00 00 00 00 00 00 00 00 00 00 00 00 0
  cmd=0x20014 t=98 rc=0x3 data=00 00 00 00 00 00 00 00 00 00 00 00 00 0
  cmd=0x20014 t=9A rc=0x3 data=00 00 00 00 00 00 00 00 00 00 00 00 00 0
  cmd=0x20014 t=9C rc=0x3 data=00 00 00 00 00 00 00 00 00 00 00 00 00 0
  cmd=0x20014 t=9E rc=0x3 data=00 00 00 00 00 00 00 00 00 00 00 00 00 0
  cmd=0x20014 t=A0 rc=0x3 data=00 00 00 00 00 00 00 00 00 00 00 00 00 0
  cmd=0x20014 t=A2 rc=0x3 data=00 00 00 00 00 00 00 00 00 00 00 00 00 0
  cmd=0x20014 t=A4 rc=0x3 data=00 00 00 00 00 00 00 00 00 00 00 00 00 0
  cmd=0x20014 t=A6 rc=0x3 data=00 00 00 00 00 00 00 00 00 00 00 00 00 0
  cmd=0x20014 t=A8 rc=0x3 data=00 00 00 00 00 00 00 00 00 00 00 00 00 0
  cmd=0x20014 t=AA rc=0x3 data=00 00 00 00 00 00 00 00 00 00 00 00 00 0
  cmd=0x20014 t=AC rc=0x3 data=00 00 00 00 00 00 00 00 00 00 00 00 00 0
  cmd=0x20014 t=AE rc=0x3 data=00 00 00 00 00 00 00 00 00 00 00 00 00 0
  cmd=0x20014 t=B0 rc=0x3 data=00 00 00 00 00 00 00 00 00 00 00 00 00 0
  cmd=0x20014 t=B2 rc=0x3 data=00 00 00 00 00 00 00 00 00 00 00 00 00 0
  cmd=0x20014 t=B4 rc=0x3 data=00 00 00 00 00 00 00 00 00 00 00 00 00 0
  cmd=0x20014 t=B6 rc=0x3 data=00 00 00 00 00 00 00 00 00 00 00 00 00 0
  cmd=0x20014 t=B8 rc=0x3 data=00 00 00 00 00 00 00 00 00 00 00 00 00 0
  cmd=0x20014 t=BA rc=0x3 data=00 00 00 00 00 00 00 00 00 00 00 00 00 0
  cmd=0x20014 t=BC rc=0x3 data=00 00 00 00 00 00 00 00 00 00 00 00 00 0
  cmd=0x20014 t=BE rc=0x3 data=00 00 00 00 00 00 00 00 00 00 00 00 00 0
  cmd=0x20014 t=C0 rc=0x3 data=00 00 00 00 00 00 00 00 00 00 00 00 00 0
  cmd=0x20014 t=C2 rc=0x3 data=00 00 00 00 00 00 00 00 00 00 00 00 00 0
  cmd=0x20014 t=C4 rc=0x3 data=00 00 00 00 00 00 00 00 00 00 00 00 00 0
  cmd=0x20014 t=C6 rc=0x3 data=00 00 00 00 00 00 00 00 00 00 00 00 00 0
  cmd=0x20014 t=C8 rc=0x3 data=00 00 00 00 00 00 00 00 00 00 00 00 00 0
  cmd=0x20015 t=00 rc=0x3 data=00 00 00 00 00 00 00 00 00 00 00 00 00 0
  cmd=0x20015 t=02 rc=0x3 data=00 00 00 00 00 00 00 00 00 00 00 00 00 0
  cmd=0x20015 t=04 rc=0x3 data=00 00 00 00 00 00 00 00 00 00 00 00 00 0
  cmd=0x20015 t=06 rc=0x3 data=00 00 00 00 00 00 00 00 00 00 00 00 00 0
  cmd=0x20015 t=08 rc=0x3 data=00 00 00 00 00 00 00 00 00 00 00 00 00 0
  cmd=0x20015 t=0A rc=0x3 data=00 00 00 00 00 00 00 00 00 00 00 00 00 0
  cmd=0x20015 t=0C rc=0x3 data=00 00 00 00 00 00 00 00 00 00 00 00 00 0
  cmd=0x20015 t=0E rc=0x3 data=00 00 00 00 00 00 00 00 00 00 00 00 00 0
  cmd=0x20015 t=10 rc=0x3 data=00 00 00 00 00 00 00 00 00 00 00 00 00 0
  cmd=0x20015 t=12 rc=0x3 data=00 00 00 00 00 00 00 00 00 00 00 00 00 0
  cmd=0x20015 t=14 rc=0x3 data=00 00 00 00 00 00 00 00 00 00 00 00 00 0
  cmd=0x20015 t=16 rc=0x3 data=00 00 00 00 00 00 00 00 00 00 00 00 00 0
  cmd=0x20015 t=18 rc=0x3 data=00 00 00 00 00 00 00 00 00 00 00 00 00 0
  cmd=0x20015 t=1A rc=0x3 data=00 00 00 00 00 00 00 00 00 00 00 00 00 0
  cmd=0x20015 t=1C rc=0x3 data=00 00 00 00 00 00 00 00 00 00 00 00 00 0
  cmd=0x20015 t=1E rc=0x3 data=00 00 00 00 00 00 00 00 00 00 00 00 00 0
  cmd=0x20015 t=20 rc=0x3 data=00 00 00 00 00 00 00 00 00 00 00 00 00 0
  cmd=0x20015 t=22 rc=0x3 data=00 00 00 00 00 00 00 00 00 00 00 00 00 0
  cmd=0x20015 t=24 rc=0x3 data=00 00 00 00 00 00 00 00 00 00 00 00 00 0
  cmd=0x20015 t=26 rc=0x3 data=00 00 00 00 00 00 00 00 00 00 00 00 00 0
  cmd=0x20015 t=28 rc=0x3 data=00 00 00 00 00 00 00 00 00 00 00 00 00 0
  cmd=0x20015 t=2A rc=0x3 data=00 00 00 00 00 00 00 00 00 00 00 00 00 0
  cmd=0x20015 t=2C rc=0x3 data=00 00 00 00 00 00 00 00 00 00 00 00 00 0
  cmd=0x20015 t=2E rc=0x3 data=00 00 00 00 00 00 00 00 00 00 00 00 00 0
  cmd=0x20015 t=30 rc=0x3 data=00 00 00 00 00 00 00 00 00 00 00 00 00 0
  cmd=0x20015 t=32 rc=0x3 data=00 00 00 00 00 00 00 00 00 00 00 00 00 0
  cmd=0x20015 t=34 rc=0x3 data=00 00 00 00 00 00 00 00 00 00 00 00 00 0
  cmd=0x20015 t=36 rc=0x3 data=00 00 00 00 00 00 00 00 00 00 00 00 00 0
  cmd=0x20015 t=38 rc=0x3 data=00 00 00 00 00 00 00 00 00 00 00 00 00 0
  cmd=0x20015 t=3A rc=0x3 data=00 00 00 00 00 00 00 00 00 00 00 00 00 0
  cmd=0x20015 t=3C rc=0x3 data=00 00 00 00 00 00 00 00 00 00 00 00 00 0
  cmd=0x20015 t=3E rc=0x3 data=00 00 00 00 00 00 00 00 00 00 00 00 00 0
  cmd=0x20015 t=40 rc=0x3 data=00 00 00 00 00 00 00 00 00 00 00 00 00 0
  cmd=0x20015 t=42 rc=0x3 data=00 00 00 00 00 00 00 00 00 00 00 00 00 0
  cmd=0x20015 t=44 rc=0x3 data=00 00 00 00 00 00 00 00 00 00 00 00 00 0
  cmd=0x20015 t=46 rc=0x3 data=00 00 00 00 00 00 00 00 00 00 00 00 00 0
  cmd=0x20015 t=48 rc=0x3 data=00 00 00 00 00 00 00 00 00 00 00 00 00 0
  cmd=0x20015 t=4A rc=0x3 data=00 00 00 00 00 00 00 00 00 00 00 00 00 0
  cmd=0x20015 t=4C rc=0x3 data=00 00 00 00 00 00 00 00 00 00 00 00 00 0
  cmd=0x20015 t=4E rc=0x3 data=00 00 00 00 00 00 00 00 00 00 00 00 00 0
  cmd=0x20015 t=50 rc=0x3 data=00 00 00 00 00 00 00 00 00 00 00 00 00 0
  cmd=0x20015 t=52 rc=0x3 data=00 00 00 00 00 00 00 00 00 00 00 00 00 0
  cmd=0x20015 t=54 rc=0x3 data=00 00 00 00 00 00 00 00 00 00 00 00 00 0
  cmd=0x20015 t=56 rc=0x3 data=00 00 00 00 00 00 00 00 00 00 00 00 00 0
  cmd=0x20015 t=58 rc=0x3 data=00 00 00 00 00 00 00 00 00 00 00 00 00 0
  cmd=0x20015 t=5A rc=0x3 data=00 00 00 00 00 00 00 00 00 00 00 00 00 0
  cmd=0x20015 t=5C rc=0x3 data=00 00 00 00 00 00 00 00 00 00 00 00 00 0
  cmd=0x20015 t=5E rc=0x3 data=00 00 00 00 00 00 00 00 00 00 00 00 00 0
  cmd=0x20015 t=60 rc=0x3 data=00 00 00 00 00 00 00 00 00 00 00 00 00 0
  cmd=0x20015 t=62 rc=0x3 data=00 00 00 00 00 00 00 00 00 00 00 00 00 0
  cmd=0x20015 t=64 rc=0x3 data=00 00 00 00 00 00 00 00 00 00 00 00 00 0
  cmd=0x20015 t=66 rc=0x3 data=00 00 00 00 00 00 00 00 00 00 00 00 00 0
  cmd=0x20015 t=68 rc=0x3 data=00 00 00 00 00 00 00 00 00 00 00 00 00 0
  cmd=0x20015 t=6A rc=0x3 data=00 00 00 00 00 00 00 00 00 00 00 00 00 0
  cmd=0x20015 t=6C rc=0x3 data=00 00 00 00 00 00 00 00 00 00 00 00 00 0
  cmd=0x20015 t=6E rc=0x3 data=00 00 00 00 00 00 00 00 00 00 00 00 00 0
  cmd=0x20015 t=70 rc=0x3 data=00 00 00 00 00 00 00 00 00 00 00 00 00 0
  cmd=0x20015 t=72 rc=0x3 data=00 00 00 00 00 00 00 00 00 00 00 00 00 0
  cmd=0x20015 t=74 rc=0x3 data=00 00 00 00 00 00 00 00 00 00 00 00 00 0
  cmd=0x20015 t=76 rc=0x3 data=00 00 00 00 00 00 00 00 00 00 00 00 00 0
  cmd=0x20015 t=78 rc=0x3 data=00 00 00 00 00 00 00 00 00 00 00 00 00 0
  cmd=0x20015 t=7A rc=0x3 data=00 00 00 00 00 00 00 00 00 00 00 00 00 0
  cmd=0x20015 t=7C rc=0x3 data=00 00 00 00 00 00 00 00 00 00 00 00 00 0
  cmd=0x20015 t=7E rc=0x3 data=00 00 00 00 00 00 00 00 00 00 00 00 00 0
  cmd=0x20015 t=80 rc=0x3 data=00 00 00 00 00 00 00 00 00 00 00 00 00 0
  cmd=0x20015 t=82 rc=0x3 data=00 00 00 00 00 00 00 00 00 00 00 00 00 0
  cmd=0x20015 t=84 rc=0x3 data=00 00 00 00 00 00 00 00 00 00 00 00 00 0
  cmd=0x20015 t=86 rc=0x3 data=00 00 00 00 00 00 00 00 00 00 00 00 00 0
  cmd=0x20015 t=88 rc=0x3 data=00 00 00 00 00 00 00 00 00 00 00 00 00 0
  cmd=0x20015 t=8A rc=0x3 data=00 00 00 00 00 00 00 00 00 00 00 00 00 0
  cmd=0x20015 t=8C rc=0x3 data=00 00 00 00 00 00 00 00 00 00 00 00 00 0
  cmd=0x20015 t=8E rc=0x3 data=00 00 00 00 00 00 00 00 00 00 00 00 00 0
  cmd=0x20015 t=90 rc=0x3 data=00 00 00 00 00 00 00 00 00 00 00 00 00 0
  cmd=0x20015 t=92 rc=0x3 data=00 00 00 00 00 00 00 00 00 00 00 00 00 0
  cmd=0x20015 t=94 rc=0x3 data=00 00 00 00 00 00 00 00 00 00 00 00 00 0
  cmd=0x20015 t=96 rc=0x3 data=00 00 00 00 00 00 00 00 00 00 00 00 00 0
  cmd=0x20015 t=98 rc=0x3 data=00 00 00 00 00 00 00 00 00 00 00 00 00 0
  cmd=0x20015 t=9A rc=0x3 data=00 00 00 00 00 00 00 00 00 00 00 00 00 0
  cmd=0x20015 t=9C rc=0x3 data=00 00 00 00 00 00 00 00 00 00 00 00 00 0
  cmd=0x20015 t=9E rc=0x3 data=00 00 00 00 00 00 00 00 00 00 00 00 00 0
  cmd=0x20015 t=A0 rc=0x3 data=00 00 00 00 00 00 00 00 00 00 00 00 00 0
  cmd=0x20015 t=A2 rc=0x3 data=00 00 00 00 00 00 00 00 00 00 00 00 00 0
  cmd=0x20015 t=A4 rc=0x3 data=00 00 00 00 00 00 00 00 00 00 00 00 00 0
  cmd=0x20015 t=A6 rc=0x3 data=00 00 00 00 00 00 00 00 00 00 00 00 00 0
  cmd=0x20015 t=A8 rc=0x3 data=00 00 00 00 00 00 00 00 00 00 00 00 00 0
  cmd=0x20015 t=AA rc=0x3 data=00 00 00 00 00 00 00 00 00 00 00 00 00 0
  cmd=0x20015 t=AC rc=0x3 data=00 00 00 00 00 00 00 00 00 00 00 00 00 0
  cmd=0x20015 t=AE rc=0x3 data=00 00 00 00 00 00 00 00 00 00 00 00 00 0
  cmd=0x20015 t=B0 rc=0x3 data=00 00 00 00 00 00 00 00 00 00 00 00 00 0
  cmd=0x20015 t=B2 rc=0x3 data=00 00 00 00 00 00 00 00 00 00 00 00 00 0
  cmd=0x20015 t=B4 rc=0x3 data=00 00 00 00 00 00 00 00 00 00 00 00 00 0
  cmd=0x20015 t=B6 rc=0x3 data=00 00 00 00 00 00 00 00 00 00 00 00 00 0
  cmd=0x20015 t=B8 rc=0x3 data=00 00 00 00 00 00 00 00 00 00 00 00 00 0
  cmd=0x20015 t=BA rc=0x3 data=00 00 00 00 00 00 00 00 00 00 00 00 00 0
  cmd=0x20015 t=BC rc=0x3 data=00 00 00 00 00 00 00 00 00 00 00 00 00 0
  cmd=0x20015 t=BE rc=0x3 data=00 00 00 00 00 00 00 00 00 00 00 00 00 0
  cmd=0x20015 t=C0 rc=0x3 data=00 00 00 00 00 00 00 00 00 00 00 00 00 0
  cmd=0x20015 t=C2 rc=0x3 data=00 00 00 00 00 00 00 00 00 00 00 00 00 0
  cmd=0x20015 t=C4 rc=0x3 data=00 00 00 00 00 00 00 00 00 00 00 00 00 0
  cmd=0x20015 t=C6 rc=0x3 data=00 00 00 00 00 00 00 00 00 00 00 00 00 0
  cmd=0x20015 t=C8 rc=0x3 data=00 00 00 00 00 00 00 00 00 00 00 00 00 0
  cmd=0x20016 t=00 rc=0x3 data=00 00 00 00 00 00 00 00 00 00 00 00 00 0
  cmd=0x20016 t=02 rc=0x3 data=00 00 00 00 00 00 00 00 00 00 00 00 00 0
  cmd=0x20016 t=04 rc=0x3 data=00 00 00 00 00 00 00 00 00 00 00 00 00 0
  cmd=0x20016 t=06 rc=0x3 data=00 00 00 00 00 00 00 00 00 00 00 00 00 0
  cmd=0x20016 t=08 rc=0x3 data=00 00 00 00 00 00 00 00 00 00 00 00 00 0
  cmd=0x20016 t=0A rc=0x3 data=00 00 00 00 00 00 00 00 00 00 00 00 00 0
  cmd=0x20016 t=0C rc=0x3 data=00 00 00 00 00 00 00 00 00 00 00 00 00 0
  cmd=0x20016 t=0E rc=0x3 data=00 00 00 00 00 00 00 00 00 00 00 00 00 0
  cmd=0x20016 t=10 rc=0x3 data=00 00 00 00 00 00 00 00 00 00 00 00 00 0
  cmd=0x20016 t=12 rc=0x3 data=00 00 00 00 00 00 00 00 00 00 00 00 00 0
  cmd=0x20016 t=14 rc=0x3 data=00 00 00 00 00 00 00 00 00 00 00 00 00 0
  cmd=0x20016 t=16 rc=0x3 data=00 00 00 00 00 00 00 00 00 00 00 00 00 0
  cmd=0x20016 t=18 rc=0x3 data=00 00 00 00 00 00 00 00 00 00 00 00 00 0
  cmd=0x20016 t=1A rc=0x3 data=00 00 00 00 00 00 00 00 00 00 00 00 00 0
  cmd=0x20016 t=1C rc=0x3 data=00 00 00 00 00 00 00 00 00 00 00 00 00 0
  cmd=0x20016 t=1E rc=0x3 data=00 00 00 00 00 00 00 00 00 00 00 00 00 0
  cmd=0x20016 t=20 rc=0x3 data=00 00 00 00 00 00 00 00 00 00 00 00 00 0
  cmd=0x20016 t=22 rc=0x3 data=00 00 00 00 00 00 00 00 00 00 00 00 00 0
  cmd=0x20016 t=24 rc=0x3 data=00 00 00 00 00 00 00 00 00 00 00 00 00 0
  cmd=0x20016 t=26 rc=0x3 data=00 00 00 00 00 00 00 00 00 00 00 00 00 0
  cmd=0x20016 t=28 rc=0x3 data=00 00 00 00 00 00 00 00 00 00 00 00 00 0
  cmd=0x20016 t=2A rc=0x3 data=00 00 00 00 00 00 00 00 00 00 00 00 00 0
  cmd=0x20016 t=2C rc=0x3 data=00 00 00 00 00 00 00 00 00 00 00 00 00 0
  cmd=0x20016 t=2E rc=0x3 data=00 00 00 00 00 00 00 00 00 00 00 00 00 0
  cmd=0x20016 t=30 rc=0x3 data=00 00 00 00 00 00 00 00 00 00 00 00 00 0
  cmd=0x20016 t=32 rc=0x3 data=00 00 00 00 00 00 00 00 00 00 00 00 00 0
  cmd=0x20016 t=34 rc=0x3 data=00 00 00 00 00 00 00 00 00 00 00 00 00 0
  cmd=0x20016 t=36 rc=0x3 data=00 00 00 00 00 00 00 00 00 00 00 00 00 0
  cmd=0x20016 t=38 rc=0x3 data=00 00 00 00 00 00 00 00 00 00 00 00 00 0
  cmd=0x20016 t=3A rc=0x3 data=00 00 00 00 00 00 00 00 00 00 00 00 00 0
  cmd=0x20016 t=3C rc=0x3 data=00 00 00 00 00 00 00 00 00 00 00 00 00 0
  cmd=0x20016 t=3E rc=0x3 data=00 00 00 00 00 00 00 00 00 00 00 00 00 0
  cmd=0x20016 t=40 rc=0x3 data=00 00 00 00 00 00 00 00 00 00 00 00 00 0
  cmd=0x20016 t=42 rc=0x3 data=00 00 00 00 00 00 00 00 00 00 00 00 00 0
  cmd=0x20016 t=44 rc=0x3 data=00 00 00 00 00 00 00 00 00 00 00 00 00 0
  cmd=0x20016 t=46 rc=0x3 data=00 00 00 00 00 00 00 00 00 00 00 00 00 0
  cmd=0x20016 t=48 rc=0x3 data=00 00 00 00 00 00 00 00 00 00 00 00 00 0
  cmd=0x20016 t=4A rc=0x3 data=00 00 00 00 00 00 00 00 00 00 00 00 00 0
  cmd=0x20016 t=4C rc=0x3 data=00 00 00 00 00 00 00 00 00 00 00 00 00 0
  cmd=0x20016 t=4E rc=0x3 data=00 00 00 00 00 00 00 00 00 00 00 00 00 0
  cmd=0x20016 t=50 rc=0x3 data=00 00 00 00 00 00 00 00 00 00 00 00 00 0
  cmd=0x20016 t=52 rc=0x3 data=00 00 00 00 00 00 00 00 00 00 00 00 00 0
  cmd=0x20016 t=54 rc=0x3 data=00 00 00 00 00 00 00 00 00 00 00 00 00 0
  cmd=0x20016 t=56 rc=0x3 data=00 00 00 00 00 00 00 00 00 00 00 00 00 0
  cmd=0x20016 t=58 rc=0x3 data=00 00 00 00 00 00 00 00 00 00 00 00 00 0
  cmd=0x20016 t=5A rc=0x3 data=00 00 00 00 00 00 00 00 00 00 00 00 00 0
  cmd=0x20016 t=5C rc=0x3 data=00 00 00 00 00 00 00 00 00 00 00 00 00 0
  cmd=0x20016 t=5E rc=0x3 data=00 00 00 00 00 00 00 00 00 00 00 00 00 0
  cmd=0x20016 t=60 rc=0x3 data=00 00 00 00 00 00 00 00 00 00 00 00 00 0
  cmd=0x20016 t=62 rc=0x3 data=00 00 00 00 00 00 00 00 00 00 00 00 00 0
  cmd=0x20016 t=64 rc=0x3 data=00 00 00 00 00 00 00 00 00 00 00 00 00 0
  cmd=0x20016 t=66 rc=0x3 data=00 00 00 00 00 00 00 00 00 00 00 00 00 0
  cmd=0x20016 t=68 rc=0x3 data=00 00 00 00 00 00 00 00 00 00 00 00 00 0
  cmd=0x20016 t=6A rc=0x3 data=00 00 00 00 00 00 00 00 00 00 00 00 00 0
  cmd=0x20016 t=6C rc=0x3 data=00 00 00 00 00 00 00 00 00 00 00 00 00 0
  cmd=0x20016 t=6E rc=0x3 data=00 00 00 00 00 00 00 00 00 00 00 00 00 0
  cmd=0x20016 t=70 rc=0x3 data=00 00 00 00 00 00 00 00 00 00 00 00 00 0
  cmd=0x20016 t=72 rc=0x3 data=00 00 00 00 00 00 00 00 00 00 00 00 00 0
  cmd=0x20016 t=74 rc=0x3 data=00 00 00 00 00 00 00 00 00 00 00 00 00 0
  cmd=0x20016 t=76 rc=0x3 data=00 00 00 00 00 00 00 00 00 00 00 00 00 0
  cmd=0x20016 t=78 rc=0x3 data=00 00 00 00 00 00 00 00 00 00 00 00 00 0
  cmd=0x20016 t=7A rc=0x3 data=00 00 00 00 00 00 00 00 00 00 00 00 00 0
  cmd=0x20016 t=7C rc=0x3 data=00 00 00 00 00 00 00 00 00 00 00 00 00 0
  cmd=0x20016 t=7E rc=0x3 data=00 00 00 00 00 00 00 00 00 00 00 00 00 0
  cmd=0x20016 t=80 rc=0x3 data=00 00 00 00 00 00 00 00 00 00 00 00 00 0
  cmd=0x20016 t=82 rc=0x3 data=00 00 00 00 00 00 00 00 00 00 00 00 00 0
  cmd=0x20016 t=84 rc=0x3 data=00 00 00 00 00 00 00 00 00 00 00 00 00 0
  cmd=0x20016 t=86 rc=0x3 data=00 00 00 00 00 00 00 00 00 00 00 00 00 0
  cmd=0x20016 t=88 rc=0x3 data=00 00 00 00 00 00 00 00 00 00 00 00 00 0
  cmd=0x20016 t=8A rc=0x3 data=00 00 00 00 00 00 00 00 00 00 00 00 00 0
  cmd=0x20016 t=8C rc=0x3 data=00 00 00 00 00 00 00 00 00 00 00 00 00 0
  cmd=0x20016 t=8E rc=0x3 data=00 00 00 00 00 00 00 00 00 00 00 00 00 0
  cmd=0x20016 t=90 rc=0x3 data=00 00 00 00 00 00 00 00 00 00 00 00 00 0
  cmd=0x20016 t=92 rc=0x3 data=00 00 00 00 00 00 00 00 00 00 00 00 00 0
  cmd=0x20016 t=94 rc=0x3 data=00 00 00 00 00 00 00 00 00 00 00 00 00 0
  cmd=0x20016 t=96 rc=0x3 data=00 00 00 00 00 00 00 00 00 00 00 00 00 0
  cmd=0x20016 t=98 rc=0x3 data=00 00 00 00 00 00 00 00 00 00 00 00 00 0
  cmd=0x20016 t=9A rc=0x3 data=00 00 00 00 00 00 00 00 00 00 00 00 00 0
  cmd=0x20016 t=9C rc=0x3 data=00 00 00 00 00 00 00 00 00 00 00 00 00 0
  cmd=0x20016 t=9E rc=0x3 data=00 00 00 00 00 00 00 00 00 00 00 00 00 0
  cmd=0x20016 t=A0 rc=0x3 data=00 00 00 00 00 00 00 00 00 00 00 00 00 0
  cmd=0x20016 t=A2 rc=0x3 data=00 00 00 00 00 00 00 00 00 00 00 00 00 0
  cmd=0x20016 t=A4 rc=0x3 data=00 00 00 00 00 00 00 00 00 00 00 00 00 0
  cmd=0x20016 t=A6 rc=0x3 data=00 00 00 00 00 00 00 00 00 00 00 00 00 0
  cmd=0x20016 t=A8 rc=0x3 data=00 00 00 00 00 00 00 00 00 00 00 00 00 0
  cmd=0x20016 t=AA rc=0x3 data=00 00 00 00 00 00 00 00 00 00 00 00 00 0
  cmd=0x20016 t=AC rc=0x3 data=00 00 00 00 00 00 00 00 00 00 00 00 00 0
  cmd=0x20016 t=AE rc=0x3 data=00 00 00 00 00 00 00 00 00 00 00 00 00 0
  cmd=0x20016 t=B0 rc=0x3 data=00 00 00 00 00 00 00 00 00 00 00 00 00 0
  cmd=0x20016 t=B2 rc=0x3 data=00 00 00 00 00 00 00 00 00 00 00 00 00 0
  cmd=0x20016 t=B4 rc=0x3 data=00 00 00 00 00 00 00 00 00 00 00 00 00 0
  cmd=0x20016 t=B6 rc=0x3 data=00 00 00 00 00 00 00 00 00 00 00 00 00 0
  cmd=0x20016 t=B8 rc=0x3 data=00 00 00 00 00 00 00 00 00 00 00 00 00 0
  cmd=0x20016 t=BA rc=0x3 data=00 00 00 00 00 00 00 00 00 00 00 00 00 0
  cmd=0x20016 t=BC rc=0x3 data=00 00 00 00 00 00 00 00 00 00 00 00 00 0
  cmd=0x20016 t=BE rc=0x3 data=00 00 00 00 00 00 00 00 00 00 00 00 00 0
  cmd=0x20016 t=C0 rc=0x3 data=00 00 00 00 00 00 00 00 00 00 00 00 00 0
  cmd=0x20016 t=C2 rc=0x3 data=00 00 00 00 00 00 00 00 00 00 00 00 00 0
  cmd=0x20016 t=C4 rc=0x3 data=00 00 00 00 00 00 00 00 00 00 00 00 00 0
  cmd=0x20016 t=C6 rc=0x3 data=00 00 00 00 00 00 00 00 00 00 00 00 00 0
  cmd=0x20016 t=C8 rc=0x3 data=00 00 00 00 00 00 00 00 00 00 00 00 00 0
  cmd=0x20017 t=00 rc=0x3 data=00 00 00 00 00 00 00 00 00 00 00 00 00 0
  cmd=0x20017 t=02 rc=0x3 data=00 00 00 00 00 00 00 00 00 00 00 00 00 0
  cmd=0x20017 t=04 rc=0x3 data=00 00 00 00 00 00 00 00 00 00 00 00 00 0
  cmd=0x20017 t=06 rc=0x3 data=00 00 00 00 00 00 00 00 00 00 00 00 00 0
  cmd=0x20017 t=08 rc=0x3 data=00 00 00 00 00 00 00 00 00 00 00 00 00 0
  cmd=0x20017 t=0A rc=0x3 data=00 00 00 00 00 00 00 00 00 00 00 00 00 0
  cmd=0x20017 t=0C rc=0x3 data=00 00 00 00 00 00 00 00 00 00 00 00 00 0
  cmd=0x20017 t=0E rc=0x3 data=00 00 00 00 00 00 00 00 00 00 00 00 00 0
  cmd=0x20017 t=10 rc=0x3 data=00 00 00 00 00 00 00 00 00 00 00 00 00 0
  cmd=0x20017 t=12 rc=0x3 data=00 00 00 00 00 00 00 00 00 00 00 00 00 0
  cmd=0x20017 t=14 rc=0x3 data=00 00 00 00 00 00 00 00 00 00 00 00 00 0
  cmd=0x20017 t=16 rc=0x3 data=00 00 00 00 00 00 00 00 00 00 00 00 00 0
  cmd=0x20017 t=18 rc=0x3 data=00 00 00 00 00 00 00 00 00 00 00 00 00 0
  cmd=0x20017 t=1A rc=0x3 data=00 00 00 00 00 00 00 00 00 00 00 00 00 0
  cmd=0x20017 t=1C rc=0x3 data=00 00 00 00 00 00 00 00 00 00 00 00 00 0
  cmd=0x20017 t=1E rc=0x3 data=00 00 00 00 00 00 00 00 00 00 00 00 00 0
  cmd=0x20017 t=20 rc=0x3 data=00 00 00 00 00 00 00 00 00 00 00 00 00 0
  cmd=0x20017 t=22 rc=0x3 data=00 00 00 00 00 00 00 00 00 00 00 00 00 0
  cmd=0x20017 t=24 rc=0x3 data=00 00 00 00 00 00 00 00 00 00 00 00 00 0
  cmd=0x20017 t=26 rc=0x3 data=00 00 00 00 00 00 00 00 00 00 00 00 00 0
  cmd=0x20017 t=28 rc=0x3 data=00 00 00 00 00 00 00 00 00 00 00 00 00 0
  cmd=0x20017 t=2A rc=0x3 data=00 00 00 00 00 00 00 00 00 00 00 00 00 0
  cmd=0x20017 t=2C rc=0x3 data=00 00 00 00 00 00 00 00 00 00 00 00 00 0
  cmd=0x20017 t=2E rc=0x3 data=00 00 00 00 00 00 00 00 00 00 00 00 00 0
  cmd=0x20017 t=30 rc=0x3 data=00 00 00 00 00 00 00 00 00 00 00 00 00 0
  cmd=0x20017 t=32 rc=0x3 data=00 00 00 00 00 00 00 00 00 00 00 00 00 0
  cmd=0x20017 t=34 rc=0x3 data=00 00 00 00 00 00 00 00 00 00 00 00 00 0
  cmd=0x20017 t=36 rc=0x3 data=00 00 00 00 00 00 00 00 00 00 00 00 00 0
  cmd=0x20017 t=38 rc=0x3 data=00 00 00 00 00 00 00 00 00 00 00 00 00 0
  cmd=0x20017 t=3A rc=0x3 data=00 00 00 00 00 00 00 00 00 00 00 00 00 0
  cmd=0x20017 t=3C rc=0x3 data=00 00 00 00 00 00 00 00 00 00 00 00 00 0
  cmd=0x20017 t=3E rc=0x3 data=00 00 00 00 00 00 00 00 00 00 00 00 00 0
  cmd=0x20017 t=40 rc=0x3 data=00 00 00 00 00 00 00 00 00 00 00 00 00 0
  cmd=0x20017 t=42 rc=0x3 data=00 00 00 00 00 00 00 00 00 00 00 00 00 0
  cmd=0x20017 t=44 rc=0x3 data=00 00 00 00 00 00 00 00 00 00 00 00 00 0
  cmd=0x20017 t=46 rc=0x3 data=00 00 00 00 00 00 00 00 00 00 00 00 00 0
  cmd=0x20017 t=48 rc=0x3 data=00 00 00 00 00 00 00 00 00 00 00 00 00 0
  cmd=0x20017 t=4A rc=0x3 data=00 00 00 00 00 00 00 00 00 00 00 00 00 0
  cmd=0x20017 t=4C rc=0x3 data=00 00 00 00 00 00 00 00 00 00 00 00 00 0
  cmd=0x20017 t=4E rc=0x3 data=00 00 00 00 00 00 00 00 00 00 00 00 00 0
  cmd=0x20017 t=50 rc=0x3 data=00 00 00 00 00 00 00 00 00 00 00 00 00 0
  cmd=0x20017 t=52 rc=0x3 data=00 00 00 00 00 00 00 00 00 00 00 00 00 0
  cmd=0x20017 t=54 rc=0x3 data=00 00 00 00 00 00 00 00 00 00 00 00 00 0
  cmd=0x20017 t=56 rc=0x3 data=00 00 00 00 00 00 00 00 00 00 00 00 00 0
  cmd=0x20017 t=58 rc=0x3 data=00 00 00 00 00 00 00 00 00 00 00 00 00 0
  cmd=0x20017 t=5A rc=0x3 data=00 00 00 00 00 00 00 00 00 00 00 00 00 0
  cmd=0x20017 t=5C rc=0x3 data=00 00 00 00 00 00 00 00 00 00 00 00 00 0
  cmd=0x20017 t=5E rc=0x3 data=00 00 00 00 00 00 00 00 00 00 00 00 00 0
  cmd=0x20017 t=60 rc=0x3 data=00 00 00 00 00 00 00 00 00 00 00 00 00 0
  cmd=0x20017 t=62 rc=0x3 data=00 00 00 00 00 00 00 00 00 00 00 00 00 0
  cmd=0x20017 t=64 rc=0x3 data=00 00 00 00 00 00 00 00 00 00 00 00 00 0
  cmd=0x20017 t=66 rc=0x3 data=00 00 00 00 00 00 00 00 00 00 00 00 00 0
  cmd=0x20017 t=68 rc=0x3 data=00 00 00 00 00 00 00 00 00 00 00 00 00 0
  cmd=0x20017 t=6A rc=0x3 data=00 00 00 00 00 00 00 00 00 00 00 00 00 0
  cmd=0x20017 t=6C rc=0x3 data=00 00 00 00 00 00 00 00 00 00 00 00 00 0
  cmd=0x20017 t=6E rc=0x3 data=00 00 00 00 00 00 00 00 00 00 00 00 00 0
  cmd=0x20017 t=70 rc=0x3 data=00 00 00 00 00 00 00 00 00 00 00 00 00 0
  cmd=0x20017 t=72 rc=0x3 data=00 00 00 00 00 00 00 00 00 00 00 00 00 0
  cmd=0x20017 t=74 rc=0x3 data=00 00 00 00 00 00 00 00 00 00 00 00 00 0
  cmd=0x20017 t=76 rc=0x3 data=00 00 00 00 00 00 00 00 00 00 00 00 00 0
  cmd=0x20017 t=78 rc=0x3 data=00 00 00 00 00 00 00 00 00 00 00 00 00 0
  cmd=0x20017 t=7A rc=0x3 data=00 00 00 00 00 00 00 00 00 00 00 00 00 0
  cmd=0x20017 t=7C rc=0x3 data=00 00 00 00 00 00 00 00 00 00 00 00 00 0
  cmd=0x20017 t=7E rc=0x3 data=00 00 00 00 00 00 00 00 00 00 00 00 00 0
  cmd=0x20017 t=80 rc=0x3 data=00 00 00 00 00 00 00 00 00 00 00 00 00 0
  cmd=0x20017 t=82 rc=0x3 data=00 00 00 00 00 00 00 00 00 00 00 00 00 0
  cmd=0x20017 t=84 rc=0x3 data=00 00 00 00 00 00 00 00 00 00 00 00 00 0
  cmd=0x20017 t=86 rc=0x3 data=00 00 00 00 00 00 00 00 00 00 00 00 00 0
  cmd=0x20017 t=88 rc=0x3 data=00 00 00 00 00 00 00 00 00 00 00 00 00 0
  cmd=0x20017 t=8A rc=0x3 data=00 00 00 00 00 00 00 00 00 00 00 00 00 0
  cmd=0x20017 t=8C rc=0x3 data=00 00 00 00 00 00 00 00 00 00 00 00 00 0
  cmd=0x20017 t=8E rc=0x3 data=00 00 00 00 00 00 00 00 00 00 00 00 00 0
  cmd=0x20017 t=90 rc=0x3 data=00 00 00 00 00 00 00 00 00 00 00 00 00 0
  cmd=0x20017 t=92 rc=0x3 data=00 00 00 00 00 00 00 00 00 00 00 00 00 0
  cmd=0x20017 t=94 rc=0x3 data=00 00 00 00 00 00 00 00 00 00 00 00 00 0
  cmd=0x20017 t=96 rc=0x3 data=00 00 00 00 00 00 00 00 00 00 00 00 00 0
  cmd=0x20017 t=98 rc=0x3 data=00 00 00 00 00 00 00 00 00 00 00 00 00 0
  cmd=0x20017 t=9A rc=0x3 data=00 00 00 00 00 00 00 00 00 00 00 00 00 0
  cmd=0x20017 t=9C rc=0x3 data=00 00 00 00 00 00 00 00 00 00 00 00 00 0
  cmd=0x20017 t=9E rc=0x3 data=00 00 00 00 00 00 00 00 00 00 00 00 00 0
  cmd=0x20017 t=A0 rc=0x3 data=00 00 00 00 00 00 00 00 00 00 00 00 00 0
  cmd=0x20017 t=A2 rc=0x3 data=00 00 00 00 00 00 00 00 00 00 00 00 00 0
  cmd=0x20017 t=A4 rc=0x3 data=00 00 00 00 00 00 00 00 00 00 00 00 00 0
  cmd=0x20017 t=A6 rc=0x3 data=00 00 00 00 00 00 00 00 00 00 00 00 00 0
  cmd=0x20017 t=A8 rc=0x3 data=00 00 00 00 00 00 00 00 00 00 00 00 00 0
  cmd=0x20017 t=AA rc=0x3 data=00 00 00 00 00 00 00 00 00 00 00 00 00 0
  cmd=0x20017 t=AC rc=0x3 data=00 00 00 00 00 00 00 00 00 00 00 00 00 0
  cmd=0x20017 t=AE rc=0x3 data=00 00 00 00 00 00 00 00 00 00 00 00 00 0
  cmd=0x20017 t=B0 rc=0x3 data=00 00 00 00 00 00 00 00 00 00 00 00 00 0
  cmd=0x20017 t=B2 rc=0x3 data=00 00 00 00 00 00 00 00 00 00 00 00 00 0
  cmd=0x20017 t=B4 rc=0x3 data=00 00 00 00 00 00 00 00 00 00 00 00 00 0
  cmd=0x20017 t=B6 rc=0x3 data=00 00 00 00 00 00 00 00 00 00 00 00 00 0
  cmd=0x20017 t=B8 rc=0x3 data=00 00 00 00 00 00 00 00 00 00 00 00 00 0
  cmd=0x20017 t=BA rc=0x3 data=00 00 00 00 00 00 00 00 00 00 00 00 00 0
  cmd=0x20017 t=BC rc=0x3 data=00 00 00 00 00 00 00 00 00 00 00 00 00 0
  cmd=0x20017 t=BE rc=0x3 data=00 00 00 00 00 00 00 00 00 00 00 00 00 0
  cmd=0x20017 t=C0 rc=0x3 data=00 00 00 00 00 00 00 00 00 00 00 00 00 0
  cmd=0x20017 t=C2 rc=0x3 data=00 00 00 00 00 00 00 00 00 00 00 00 00 0
  cmd=0x20017 t=C4 rc=0x3 data=00 00 00 00 00 00 00 00 00 00 00 00 00 0
  cmd=0x20017 t=C6 rc=0x3 data=00 00 00 00 00 00 00 00 00 00 00 00 00 0
  cmd=0x20017 t=C8 rc=0x3 data=00 00 00 00 00 00 00 00 00 00 00 00 00 0
  cmd=0x20018 t=00 rc=0x3 data=00 00 00 00 00 00 00 00 00 00 00 00 00 0
  cmd=0x20018 t=02 rc=0x3 data=00 00 00 00 00 00 00 00 00 00 00 00 00 0
  cmd=0x20018 t=04 rc=0x3 data=00 00 00 00 00 00 00 00 00 00 00 00 00 0
  cmd=0x20018 t=06 rc=0x3 data=00 00 00 00 00 00 00 00 00 00 00 00 00 0
  cmd=0x20018 t=08 rc=0x3 data=00 00 00 00 00 00 00 00 00 00 00 00 00 0
  cmd=0x20018 t=0A rc=0x3 data=00 00 00 00 00 00 00 00 00 00 00 00 00 0
  cmd=0x20018 t=0C rc=0x3 data=00 00 00 00 00 00 00 00 00 00 00 00 00 0
  cmd=0x20018 t=0E rc=0x3 data=00 00 00 00 00 00 00 00 00 00 00 00 00 0
  cmd=0x20018 t=10 rc=0x3 data=00 00 00 00 00 00 00 00 00 00 00 00 00 0
  cmd=0x20018 t=12 rc=0x3 data=00 00 00 00 00 00 00 00 00 00 00 00 00 0
  cmd=0x20018 t=14 rc=0x3 data=00 00 00 00 00 00 00 00 00 00 00 00 00 0
  cmd=0x20018 t=16 rc=0x3 data=00 00 00 00 00 00 00 00 00 00 00 00 00 0
  cmd=0x20018 t=18 rc=0x3 data=00 00 00 00 00 00 00 00 00 00 00 00 00 0
  cmd=0x20018 t=1A rc=0x3 data=00 00 00 00 00 00 00 00 00 00 00 00 00 0
  cmd=0x20018 t=1C rc=0x3 data=00 00 00 00 00 00 00 00 00 00 00 00 00 0
  cmd=0x20018 t=1E rc=0x3 data=00 00 00 00 00 00 00 00 00 00 00 00 00 0
  cmd=0x20018 t=20 rc=0x3 data=00 00 00 00 00 00 00 00 00 00 00 00 00 0
  cmd=0x20018 t=22 rc=0x3 data=00 00 00 00 00 00 00 00 00 00 00 00 00 0
  cmd=0x20018 t=24 rc=0x3 data=00 00 00 00 00 00 00 00 00 00 00 00 00 0
  cmd=0x20018 t=26 rc=0x3 data=00 00 00 00 00 00 00 00 00 00 00 00 00 0
  cmd=0x20018 t=28 rc=0x3 data=00 00 00 00 00 00 00 00 00 00 00 00 00 0
  cmd=0x20018 t=2A rc=0x3 data=00 00 00 00 00 00 00 00 00 00 00 00 00 0
  cmd=0x20018 t=2C rc=0x3 data=00 00 00 00 00 00 00 00 00 00 00 00 00 0
  cmd=0x20018 t=2E rc=0x3 data=00 00 00 00 00 00 00 00 00 00 00 00 00 0
  cmd=0x20018 t=30 rc=0x3 data=00 00 00 00 00 00 00 00 00 00 00 00 00 0
  cmd=0x20018 t=32 rc=0x3 data=00 00 00 00 00 00 00 00 00 00 00 00 00 0
  cmd=0x20018 t=34 rc=0x3 data=00 00 00 00 00 00 00 00 00 00 00 00 00 0
  cmd=0x20018 t=36 rc=0x3 data=00 00 00 00 00 00 00 00 00 00 00 00 00 0
  cmd=0x20018 t=38 rc=0x3 data=00 00 00 00 00 00 00 00 00 00 00 00 00 0
  cmd=0x20018 t=3A rc=0x3 data=00 00 00 00 00 00 00 00 00 00 00 00 00 0
  cmd=0x20018 t=3C rc=0x3 data=00 00 00 00 00 00 00 00 00 00 00 00 00 0
  cmd=0x20018 t=3E rc=0x3 data=00 00 00 00 00 00 00 00 00 00 00 00 00 0
  cmd=0x20018 t=40 rc=0x3 data=00 00 00 00 00 00 00 00 00 00 00 00 00 0
  cmd=0x20018 t=42 rc=0x3 data=00 00 00 00 00 00 00 00 00 00 00 00 00 0
  cmd=0x20018 t=44 rc=0x3 data=00 00 00 00 00 00 00 00 00 00 00 00 00 0
  cmd=0x20018 t=46 rc=0x3 data=00 00 00 00 00 00 00 00 00 00 00 00 00 0
  cmd=0x20018 t=48 rc=0x3 data=00 00 00 00 00 00 00 00 00 00 00 00 00 0
  cmd=0x20018 t=4A rc=0x3 data=00 00 00 00 00 00 00 00 00 00 00 00 00 0
  cmd=0x20018 t=4C rc=0x3 data=00 00 00 00 00 00 00 00 00 00 00 00 00 0
  cmd=0x20018 t=4E rc=0x3 data=00 00 00 00 00 00 00 00 00 00 00 00 00 0
  cmd=0x20018 t=50 rc=0x3 data=00 00 00 00 00 00 00 00 00 00 00 00 00 0
  cmd=0x20018 t=52 rc=0x3 data=00 00 00 00 00 00 00 00 00 00 00 00 00 0
  cmd=0x20018 t=54 rc=0x3 data=00 00 00 00 00 00 00 00 00 00 00 00 00 0
  cmd=0x20018 t=56 rc=0x3 data=00 00 00 00 00 00 00 00 00 00 00 00 00 0
  cmd=0x20018 t=58 rc=0x3 data=00 00 00 00 00 00 00 00 00 00 00 00 00 0
  cmd=0x20018 t=5A rc=0x3 data=00 00 00 00 00 00 00 00 00 00 00 00 00 0
  cmd=0x20018 t=5C rc=0x3 data=00 00 00 00 00 00 00 00 00 00 00 00 00 0
  cmd=0x20018 t=5E rc=0x3 data=00 00 00 00 00 00 00 00 00 00 00 00 00 0
  cmd=0x20018 t=60 rc=0x3 data=00 00 00 00 00 00 00 00 00 00 00 00 00 0
  cmd=0x20018 t=62 rc=0x3 data=00 00 00 00 00 00 00 00 00 00 00 00 00 0
  cmd=0x20018 t=64 rc=0x3 data=00 00 00 00 00 00 00 00 00 00 00 00 00 0
  cmd=0x20018 t=66 rc=0x3 data=00 00 00 00 00 00 00 00 00 00 00 00 00 0
  cmd=0x20018 t=68 rc=0x3 data=00 00 00 00 00 00 00 00 00 00 00 00 00 0
  cmd=0x20018 t=6A rc=0x3 data=00 00 00 00 00 00 00 00 00 00 00 00 00 0
  cmd=0x20018 t=6C rc=0x3 data=00 00 00 00 00 00 00 00 00 00 00 00 00 0
  cmd=0x20018 t=6E rc=0x3 data=00 00 00 00 00 00 00 00 00 00 00 00 00 0
  cmd=0x20018 t=70 rc=0x3 data=00 00 00 00 00 00 00 00 00 00 00 00 00 0
  cmd=0x20018 t=72 rc=0x3 data=00 00 00 00 00 00 00 00 00 00 00 00 00 0
  cmd=0x20018 t=74 rc=0x3 data=00 00 00 00 00 00 00 00 00 00 00 00 00 0
  cmd=0x20018 t=76 rc=0x3 data=00 00 00 00 00 00 00 00 00 00 00 00 00 0
  cmd=0x20018 t=78 rc=0x3 data=00 00 00 00 00 00 00 00 00 00 00 00 00 0
  cmd=0x20018 t=7A rc=0x3 data=00 00 00 00 00 00 00 00 00 00 00 00 00 0
  cmd=0x20018 t=7C rc=0x3 data=00 00 00 00 00 00 00 00 00 00 00 00 00 0
  cmd=0x20018 t=7E rc=0x3 data=00 00 00 00 00 00 00 00 00 00 00 00 00 0
  cmd=0x20018 t=80 rc=0x3 data=00 00 00 00 00 00 00 00 00 00 00 00 00 0
  cmd=0x20018 t=82 rc=0x3 data=00 00 00 00 00 00 00 00 00 00 00 00 00 0
  cmd=0x20018 t=84 rc=0x3 data=00 00 00 00 00 00 00 00 00 00 00 00 00 0
  cmd=0x20018 t=86 rc=0x3 data=00 00 00 00 00 00 00 00 00 00 00 00 00 0
  cmd=0x20018 t=88 rc=0x3 data=00 00 00 00 00 00 00 00 00 00 00 00 00 0
  cmd=0x20018 t=8A rc=0x3 data=00 00 00 00 00 00 00 00 00 00 00 00 00 0
  cmd=0x20018 t=8C rc=0x3 data=00 00 00 00 00 00 00 00 00 00 00 00 00 0
  cmd=0x20018 t=8E rc=0x3 data=00 00 00 00 00 00 00 00 00 00 00 00 00 0
  cmd=0x20018 t=90 rc=0x3 data=00 00 00 00 00 00 00 00 00 00 00 00 00 0
  cmd=0x20018 t=92 rc=0x3 data=00 00 00 00 00 00 00 00 00 00 00 00 00 0
  cmd=0x20018 t=94 rc=0x3 data=00 00 00 00 00 00 00 00 00 00 00 00 00 0
  cmd=0x20018 t=96 rc=0x3 data=00 00 00 00 00 00 00 00 00 00 00 00 00 0
  cmd=0x20018 t=98 rc=0x3 data=00 00 00 00 00 00 00 00 00 00 00 00 00 0
  cmd=0x20018 t=9A rc=0x3 data=00 00 00 00 00 00 00 00 00 00 00 00 00 0
  cmd=0x20018 t=9C rc=0x3 data=00 00 00 00 00 00 00 00 00 00 00 00 00 0
  cmd=0x20018 t=9E rc=0x3 data=00 00 00 00 00 00 00 00 00 00 00 00 00 0
  cmd=0x20018 t=A0 rc=0x3 data=00 00 00 00 00 00 00 00 00 00 00 00 00 0
  cmd=0x20018 t=A2 rc=0x3 data=00 00 00 00 00 00 00 00 00 00 00 00 00 0
  cmd=0x20018 t=A4 rc=0x3 data=00 00 00 00 00 00 00 00 00 00 00 00 00 0
  cmd=0x20018 t=A6 rc=0x3 data=00 00 00 00 00 00 00 00 00 00 00 00 00 0
  cmd=0x20018 t=A8 rc=0x3 data=00 00 00 00 00 00 00 00 00 00 00 00 00 0
  cmd=0x20018 t=AA rc=0x3 data=00 00 00 00 00 00 00 00 00 00 00 00 00 0
  cmd=0x20018 t=AC rc=0x3 data=00 00 00 00 00 00 00 00 00 00 00 00 00 0
  cmd=0x20018 t=AE rc=0x3 data=00 00 00 00 00 00 00 00 00 00 00 00 00 0
  cmd=0x20018 t=B0 rc=0x3 data=00 00 00 00 00 00 00 00 00 00 00 00 00 0
  cmd=0x20018 t=B2 rc=0x3 data=00 00 00 00 00 00 00 00 00 00 00 00 00 0
  cmd=0x20018 t=B4 rc=0x3 data=00 00 00 00 00 00 00 00 00 00 00 00 00 0
  cmd=0x20018 t=B6 rc=0x3 data=00 00 00 00 00 00 00 00 00 00 00 00 00 0
  cmd=0x20018 t=B8 rc=0x3 data=00 00 00 00 00 00 00 00 00 00 00 00 00 0
  cmd=0x20018 t=BA rc=0x3 data=00 00 00 00 00 00 00 00 00 00 00 00 00 0
  cmd=0x20018 t=BC rc=0x3 data=00 00 00 00 00 00 00 00 00 00 00 00 00 0
  cmd=0x20018 t=BE rc=0x3 data=00 00 00 00 00 00 00 00 00 00 00 00 00 0
  cmd=0x20018 t=C0 rc=0x3 data=00 00 00 00 00 00 00 00 00 00 00 00 00 0
  cmd=0x20018 t=C2 rc=0x3 data=00 00 00 00 00 00 00 00 00 00 00 00 00 0
  cmd=0x20018 t=C4 rc=0x3 data=00 00 00 00 00 00 00 00 00 00 00 00 00 0
  cmd=0x20018 t=C6 rc=0x3 data=00 00 00 00 00 00 00 00 00 00 00 00 00 0
  cmd=0x20018 t=C8 rc=0x3 data=00 00 00 00 00 00 00 00 00 00 00 00 00 0
  cmd=0x20019 t=00 rc=0x3 data=00 00 00 00 00 00 00 00 00 00 00 00 00 0
  cmd=0x20019 t=02 rc=0x3 data=00 00 00 00 00 00 00 00 00 00 00 00 00 0
  cmd=0x20019 t=04 rc=0x3 data=00 00 00 00 00 00 00 00 00 00 00 00 00 0
  cmd=0x20019 t=06 rc=0x3 data=00 00 00 00 00 00 00 00 00 00 00 00 00 0
  cmd=0x20019 t=08 rc=0x3 data=00 00 00 00 00 00 00 00 00 00 00 00 00 0
  cmd=0x20019 t=0A rc=0x3 data=00 00 00 00 00 00 00 00 00 00 00 00 00 0
  cmd=0x20019 t=0C rc=0x3 data=00 00 00 00 00 00 00 00 00 00 00 00 00 0
  cmd=0x20019 t=0E rc=0x3 data=00 00 00 00 00 00 00 00 00 00 00 00 00 0
  cmd=0x20019 t=10 rc=0x3 data=00 00 00 00 00 00 00 00 00 00 00 00 00 0
  cmd=0x20019 t=12 rc=0x3 data=00 00 00 00 00 00 00 00 00 00 00 00 00 0
  cmd=0x20019 t=14 rc=0x3 data=00 00 00 00 00 00 00 00 00 00 00 00 00 0
  cmd=0x20019 t=16 rc=0x3 data=00 00 00 00 00 00 00 00 00 00 00 00 00 0
  cmd=0x20019 t=18 rc=0x3 data=00 00 00 00 00 00 00 00 00 00 00 00 00 0
  cmd=0x20019 t=1A rc=0x3 data=00 00 00 00 00 00 00 00 00 00 00 00 00 0
  cmd=0x20019 t=1C rc=0x3 data=00 00 00 00 00 00 00 00 00 00 00 00 00 0
  cmd=0x20019 t=1E rc=0x3 data=00 00 00 00 00 00 00 00 00 00 00 00 00 0
  cmd=0x20019 t=20 rc=0x3 data=00 00 00 00 00 00 00 00 00 00 00 00 00 0
  cmd=0x20019 t=22 rc=0x3 data=00 00 00 00 00 00 00 00 00 00 00 00 00 0
  cmd=0x20019 t=24 rc=0x3 data=00 00 00 00 00 00 00 00 00 00 00 00 00 0
  cmd=0x20019 t=26 rc=0x3 data=00 00 00 00 00 00 00 00 00 00 00 00 00 0
  cmd=0x20019 t=28 rc=0x3 data=00 00 00 00 00 00 00 00 00 00 00 00 00 0
  cmd=0x20019 t=2A rc=0x3 data=00 00 00 00 00 00 00 00 00 00 00 00 00 0
  cmd=0x20019 t=2C rc=0x3 data=00 00 00 00 00 00 00 00 00 00 00 00 00 0
  cmd=0x20019 t=2E rc=0x3 data=00 00 00 00 00 00 00 00 00 00 00 00 00 0
  cmd=0x20019 t=30 rc=0x3 data=00 00 00 00 00 00 00 00 00 00 00 00 00 0
  cmd=0x20019 t=32 rc=0x3 data=00 00 00 00 00 00 00 00 00 00 00 00 00 0
  cmd=0x20019 t=34 rc=0x3 data=00 00 00 00 00 00 00 00 00 00 00 00 00 0
  cmd=0x20019 t=36 rc=0x3 data=00 00 00 00 00 00 00 00 00 00 00 00 00 0
  cmd=0x20019 t=38 rc=0x3 data=00 00 00 00 00 00 00 00 00 00 00 00 00 0
  cmd=0x20019 t=3A rc=0x3 data=00 00 00 00 00 00 00 00 00 00 00 00 00 0
  cmd=0x20019 t=3C rc=0x3 data=00 00 00 00 00 00 00 00 00 00 00 00 00 0
  cmd=0x20019 t=3E rc=0x3 data=00 00 00 00 00 00 00 00 00 00 00 00 00 0
  cmd=0x20019 t=40 rc=0x3 data=00 00 00 00 00 00 00 00 00 00 00 00 00 0
  cmd=0x20019 t=42 rc=0x3 data=00 00 00 00 00 00 00 00 00 00 00 00 00 0
  cmd=0x20019 t=44 rc=0x3 data=00 00 00 00 00 00 00 00 00 00 00 00 00 0
  cmd=0x20019 t=46 rc=0x3 data=00 00 00 00 00 00 00 00 00 00 00 00 00 0
  cmd=0x20019 t=48 rc=0x3 data=00 00 00 00 00 00 00 00 00 00 00 00 00 0
  cmd=0x20019 t=4A rc=0x3 data=00 00 00 00 00 00 00 00 00 00 00 00 00 0
  cmd=0x20019 t=4C rc=0x3 data=00 00 00 00 00 00 00 00 00 00 00 00 00 0
  cmd=0x20019 t=4E rc=0x3 data=00 00 00 00 00 00 00 00 00 00 00 00 00 0
  cmd=0x20019 t=50 rc=0x3 data=00 00 00 00 00 00 00 00 00 00 00 00 00 0
  cmd=0x20019 t=52 rc=0x3 data=00 00 00 00 00 00 00 00 00 00 00 00 00 0
  cmd=0x20019 t=54 rc=0x3 data=00 00 00 00 00 00 00 00 00 00 00 00 00 0
  cmd=0x20019 t=56 rc=0x3 data=00 00 00 00 00 00 00 00 00 00 00 00 00 0
  cmd=0x20019 t=58 rc=0x3 data=00 00 00 00 00 00 00 00 00 00 00 00 00 0
  cmd=0x20019 t=5A rc=0x3 data=00 00 00 00 00 00 00 00 00 00 00 00 00 0
  cmd=0x20019 t=5C rc=0x3 data=00 00 00 00 00 00 00 00 00 00 00 00 00 0
  cmd=0x20019 t=5E rc=0x3 data=00 00 00 00 00 00 00 00 00 00 00 00 00 0
  cmd=0x20019 t=60 rc=0x3 data=00 00 00 00 00 00 00 00 00 00 00 00 00 0
  cmd=0x20019 t=62 rc=0x3 data=00 00 00 00 00 00 00 00 00 00 00 00 00 0
  cmd=0x20019 t=64 rc=0x3 data=00 00 00 00 00 00 00 00 00 00 00 00 00 0
  cmd=0x20019 t=66 rc=0x3 data=00 00 00 00 00 00 00 00 00 00 00 00 00 0
  cmd=0x20019 t=68 rc=0x3 data=00 00 00 00 00 00 00 00 00 00 00 00 00 0
  cmd=0x20019 t=6A rc=0x3 data=00 00 00 00 00 00 00 00 00 00 00 00 00 0
  cmd=0x20019 t=6C rc=0x3 data=00 00 00 00 00 00 00 00 00 00 00 00 00 0
  cmd=0x20019 t=6E rc=0x3 data=00 00 00 00 00 00 00 00 00 00 00 00 00 0
  cmd=0x20019 t=70 rc=0x3 data=00 00 00 00 00 00 00 00 00 00 00 00 00 0
  cmd=0x20019 t=72 rc=0x3 data=00 00 00 00 00 00 00 00 00 00 00 00 00 0
  cmd=0x20019 t=74 rc=0x3 data=00 00 00 00 00 00 00 00 00 00 00 00 00 0
  cmd=0x20019 t=76 rc=0x3 data=00 00 00 00 00 00 00 00 00 00 00 00 00 0
  cmd=0x20019 t=78 rc=0x3 data=00 00 00 00 00 00 00 00 00 00 00 00 00 0
  cmd=0x20019 t=7A rc=0x3 data=00 00 00 00 00 00 00 00 00 00 00 00 00 0
  cmd=0x20019 t=7C rc=0x3 data=00 00 00 00 00 00 00 00 00 00 00 00 00 0
  cmd=0x20019 t=7E rc=0x3 data=00 00 00 00 00 00 00 00 00 00 00 00 00 0
  cmd=0x20019 t=80 rc=0x3 data=00 00 00 00 00 00 00 00 00 00 00 00 00 0
  cmd=0x20019 t=82 rc=0x3 data=00 00 00 00 00 00 00 00 00 00 00 00 00 0
  cmd=0x20019 t=84 rc=0x3 data=00 00 00 00 00 00 00 00 00 00 00 00 00 0
  cmd=0x20019 t=86 rc=0x3 data=00 00 00 00 00 00 00 00 00 00 00 00 00 0
  cmd=0x20019 t=88 rc=0x3 data=00 00 00 00 00 00 00 00 00 00 00 00 00 0
  cmd=0x20019 t=8A rc=0x3 data=00 00 00 00 00 00 00 00 00 00 00 00 00 0
  cmd=0x20019 t=8C rc=0x3 data=00 00 00 00 00 00 00 00 00 00 00 00 00 0
  cmd=0x20019 t=8E rc=0x3 data=00 00 00 00 00 00 00 00 00 00 00 00 00 0
  cmd=0x20019 t=90 rc=0x3 data=00 00 00 00 00 00 00 00 00 00 00 00 00 0
  cmd=0x20019 t=92 rc=0x3 data=00 00 00 00 00 00 00 00 00 00 00 00 00 0
  cmd=0x20019 t=94 rc=0x3 data=00 00 00 00 00 00 00 00 00 00 00 00 00 0
  cmd=0x20019 t=96 rc=0x3 data=00 00 00 00 00 00 00 00 00 00 00 00 00 0
  cmd=0x20019 t=98 rc=0x3 data=00 00 00 00 00 00 00 00 00 00 00 00 00 0
  cmd=0x20019 t=9A rc=0x3 data=00 00 00 00 00 00 00 00 00 00 00 00 00 0
  cmd=0x20019 t=9C rc=0x3 data=00 00 00 00 00 00 00 00 00 00 00 00 00 0
  cmd=0x20019 t=9E rc=0x3 data=00 00 00 00 00 00 00 00 00 00 00 00 00 0
  cmd=0x20019 t=A0 rc=0x3 data=00 00 00 00 00 00 00 00 00 00 00 00 00 0
  cmd=0x20019 t=A2 rc=0x3 data=00 00 00 00 00 00 00 00 00 00 00 00 00 0
  cmd=0x20019 t=A4 rc=0x3 data=00 00 00 00 00 00 00 00 00 00 00 00 00 0
  cmd=0x20019 t=A6 rc=0x3 data=00 00 00 00 00 00 00 00 00 00 00 00 00 0
  cmd=0x20019 t=A8 rc=0x3 data=00 00 00 00 00 00 00 00 00 00 00 00 00 0
  cmd=0x20019 t=AA rc=0x3 data=00 00 00 00 00 00 00 00 00 00 00 00 00 0
  cmd=0x20019 t=AC rc=0x3 data=00 00 00 00 00 00 00 00 00 00 00 00 00 0
  cmd=0x20019 t=AE rc=0x3 data=00 00 00 00 00 00 00 00 00 00 00 00 00 0
  cmd=0x20019 t=B0 rc=0x3 data=00 00 00 00 00 00 00 00 00 00 00 00 00 0
  cmd=0x20019 t=B2 rc=0x3 data=00 00 00 00 00 00 00 00 00 00 00 00 00 0
  cmd=0x20019 t=B4 rc=0x3 data=00 00 00 00 00 00 00 00 00 00 00 00 00 0
  cmd=0x20019 t=B6 rc=0x3 data=00 00 00 00 00 00 00 00 00 00 00 00 00 0
  cmd=0x20019 t=B8 rc=0x3 data=00 00 00 00 00 00 00 00 00 00 00 00 00 0
  cmd=0x20019 t=BA rc=0x3 data=00 00 00 00 00 00 00 00 00 00 00 00 00 0
  cmd=0x20019 t=BC rc=0x3 data=00 00 00 00 00 00 00 00 00 00 00 00 00 0
  cmd=0x20019 t=BE rc=0x3 data=00 00 00 00 00 00 00 00 00 00 00 00 00 0
  cmd=0x20019 t=C0 rc=0x3 data=00 00 00 00 00 00 00 00 00 00 00 00 00 0
  cmd=0x20019 t=C2 rc=0x3 data=00 00 00 00 00 00 00 00 00 00 00 00 00 0
  cmd=0x20019 t=C4 rc=0x3 data=00 00 00 00 00 00 00 00 00 00 00 00 00 0
  cmd=0x20019 t=C6 rc=0x3 data=00 00 00 00 00 00 00 00 00 00 00 00 00 0
  cmd=0x20019 t=C8 rc=0x3 data=00 00 00 00 00 00 00 00 00 00 00 00 00 0
  cmd=0x2001A t=00 rc=0x3 data=00 00 00 00 00 00 00 00 00 00 00 00 00 0
  cmd=0x2001A t=02 rc=0x3 data=00 00 00 00 00 00 00 00 00 00 00 00 00 0
  cmd=0x2001A t=04 rc=0x3 data=00 00 00 00 00 00 00 00 00 00 00 00 00 0
  cmd=0x2001A t=06 rc=0x3 data=00 00 00 00 00 00 00 00 00 00 00 00 00 0
  cmd=0x2001A t=08 rc=0x3 data=00 00 00 00 00 00 00 00 00 00 00 00 00 0
  cmd=0x2001A t=0A rc=0x3 data=00 00 00 00 00 00 00 00 00 00 00 00 00 0
  cmd=0x2001A t=0C rc=0x3 data=00 00 00 00 00 00 00 00 00 00 00 00 00 0
  cmd=0x2001A t=0E rc=0x3 data=00 00 00 00 00 00 00 00 00 00 00 00 00 0
  cmd=0x2001A t=10 rc=0x3 data=00 00 00 00 00 00 00 00 00 00 00 00 00 0
  cmd=0x2001A t=12 rc=0x3 data=00 00 00 00 00 00 00 00 00 00 00 00 00 0
  cmd=0x2001A t=14 rc=0x3 data=00 00 00 00 00 00 00 00 00 00 00 00 00 0
  cmd=0x2001A t=16 rc=0x3 data=00 00 00 00 00 00 00 00 00 00 00 00 00 0
  cmd=0x2001A t=18 rc=0x3 data=00 00 00 00 00 00 00 00 00 00 00 00 00 0
  cmd=0x2001A t=1A rc=0x3 data=00 00 00 00 00 00 00 00 00 00 00 00 00 0
  cmd=0x2001A t=1C rc=0x3 data=00 00 00 00 00 00 00 00 00 00 00 00 00 0
  cmd=0x2001A t=1E rc=0x3 data=00 00 00 00 00 00 00 00 00 00 00 00 00 0
  cmd=0x2001A t=20 rc=0x3 data=00 00 00 00 00 00 00 00 00 00 00 00 00 0
  cmd=0x2001A t=22 rc=0x3 data=00 00 00 00 00 00 00 00 00 00 00 00 00 0
  cmd=0x2001A t=24 rc=0x3 data=00 00 00 00 00 00 00 00 00 00 00 00 00 0
  cmd=0x2001A t=26 rc=0x3 data=00 00 00 00 00 00 00 00 00 00 00 00 00 0
  cmd=0x2001A t=28 rc=0x3 data=00 00 00 00 00 00 00 00 00 00 00 00 00 0
  cmd=0x2001A t=2A rc=0x3 data=00 00 00 00 00 00 00 00 00 00 00 00 00 0
  cmd=0x2001A t=2C rc=0x3 data=00 00 00 00 00 00 00 00 00 00 00 00 00 0
  cmd=0x2001A t=2E rc=0x3 data=00 00 00 00 00 00 00 00 00 00 00 00 00 0
  cmd=0x2001A t=30 rc=0x3 data=00 00 00 00 00 00 00 00 00 00 00 00 00 0
  cmd=0x2001A t=32 rc=0x3 data=00 00 00 00 00 00 00 00 00 00 00 00 00 0
  cmd=0x2001A t=34 rc=0x3 data=00 00 00 00 00 00 00 00 00 00 00 00 00 0
  cmd=0x2001A t=36 rc=0x3 data=00 00 00 00 00 00 00 00 00 00 00 00 00 0
  cmd=0x2001A t=38 rc=0x3 data=00 00 00 00 00 00 00 00 00 00 00 00 00 0
  cmd=0x2001A t=3A rc=0x3 data=00 00 00 00 00 00 00 00 00 00 00 00 00 0
  cmd=0x2001A t=3C rc=0x3 data=00 00 00 00 00 00 00 00 00 00 00 00 00 0
  cmd=0x2001A t=3E rc=0x3 data=00 00 00 00 00 00 00 00 00 00 00 00 00 0
  cmd=0x2001A t=40 rc=0x3 data=00 00 00 00 00 00 00 00 00 00 00 00 00 0
  cmd=0x2001A t=42 rc=0x3 data=00 00 00 00 00 00 00 00 00 00 00 00 00 0
  cmd=0x2001A t=44 rc=0x3 data=00 00 00 00 00 00 00 00 00 00 00 00 00 0
  cmd=0x2001A t=46 rc=0x3 data=00 00 00 00 00 00 00 00 00 00 00 00 00 0
  cmd=0x2001A t=48 rc=0x3 data=00 00 00 00 00 00 00 00 00 00 00 00 00 0
  cmd=0x2001A t=4A rc=0x3 data=00 00 00 00 00 00 00 00 00 00 00 00 00 0
  cmd=0x2001A t=4C rc=0x3 data=00 00 00 00 00 00 00 00 00 00 00 00 00 0
  cmd=0x2001A t=4E rc=0x3 data=00 00 00 00 00 00 00 00 00 00 00 00 00 0
  cmd=0x2001A t=50 rc=0x3 data=00 00 00 00 00 00 00 00 00 00 00 00 00 0
  cmd=0x2001A t=52 rc=0x3 data=00 00 00 00 00 00 00 00 00 00 00 00 00 0
  cmd=0x2001A t=54 rc=0x3 data=00 00 00 00 00 00 00 00 00 00 00 00 00 0
  cmd=0x2001A t=56 rc=0x3 data=00 00 00 00 00 00 00 00 00 00 00 00 00 0
  cmd=0x2001A t=58 rc=0x3 data=00 00 00 00 00 00 00 00 00 00 00 00 00 0
  cmd=0x2001A t=5A rc=0x3 data=00 00 00 00 00 00 00 00 00 00 00 00 00 0
  cmd=0x2001A t=5C rc=0x3 data=00 00 00 00 00 00 00 00 00 00 00 00 00 0
  cmd=0x2001A t=5E rc=0x3 data=00 00 00 00 00 00 00 00 00 00 00 00 00 0
  cmd=0x2001A t=60 rc=0x3 data=00 00 00 00 00 00 00 00 00 00 00 00 00 0
  cmd=0x2001A t=62 rc=0x3 data=00 00 00 00 00 00 00 00 00 00 00 00 00 0
  cmd=0x2001A t=64 rc=0x3 data=00 00 00 00 00 00 00 00 00 00 00 00 00 0
  cmd=0x2001A t=66 rc=0x3 data=00 00 00 00 00 00 00 00 00 00 00 00 00 0
  cmd=0x2001A t=68 rc=0x3 data=00 00 00 00 00 00 00 00 00 00 00 00 00 0
  cmd=0x2001A t=6A rc=0x3 data=00 00 00 00 00 00 00 00 00 00 00 00 00 0
  cmd=0x2001A t=6C rc=0x3 data=00 00 00 00 00 00 00 00 00 00 00 00 00 0
  cmd=0x2001A t=6E rc=0x3 data=00 00 00 00 00 00 00 00 00 00 00 00 00 0
  cmd=0x2001A t=70 rc=0x3 data=00 00 00 00 00 00 00 00 00 00 00 00 00 0
  cmd=0x2001A t=72 rc=0x3 data=00 00 00 00 00 00 00 00 00 00 00 00 00 0
  cmd=0x2001A t=74 rc=0x3 data=00 00 00 00 00 00 00 00 00 00 00 00 00 0
  cmd=0x2001A t=76 rc=0x3 data=00 00 00 00 00 00 00 00 00 00 00 00 00 0
  cmd=0x2001A t=78 rc=0x3 data=00 00 00 00 00 00 00 00 00 00 00 00 00 0
  cmd=0x2001A t=7A rc=0x3 data=00 00 00 00 00 00 00 00 00 00 00 00 00 0
  cmd=0x2001A t=7C rc=0x3 data=00 00 00 00 00 00 00 00 00 00 00 00 00 0
  cmd=0x2001A t=7E rc=0x3 data=00 00 00 00 00 00 00 00 00 00 00 00 00 0
  cmd=0x2001A t=80 rc=0x3 data=00 00 00 00 00 00 00 00 00 00 00 00 00 0
  cmd=0x2001A t=82 rc=0x3 data=00 00 00 00 00 00 00 00 00 00 00 00 00 0
  cmd=0x2001A t=84 rc=0x3 data=00 00 00 00 00 00 00 00 00 00 00 00 00 0
  cmd=0x2001A t=86 rc=0x3 data=00 00 00 00 00 00 00 00 00 00 00 00 00 0
  cmd=0x2001A t=88 rc=0x3 data=00 00 00 00 00 00 00 00 00 00 00 00 00 0
  cmd=0x2001A t=8A rc=0x3 data=00 00 00 00 00 00 00 00 00 00 00 00 00 0
  cmd=0x2001A t=8C rc=0x3 data=00 00 00 00 00 00 00 00 00 00 00 00 00 0
  cmd=0x2001A t=8E rc=0x3 data=00 00 00 00 00 00 00 00 00 00 00 00 00 0
  cmd=0x2001A t=90 rc=0x3 data=00 00 00 00 00 00 00 00 00 00 00 00 00 0
  cmd=0x2001A t=92 rc=0x3 data=00 00 00 00 00 00 00 00 00 00 00 00 00 0
  cmd=0x2001A t=94 rc=0x3 data=00 00 00 00 00 00 00 00 00 00 00 00 00 0
  cmd=0x2001A t=96 rc=0x3 data=00 00 00 00 00 00 00 00 00 00 00 00 00 0
  cmd=0x2001A t=98 rc=0x3 data=00 00 00 00 00 00 00 00 00 00 00 00 00 0
  cmd=0x2001A t=9A rc=0x3 data=00 00 00 00 00 00 00 00 00 00 00 00 00 0
  cmd=0x2001A t=9C rc=0x3 data=00 00 00 00 00 00 00 00 00 00 00 00 00 0
  cmd=0x2001A t=9E rc=0x3 data=00 00 00 00 00 00 00 00 00 00 00 00 00 0
  cmd=0x2001A t=A0 rc=0x3 data=00 00 00 00 00 00 00 00 00 00 00 00 00 0
  cmd=0x2001A t=A2 rc=0x3 data=00 00 00 00 00 00 00 00 00 00 00 00 00 0
  cmd=0x2001A t=A4 rc=0x3 data=00 00 00 00 00 00 00 00 00 00 00 00 00 0
  cmd=0x2001A t=A6 rc=0x3 data=00 00 00 00 00 00 00 00 00 00 00 00 00 0
  cmd=0x2001A t=A8 rc=0x3 data=00 00 00 00 00 00 00 00 00 00 00 00 00 0
  cmd=0x2001A t=AA rc=0x3 data=00 00 00 00 00 00 00 00 00 00 00 00 00 0
  cmd=0x2001A t=AC rc=0x3 data=00 00 00 00 00 00 00 00 00 00 00 00 00 0
  cmd=0x2001A t=AE rc=0x3 data=00 00 00 00 00 00 00 00 00 00 00 00 00 0
  cmd=0x2001A t=B0 rc=0x3 data=00 00 00 00 00 00 00 00 00 00 00 00 00 0
  cmd=0x2001A t=B2 rc=0x3 data=00 00 00 00 00 00 00 00 00 00 00 00 00 0
  cmd=0x2001A t=B4 rc=0x3 data=00 00 00 00 00 00 00 00 00 00 00 00 00 0
  cmd=0x2001A t=B6 rc=0x3 data=00 00 00 00 00 00 00 00 00 00 00 00 00 0
  cmd=0x2001A t=B8 rc=0x3 data=00 00 00 00 00 00 00 00 00 00 00 00 00 0
  cmd=0x2001A t=BA rc=0x3 data=00 00 00 00 00 00 00 00 00 00 00 00 00 0
  cmd=0x2001A t=BC rc=0x3 data=00 00 00 00 00 00 00 00 00 00 00 00 00 0
  cmd=0x2001A t=BE rc=0x3 data=00 00 00 00 00 00 00 00 00 00 00 00 00 0
  cmd=0x2001A t=C0 rc=0x3 data=00 00 00 00 00 00 00 00 00 00 00 00 00 0
  cmd=0x2001A t=C2 rc=0x3 data=00 00 00 00 00 00 00 00 00 00 00 00 00 0
  cmd=0x2001A t=C4 rc=0x3 data=00 00 00 00 00 00 00 00 00 00 00 00 00 0
  cmd=0x2001A t=C6 rc=0x3 data=00 00 00 00 00 00 00 00 00 00 00 00 00 0
  cmd=0x2001A t=C8 rc=0x3 data=00 00 00 00 00 00 00 00 00 00 00 00 00 0
  cmd=0x2001B t=00 rc=0x3 data=00 00 00 00 00 00 00 00 00 00 00 00 00 0
  cmd=0x2001B t=02 rc=0x3 data=00 00 00 00 00 00 00 00 00 00 00 00 00 0
  cmd=0x2001B t=04 rc=0x3 data=00 00 00 00 00 00 00 00 00 00 00 00 00 0
  cmd=0x2001B t=06 rc=0x3 data=00 00 00 00 00 00 00 00 00 00 00 00 00 0
  cmd=0x2001B t=08 rc=0x3 data=00 00 00 00 00 00 00 00 00 00 00 00 00 0
  cmd=0x2001B t=0A rc=0x3 data=00 00 00 00 00 00 00 00 00 00 00 00 00 0
  cmd=0x2001B t=0C rc=0x3 data=00 00 00 00 00 00 00 00 00 00 00 00 00 0
  cmd=0x2001B t=0E rc=0x3 data=00 00 00 00 00 00 00 00 00 00 00 00 00 0
  cmd=0x2001B t=10 rc=0x3 data=00 00 00 00 00 00 00 00 00 00 00 00 00 0
  cmd=0x2001B t=12 rc=0x3 data=00 00 00 00 00 00 00 00 00 00 00 00 00 0
  cmd=0x2001B t=14 rc=0x3 data=00 00 00 00 00 00 00 00 00 00 00 00 00 0
  cmd=0x2001B t=16 rc=0x3 data=00 00 00 00 00 00 00 00 00 00 00 00 00 0
  cmd=0x2001B t=18 rc=0x3 data=00 00 00 00 00 00 00 00 00 00 00 00 00 0
  cmd=0x2001B t=1A rc=0x3 data=00 00 00 00 00 00 00 00 00 00 00 00 00 0
  cmd=0x2001B t=1C rc=0x3 data=00 00 00 00 00 00 00 00 00 00 00 00 00 0
  cmd=0x2001B t=1E rc=0x3 data=00 00 00 00 00 00 00 00 00 00 00 00 00 0
  cmd=0x2001B t=20 rc=0x3 data=00 00 00 00 00 00 00 00 00 00 00 00 00 0
  cmd=0x2001B t=22 rc=0x3 data=00 00 00 00 00 00 00 00 00 00 00 00 00 0
  cmd=0x2001B t=24 rc=0x3 data=00 00 00 00 00 00 00 00 00 00 00 00 00 0
  cmd=0x2001B t=26 rc=0x3 data=00 00 00 00 00 00 00 00 00 00 00 00 00 0
  cmd=0x2001B t=28 rc=0x3 data=00 00 00 00 00 00 00 00 00 00 00 00 00 0
  cmd=0x2001B t=2A rc=0x3 data=00 00 00 00 00 00 00 00 00 00 00 00 00 0
  cmd=0x2001B t=2C rc=0x3 data=00 00 00 00 00 00 00 00 00 00 00 00 00 0
  cmd=0x2001B t=2E rc=0x3 data=00 00 00 00 00 00 00 00 00 00 00 00 00 0
  cmd=0x2001B t=30 rc=0x3 data=00 00 00 00 00 00 00 00 00 00 00 00 00 0
  cmd=0x2001B t=32 rc=0x3 data=00 00 00 00 00 00 00 00 00 00 00 00 00 0
  cmd=0x2001B t=34 rc=0x3 data=00 00 00 00 00 00 00 00 00 00 00 00 00 0
  cmd=0x2001B t=36 rc=0x3 data=00 00 00 00 00 00 00 00 00 00 00 00 00 0
  cmd=0x2001B t=38 rc=0x3 data=00 00 00 00 00 00 00 00 00 00 00 00 00 0
  cmd=0x2001B t=3A rc=0x3 data=00 00 00 00 00 00 00 00 00 00 00 00 00 0
  cmd=0x2001B t=3C rc=0x3 data=00 00 00 00 00 00 00 00 00 00 00 00 00 0
  cmd=0x2001B t=3E rc=0x3 data=00 00 00 00 00 00 00 00 00 00 00 00 00 0
  cmd=0x2001B t=40 rc=0x3 data=00 00 00 00 00 00 00 00 00 00 00 00 00 0
  cmd=0x2001B t=42 rc=0x3 data=00 00 00 00 00 00 00 00 00 00 00 00 00 0
  cmd=0x2001B t=44 rc=0x3 data=00 00 00 00 00 00 00 00 00 00 00 00 00 0
  cmd=0x2001B t=46 rc=0x3 data=00 00 00 00 00 00 00 00 00 00 00 00 00 0
  cmd=0x2001B t=48 rc=0x3 data=00 00 00 00 00 00 00 00 00 00 00 00 00 0
  cmd=0x2001B t=4A rc=0x3 data=00 00 00 00 00 00 00 00 00 00 00 00 00 0
  cmd=0x2001B t=4C rc=0x3 data=00 00 00 00 00 00 00 00 00 00 00 00 00 0
  cmd=0x2001B t=4E rc=0x3 data=00 00 00 00 00 00 00 00 00 00 00 00 00 0
  cmd=0x2001B t=50 rc=0x3 data=00 00 00 00 00 00 00 00 00 00 00 00 00 0
  cmd=0x2001B t=52 rc=0x3 data=00 00 00 00 00 00 00 00 00 00 00 00 00 0
  cmd=0x2001B t=54 rc=0x3 data=00 00 00 00 00 00 00 00 00 00 00 00 00 0
  cmd=0x2001B t=56 rc=0x3 data=00 00 00 00 00 00 00 00 00 00 00 00 00 0
  cmd=0x2001B t=58 rc=0x3 data=00 00 00 00 00 00 00 00 00 00 00 00 00 0
  cmd=0x2001B t=5A rc=0x3 data=00 00 00 00 00 00 00 00 00 00 00 00 00 0
  cmd=0x2001B t=5C rc=0x3 data=00 00 00 00 00 00 00 00 00 00 00 00 00 0
  cmd=0x2001B t=5E rc=0x3 data=00 00 00 00 00 00 00 00 00 00 00 00 00 0
  cmd=0x2001B t=60 rc=0x3 data=00 00 00 00 00 00 00 00 00 00 00 00 00 0
  cmd=0x2001B t=62 rc=0x3 data=00 00 00 00 00 00 00 00 00 00 00 00 00 0
  cmd=0x2001B t=64 rc=0x3 data=00 00 00 00 00 00 00 00 00 00 00 00 00 0
  cmd=0x2001B t=66 rc=0x3 data=00 00 00 00 00 00 00 00 00 00 00 00 00 0
  cmd=0x2001B t=68 rc=0x3 data=00 00 00 00 00 00 00 00 00 00 00 00 00 0
  cmd=0x2001B t=6A rc=0x3 data=00 00 00 00 00 00 00 00 00 00 00 00 00 0
  cmd=0x2001B t=6C rc=0x3 data=00 00 00 00 00 00 00 00 00 00 00 00 00 0
  cmd=0x2001B t=6E rc=0x3 data=00 00 00 00 00 00 00 00 00 00 00 00 00 0
  cmd=0x2001B t=70 rc=0x3 data=00 00 00 00 00 00 00 00 00 00 00 00 00 0
  cmd=0x2001B t=72 rc=0x3 data=00 00 00 00 00 00 00 00 00 00 00 00 00 0
  cmd=0x2001B t=74 rc=0x3 data=00 00 00 00 00 00 00 00 00 00 00 00 00 0
  cmd=0x2001B t=76 rc=0x3 data=00 00 00 00 00 00 00 00 00 00 00 00 00 0
  cmd=0x2001B t=78 rc=0x3 data=00 00 00 00 00 00 00 00 00 00 00 00 00 0
  cmd=0x2001B t=7A rc=0x3 data=00 00 00 00 00 00 00 00 00 00 00 00 00 0
  cmd=0x2001B t=7C rc=0x3 data=00 00 00 00 00 00 00 00 00 00 00 00 00 0
  cmd=0x2001B t=7E rc=0x3 data=00 00 00 00 00 00 00 00 00 00 00 00 00 0
  cmd=0x2001B t=80 rc=0x3 data=00 00 00 00 00 00 00 00 00 00 00 00 00 0
  cmd=0x2001B t=82 rc=0x3 data=00 00 00 00 00 00 00 00 00 00 00 00 00 0
  cmd=0x2001B t=84 rc=0x3 data=00 00 00 00 00 00 00 00 00 00 00 00 00 0
  cmd=0x2001B t=86 rc=0x3 data=00 00 00 00 00 00 00 00 00 00 00 00 00 0
  cmd=0x2001B t=88 rc=0x3 data=00 00 00 00 00 00 00 00 00 00 00 00 00 0
  cmd=0x2001B t=8A rc=0x3 data=00 00 00 00 00 00 00 00 00 00 00 00 00 0
  cmd=0x2001B t=8C rc=0x3 data=00 00 00 00 00 00 00 00 00 00 00 00 00 0
  cmd=0x2001B t=8E rc=0x3 data=00 00 00 00 00 00 00 00 00 00 00 00 00 0
  cmd=0x2001B t=90 rc=0x3 data=00 00 00 00 00 00 00 00 00 00 00 00 00 0
  cmd=0x2001B t=92 rc=0x3 data=00 00 00 00 00 00 00 00 00 00 00 00 00 0
  cmd=0x2001B t=94 rc=0x3 data=00 00 00 00 00 00 00 00 00 00 00 00 00 0
  cmd=0x2001B t=96 rc=0x3 data=00 00 00 00 00 00 00 00 00 00 00 00 00 0
  cmd=0x2001B t=98 rc=0x3 data=00 00 00 00 00 00 00 00 00 00 00 00 00 0
  cmd=0x2001B t=9A rc=0x3 data=00 00 00 00 00 00 00 00 00 00 00 00 00 0
  cmd=0x2001B t=9C rc=0x3 data=00 00 00 00 00 00 00 00 00 00 00 00 00 0
  cmd=0x2001B t=9E rc=0x3 data=00 00 00 00 00 00 00 00 00 00 00 00 00 0
  cmd=0x2001B t=A0 rc=0x3 data=00 00 00 00 00 00 00 00 00 00 00 00 00 0
  cmd=0x2001B t=A2 rc=0x3 data=00 00 00 00 00 00 00 00 00 00 00 00 00 0
  cmd=0x2001B t=A4 rc=0x3 data=00 00 00 00 00 00 00 00 00 00 00 00 00 0
  cmd=0x2001B t=A6 rc=0x3 data=00 00 00 00 00 00 00 00 00 00 00 00 00 0
  cmd=0x2001B t=A8 rc=0x3 data=00 00 00 00 00 00 00 00 00 00 00 00 00 0
  cmd=0x2001B t=AA rc=0x3 data=00 00 00 00 00 00 00 00 00 00 00 00 00 0
  cmd=0x2001B t=AC rc=0x3 data=00 00 00 00 00 00 00 00 00 00 00 00 00 0
  cmd=0x2001B t=AE rc=0x3 data=00 00 00 00 00 00 00 00 00 00 00 00 00 0
  cmd=0x2001B t=B0 rc=0x3 data=00 00 00 00 00 00 00 00 00 00 00 00 00 0
  cmd=0x2001B t=B2 rc=0x3 data=00 00 00 00 00 00 00 00 00 00 00 00 00 0
  cmd=0x2001B t=B4 rc=0x3 data=00 00 00 00 00 00 00 00 00 00 00 00 00 0
  cmd=0x2001B t=B6 rc=0x3 data=00 00 00 00 00 00 00 00 00 00 00 00 00 0
  cmd=0x2001B t=B8 rc=0x3 data=00 00 00 00 00 00 00 00 00 00 00 00 00 0
  cmd=0x2001B t=BA rc=0x3 data=00 00 00 00 00 00 00 00 00 00 00 00 00 0
  cmd=0x2001B t=BC rc=0x3 data=00 00 00 00 00 00 00 00 00 00 00 00 00 0
  cmd=0x2001B t=BE rc=0x3 data=00 00 00 00 00 00 00 00 00 00 00 00 00 0
  cmd=0x2001B t=C0 rc=0x3 data=00 00 00 00 00 00 00 00 00 00 00 00 00 0
  cmd=0x2001B t=C2 rc=0x3 data=00 00 00 00 00 00 00 00 00 00 00 00 00 0
  cmd=0x2001B t=C4 rc=0x3 data=00 00 00 00 00 00 00 00 00 00 00 00 00 0
  cmd=0x2001B t=C6 rc=0x3 data=00 00 00 00 00 00 00 00 00 00 00 00 00 0
  cmd=0x2001B t=C8 rc=0x3 data=00 00 00 00 00 00 00 00 00 00 00 00 00 0
  cmd=0x2001C t=00 rc=0x3 data=00 00 00 00 00 00 00 00 00 00 00 00 00 0
  cmd=0x2001C t=02 rc=0x3 data=00 00 00 00 00 00 00 00 00 00 00 00 00 0
  cmd=0x2001C t=04 rc=0x3 data=00 00 00 00 00 00 00 00 00 00 00 00 00 0
  cmd=0x2001C t=06 rc=0x3 data=00 00 00 00 00 00 00 00 00 00 00 00 00 0
  cmd=0x2001C t=08 rc=0x3 data=00 00 00 00 00 00 00 00 00 00 00 00 00 0
  cmd=0x2001C t=0A rc=0x3 data=00 00 00 00 00 00 00 00 00 00 00 00 00 0
  cmd=0x2001C t=0C rc=0x3 data=00 00 00 00 00 00 00 00 00 00 00 00 00 0
  cmd=0x2001C t=0E rc=0x3 data=00 00 00 00 00 00 00 00 00 00 00 00 00 0
  cmd=0x2001C t=10 rc=0x3 data=00 00 00 00 00 00 00 00 00 00 00 00 00 0
  cmd=0x2001C t=12 rc=0x3 data=00 00 00 00 00 00 00 00 00 00 00 00 00 0
  cmd=0x2001C t=14 rc=0x3 data=00 00 00 00 00 00 00 00 00 00 00 00 00 0
  cmd=0x2001C t=16 rc=0x3 data=00 00 00 00 00 00 00 00 00 00 00 00 00 0
  cmd=0x2001C t=18 rc=0x3 data=00 00 00 00 00 00 00 00 00 00 00 00 00 0
  cmd=0x2001C t=1A rc=0x3 data=00 00 00 00 00 00 00 00 00 00 00 00 00 0
  cmd=0x2001C t=1C rc=0x3 data=00 00 00 00 00 00 00 00 00 00 00 00 00 0
  cmd=0x2001C t=1E rc=0x3 data=00 00 00 00 00 00 00 00 00 00 00 00 00 0
  cmd=0x2001C t=20 rc=0x3 data=00 00 00 00 00 00 00 00 00 00 00 00 00 0
  cmd=0x2001C t=22 rc=0x3 data=00 00 00 00 00 00 00 00 00 00 00 00 00 0
  cmd=0x2001C t=24 rc=0x3 data=00 00 00 00 00 00 00 00 00 00 00 00 00 0
  cmd=0x2001C t=26 rc=0x3 data=00 00 00 00 00 00 00 00 00 00 00 00 00 0
  cmd=0x2001C t=28 rc=0x3 data=00 00 00 00 00 00 00 00 00 00 00 00 00 0
  cmd=0x2001C t=2A rc=0x3 data=00 00 00 00 00 00 00 00 00 00 00 00 00 0
  cmd=0x2001C t=2C rc=0x3 data=00 00 00 00 00 00 00 00 00 00 00 00 00 0
  cmd=0x2001C t=2E rc=0x3 data=00 00 00 00 00 00 00 00 00 00 00 00 00 0
  cmd=0x2001C t=30 rc=0x3 data=00 00 00 00 00 00 00 00 00 00 00 00 00 0
  cmd=0x2001C t=32 rc=0x3 data=00 00 00 00 00 00 00 00 00 00 00 00 00 0
  cmd=0x2001C t=34 rc=0x3 data=00 00 00 00 00 00 00 00 00 00 00 00 00 0
  cmd=0x2001C t=36 rc=0x3 data=00 00 00 00 00 00 00 00 00 00 00 00 00 0
  cmd=0x2001C t=38 rc=0x3 data=00 00 00 00 00 00 00 00 00 00 00 00 00 0
  cmd=0x2001C t=3A rc=0x3 data=00 00 00 00 00 00 00 00 00 00 00 00 00 0
  cmd=0x2001C t=3C rc=0x3 data=00 00 00 00 00 00 00 00 00 00 00 00 00 0
  cmd=0x2001C t=3E rc=0x3 data=00 00 00 00 00 00 00 00 00 00 00 00 00 0
  cmd=0x2001C t=40 rc=0x3 data=00 00 00 00 00 00 00 00 00 00 00 00 00 0
  cmd=0x2001C t=42 rc=0x3 data=00 00 00 00 00 00 00 00 00 00 00 00 00 0
  cmd=0x2001C t=44 rc=0x3 data=00 00 00 00 00 00 00 00 00 00 00 00 00 0
  cmd=0x2001C t=46 rc=0x3 data=00 00 00 00 00 00 00 00 00 00 00 00 00 0
  cmd=0x2001C t=48 rc=0x3 data=00 00 00 00 00 00 00 00 00 00 00 00 00 0
  cmd=0x2001C t=4A rc=0x3 data=00 00 00 00 00 00 00 00 00 00 00 00 00 0
  cmd=0x2001C t=4C rc=0x3 data=00 00 00 00 00 00 00 00 00 00 00 00 00 0
  cmd=0x2001C t=4E rc=0x3 data=00 00 00 00 00 00 00 00 00 00 00 00 00 0
  cmd=0x2001C t=50 rc=0x3 data=00 00 00 00 00 00 00 00 00 00 00 00 00 0
  cmd=0x2001C t=52 rc=0x3 data=00 00 00 00 00 00 00 00 00 00 00 00 00 0
  cmd=0x2001C t=54 rc=0x3 data=00 00 00 00 00 00 00 00 00 00 00 00 00 0
  cmd=0x2001C t=56 rc=0x3 data=00 00 00 00 00 00 00 00 00 00 00 00 00 0
  cmd=0x2001C t=58 rc=0x3 data=00 00 00 00 00 00 00 00 00 00 00 00 00 0
  cmd=0x2001C t=5A rc=0x3 data=00 00 00 00 00 00 00 00 00 00 00 00 00 0
  cmd=0x2001C t=5C rc=0x3 data=00 00 00 00 00 00 00 00 00 00 00 00 00 0
  cmd=0x2001C t=5E rc=0x3 data=00 00 00 00 00 00 00 00 00 00 00 00 00 0
  cmd=0x2001C t=60 rc=0x3 data=00 00 00 00 00 00 00 00 00 00 00 00 00 0
  cmd=0x2001C t=62 rc=0x3 data=00 00 00 00 00 00 00 00 00 00 00 00 00 0
  cmd=0x2001C t=64 rc=0x3 data=00 00 00 00 00 00 00 00 00 00 00 00 00 0
  cmd=0x2001C t=66 rc=0x3 data=00 00 00 00 00 00 00 00 00 00 00 00 00 0
  cmd=0x2001C t=68 rc=0x3 data=00 00 00 00 00 00 00 00 00 00 00 00 00 0
  cmd=0x2001C t=6A rc=0x3 data=00 00 00 00 00 00 00 00 00 00 00 00 00 0
  cmd=0x2001C t=6C rc=0x3 data=00 00 00 00 00 00 00 00 00 00 00 00 00 0
  cmd=0x2001C t=6E rc=0x3 data=00 00 00 00 00 00 00 00 00 00 00 00 00 0
  cmd=0x2001C t=70 rc=0x3 data=00 00 00 00 00 00 00 00 00 00 00 00 00 0
  cmd=0x2001C t=72 rc=0x3 data=00 00 00 00 00 00 00 00 00 00 00 00 00 0
  cmd=0x2001C t=74 rc=0x3 data=00 00 00 00 00 00 00 00 00 00 00 00 00 0
  cmd=0x2001C t=76 rc=0x3 data=00 00 00 00 00 00 00 00 00 00 00 00 00 0
  cmd=0x2001C t=78 rc=0x3 data=00 00 00 00 00 00 00 00 00 00 00 00 00 0
  cmd=0x2001C t=7A rc=0x3 data=00 00 00 00 00 00 00 00 00 00 00 00 00 0
  cmd=0x2001C t=7C rc=0x3 data=00 00 00 00 00 00 00 00 00 00 00 00 00 0
  cmd=0x2001C t=7E rc=0x3 data=00 00 00 00 00 00 00 00 00 00 00 00 00 0
  cmd=0x2001C t=80 rc=0x3 data=00 00 00 00 00 00 00 00 00 00 00 00 00 0
  cmd=0x2001C t=82 rc=0x3 data=00 00 00 00 00 00 00 00 00 00 00 00 00 0
  cmd=0x2001C t=84 rc=0x3 data=00 00 00 00 00 00 00 00 00 00 00 00 00 0
  cmd=0x2001C t=86 rc=0x3 data=00 00 00 00 00 00 00 00 00 00 00 00 00 0
  cmd=0x2001C t=88 rc=0x3 data=00 00 00 00 00 00 00 00 00 00 00 00 00 0
  cmd=0x2001C t=8A rc=0x3 data=00 00 00 00 00 00 00 00 00 00 00 00 00 0
  cmd=0x2001C t=8C rc=0x3 data=00 00 00 00 00 00 00 00 00 00 00 00 00 0
  cmd=0x2001C t=8E rc=0x3 data=00 00 00 00 00 00 00 00 00 00 00 00 00 0
  cmd=0x2001C t=90 rc=0x3 data=00 00 00 00 00 00 00 00 00 00 00 00 00 0
  cmd=0x2001C t=92 rc=0x3 data=00 00 00 00 00 00 00 00 00 00 00 00 00 0
  cmd=0x2001C t=94 rc=0x3 data=00 00 00 00 00 00 00 00 00 00 00 00 00 0
  cmd=0x2001C t=96 rc=0x3 data=00 00 00 00 00 00 00 00 00 00 00 00 00 0
  cmd=0x2001C t=98 rc=0x3 data=00 00 00 00 00 00 00 00 00 00 00 00 00 0
  cmd=0x2001C t=9A rc=0x3 data=00 00 00 00 00 00 00 00 00 00 00 00 00 0
  cmd=0x2001C t=9C rc=0x3 data=00 00 00 00 00 00 00 00 00 00 00 00 00 0
  cmd=0x2001C t=9E rc=0x3 data=00 00 00 00 00 00 00 00 00 00 00 00 00 0
  cmd=0x2001C t=A0 rc=0x3 data=00 00 00 00 00 00 00 00 00 00 00 00 00 0
  cmd=0x2001C t=A2 rc=0x3 data=00 00 00 00 00 00 00 00 00 00 00 00 00 0
  cmd=0x2001C t=A4 rc=0x3 data=00 00 00 00 00 00 00 00 00 00 00 00 00 0
  cmd=0x2001C t=A6 rc=0x3 data=00 00 00 00 00 00 00 00 00 00 00 00 00 0
  cmd=0x2001C t=A8 rc=0x3 data=00 00 00 00 00 00 00 00 00 00 00 00 00 0
  cmd=0x2001C t=AA rc=0x3 data=00 00 00 00 00 00 00 00 00 00 00 00 00 0
  cmd=0x2001C t=AC rc=0x3 data=00 00 00 00 00 00 00 00 00 00 00 00 00 0
  cmd=0x2001C t=AE rc=0x3 data=00 00 00 00 00 00 00 00 00 00 00 00 00 0
  cmd=0x2001C t=B0 rc=0x3 data=00 00 00 00 00 00 00 00 00 00 00 00 00 0
  cmd=0x2001C t=B2 rc=0x3 data=00 00 00 00 00 00 00 00 00 00 00 00 00 0
  cmd=0x2001C t=B4 rc=0x3 data=00 00 00 00 00 00 00 00 00 00 00 00 00 0
  cmd=0x2001C t=B6 rc=0x3 data=00 00 00 00 00 00 00 00 00 00 00 00 00 0
  cmd=0x2001C t=B8 rc=0x3 data=00 00 00 00 00 00 00 00 00 00 00 00 00 0
  cmd=0x2001C t=BA rc=0x3 data=00 00 00 00 00 00 00 00 00 00 00 00 00 0
  cmd=0x2001C t=BC rc=0x3 data=00 00 00 00 00 00 00 00 00 00 00 00 00 0
  cmd=0x2001C t=BE rc=0x3 data=00 00 00 00 00 00 00 00 00 00 00 00 00 0
  cmd=0x2001C t=C0 rc=0x3 data=00 00 00 00 00 00 00 00 00 00 00 00 00 0
  cmd=0x2001C t=C2 rc=0x3 data=00 00 00 00 00 00 00 00 00 00 00 00 00 0
  cmd=0x2001C t=C4 rc=0x3 data=00 00 00 00 00 00 00 00 00 00 00 00 00 0
  cmd=0x2001C t=C6 rc=0x3 data=00 00 00 00 00 00 00 00 00 00 00 00 00 0
  cmd=0x2001C t=C8 rc=0x3 data=00 00 00 00 00 00 00 00 00 00 00 00 00 0
  cmd=0x2001D t=00 rc=0x3 data=00 00 00 00 00 00 00 00 00 00 00 00 00 0
  cmd=0x2001D t=02 rc=0x3 data=00 00 00 00 00 00 00 00 00 00 00 00 00 0
  cmd=0x2001D t=04 rc=0x3 data=00 00 00 00 00 00 00 00 00 00 00 00 00 0
  cmd=0x2001D t=06 rc=0x3 data=00 00 00 00 00 00 00 00 00 00 00 00 00 0
  cmd=0x2001D t=08 rc=0x3 data=00 00 00 00 00 00 00 00 00 00 00 00 00 0
  cmd=0x2001D t=0A rc=0x3 data=00 00 00 00 00 00 00 00 00 00 00 00 00 0
  cmd=0x2001D t=0C rc=0x3 data=00 00 00 00 00 00 00 00 00 00 00 00 00 0
  cmd=0x2001D t=0E rc=0x3 data=00 00 00 00 00 00 00 00 00 00 00 00 00 0
  cmd=0x2001D t=10 rc=0x3 data=00 00 00 00 00 00 00 00 00 00 00 00 00 0
  cmd=0x2001D t=12 rc=0x3 data=00 00 00 00 00 00 00 00 00 00 00 00 00 0
  cmd=0x2001D t=14 rc=0x3 data=00 00 00 00 00 00 00 00 00 00 00 00 00 0
  cmd=0x2001D t=16 rc=0x3 data=00 00 00 00 00 00 00 00 00 00 00 00 00 0
  cmd=0x2001D t=18 rc=0x3 data=00 00 00 00 00 00 00 00 00 00 00 00 00 0
  cmd=0x2001D t=1A rc=0x3 data=00 00 00 00 00 00 00 00 00 00 00 00 00 0
  cmd=0x2001D t=1C rc=0x3 data=00 00 00 00 00 00 00 00 00 00 00 00 00 0
  cmd=0x2001D t=1E rc=0x3 data=00 00 00 00 00 00 00 00 00 00 00 00 00 0
  cmd=0x2001D t=20 rc=0x3 data=00 00 00 00 00 00 00 00 00 00 00 00 00 0
  cmd=0x2001D t=22 rc=0x3 data=00 00 00 00 00 00 00 00 00 00 00 00 00 0
  cmd=0x2001D t=24 rc=0x3 data=00 00 00 00 00 00 00 00 00 00 00 00 00 0
  cmd=0x2001D t=26 rc=0x3 data=00 00 00 00 00 00 00 00 00 00 00 00 00 0
  cmd=0x2001D t=28 rc=0x3 data=00 00 00 00 00 00 00 00 00 00 00 00 00 0
  cmd=0x2001D t=2A rc=0x3 data=00 00 00 00 00 00 00 00 00 00 00 00 00 0
  cmd=0x2001D t=2C rc=0x3 data=00 00 00 00 00 00 00 00 00 00 00 00 00 0
  cmd=0x2001D t=2E rc=0x3 data=00 00 00 00 00 00 00 00 00 00 00 00 00 0
  cmd=0x2001D t=30 rc=0x3 data=00 00 00 00 00 00 00 00 00 00 00 00 00 0
  cmd=0x2001D t=32 rc=0x3 data=00 00 00 00 00 00 00 00 00 00 00 00 00 0
  cmd=0x2001D t=34 rc=0x3 data=00 00 00 00 00 00 00 00 00 00 00 00 00 0
  cmd=0x2001D t=36 rc=0x3 data=00 00 00 00 00 00 00 00 00 00 00 00 00 0
  cmd=0x2001D t=38 rc=0x3 data=00 00 00 00 00 00 00 00 00 00 00 00 00 0
  cmd=0x2001D t=3A rc=0x3 data=00 00 00 00 00 00 00 00 00 00 00 00 00 0
  cmd=0x2001D t=3C rc=0x3 data=00 00 00 00 00 00 00 00 00 00 00 00 00 0
  cmd=0x2001D t=3E rc=0x3 data=00 00 00 00 00 00 00 00 00 00 00 00 00 0
  cmd=0x2001D t=40 rc=0x3 data=00 00 00 00 00 00 00 00 00 00 00 00 00 0
  cmd=0x2001D t=42 rc=0x3 data=00 00 00 00 00 00 00 00 00 00 00 00 00 0
  cmd=0x2001D t=44 rc=0x3 data=00 00 00 00 00 00 00 00 00 00 00 00 00 0
  cmd=0x2001D t=46 rc=0x3 data=00 00 00 00 00 00 00 00 00 00 00 00 00 0
  cmd=0x2001D t=48 rc=0x3 data=00 00 00 00 00 00 00 00 00 00 00 00 00 0
  cmd=0x2001D t=4A rc=0x3 data=00 00 00 00 00 00 00 00 00 00 00 00 00 0
  cmd=0x2001D t=4C rc=0x3 data=00 00 00 00 00 00 00 00 00 00 00 00 00 0
  cmd=0x2001D t=4E rc=0x3 data=00 00 00 00 00 00 00 00 00 00 00 00 00 0
  cmd=0x2001D t=50 rc=0x3 data=00 00 00 00 00 00 00 00 00 00 00 00 00 0
  cmd=0x2001D t=52 rc=0x3 data=00 00 00 00 00 00 00 00 00 00 00 00 00 0
  cmd=0x2001D t=54 rc=0x3 data=00 00 00 00 00 00 00 00 00 00 00 00 00 0
  cmd=0x2001D t=56 rc=0x3 data=00 00 00 00 00 00 00 00 00 00 00 00 00 0
  cmd=0x2001D t=58 rc=0x3 data=00 00 00 00 00 00 00 00 00 00 00 00 00 0
  cmd=0x2001D t=5A rc=0x3 data=00 00 00 00 00 00 00 00 00 00 00 00 00 0
  cmd=0x2001D t=5C rc=0x3 data=00 00 00 00 00 00 00 00 00 00 00 00 00 0
  cmd=0x2001D t=5E rc=0x3 data=00 00 00 00 00 00 00 00 00 00 00 00 00 0
  cmd=0x2001D t=60 rc=0x3 data=00 00 00 00 00 00 00 00 00 00 00 00 00 0
  cmd=0x2001D t=62 rc=0x3 data=00 00 00 00 00 00 00 00 00 00 00 00 00 0
  cmd=0x2001D t=64 rc=0x3 data=00 00 00 00 00 00 00 00 00 00 00 00 00 0
  cmd=0x2001D t=66 rc=0x3 data=00 00 00 00 00 00 00 00 00 00 00 00 00 0
  cmd=0x2001D t=68 rc=0x3 data=00 00 00 00 00 00 00 00 00 00 00 00 00 0
  cmd=0x2001D t=6A rc=0x3 data=00 00 00 00 00 00 00 00 00 00 00 00 00 0
  cmd=0x2001D t=6C rc=0x3 data=00 00 00 00 00 00 00 00 00 00 00 00 00 0
  cmd=0x2001D t=6E rc=0x3 data=00 00 00 00 00 00 00 00 00 00 00 00 00 0
  cmd=0x2001D t=70 rc=0x3 data=00 00 00 00 00 00 00 00 00 00 00 00 00 0
  cmd=0x2001D t=72 rc=0x3 data=00 00 00 00 00 00 00 00 00 00 00 00 00 0
  cmd=0x2001D t=74 rc=0x3 data=00 00 00 00 00 00 00 00 00 00 00 00 00 0
  cmd=0x2001D t=76 rc=0x3 data=00 00 00 00 00 00 00 00 00 00 00 00 00 0
  cmd=0x2001D t=78 rc=0x3 data=00 00 00 00 00 00 00 00 00 00 00 00 00 0
  cmd=0x2001D t=7A rc=0x3 data=00 00 00 00 00 00 00 00 00 00 00 00 00 0
  cmd=0x2001D t=7C rc=0x3 data=00 00 00 00 00 00 00 00 00 00 00 00 00 0
  cmd=0x2001D t=7E rc=0x3 data=00 00 00 00 00 00 00 00 00 00 00 00 00 0
  cmd=0x2001D t=80 rc=0x3 data=00 00 00 00 00 00 00 00 00 00 00 00 00 0
  cmd=0x2001D t=82 rc=0x3 data=00 00 00 00 00 00 00 00 00 00 00 00 00 0
  cmd=0x2001D t=84 rc=0x3 data=00 00 00 00 00 00 00 00 00 00 00 00 00 0
  cmd=0x2001D t=86 rc=0x3 data=00 00 00 00 00 00 00 00 00 00 00 00 00 0
  cmd=0x2001D t=88 rc=0x3 data=00 00 00 00 00 00 00 00 00 00 00 00 00 0
  cmd=0x2001D t=8A rc=0x3 data=00 00 00 00 00 00 00 00 00 00 00 00 00 0
  cmd=0x2001D t=8C rc=0x3 data=00 00 00 00 00 00 00 00 00 00 00 00 00 0
  cmd=0x2001D t=8E rc=0x3 data=00 00 00 00 00 00 00 00 00 00 00 00 00 0
  cmd=0x2001D t=90 rc=0x3 data=00 00 00 00 00 00 00 00 00 00 00 00 00 0
  cmd=0x2001D t=92 rc=0x3 data=00 00 00 00 00 00 00 00 00 00 00 00 00 0
  cmd=0x2001D t=94 rc=0x3 data=00 00 00 00 00 00 00 00 00 00 00 00 00 0
  cmd=0x2001D t=96 rc=0x3 data=00 00 00 00 00 00 00 00 00 00 00 00 00 0
  cmd=0x2001D t=98 rc=0x3 data=00 00 00 00 00 00 00 00 00 00 00 00 00 0
  cmd=0x2001D t=9A rc=0x3 data=00 00 00 00 00 00 00 00 00 00 00 00 00 0
  cmd=0x2001D t=9C rc=0x3 data=00 00 00 00 00 00 00 00 00 00 00 00 00 0
  cmd=0x2001D t=9E rc=0x3 data=00 00 00 00 00 00 00 00 00 00 00 00 00 0
  cmd=0x2001D t=A0 rc=0x3 data=00 00 00 00 00 00 00 00 00 00 00 00 00 0
  cmd=0x2001D t=A2 rc=0x3 data=00 00 00 00 00 00 00 00 00 00 00 00 00 0
  cmd=0x2001D t=A4 rc=0x3 data=00 00 00 00 00 00 00 00 00 00 00 00 00 0
  cmd=0x2001D t=A6 rc=0x3 data=00 00 00 00 00 00 00 00 00 00 00 00 00 0
  cmd=0x2001D t=A8 rc=0x3 data=00 00 00 00 00 00 00 00 00 00 00 00 00 0
  cmd=0x2001D t=AA rc=0x3 data=00 00 00 00 00 00 00 00 00 00 00 00 00 0
  cmd=0x2001D t=AC rc=0x3 data=00 00 00 00 00 00 00 00 00 00 00 00 00 0
  cmd=0x2001D t=AE rc=0x3 data=00 00 00 00 00 00 00 00 00 00 00 00 00 0
  cmd=0x2001D t=B0 rc=0x3 data=00 00 00 00 00 00 00 00 00 00 00 00 00 0
  cmd=0x2001D t=B2 rc=0x3 data=00 00 00 00 00 00 00 00 00 00 00 00 00 0
  cmd=0x2001D t=B4 rc=0x3 data=00 00 00 00 00 00 00 00 00 00 00 00 00 0
  cmd=0x2001D t=B6 rc=0x3 data=00 00 00 00 00 00 00 00 00 00 00 00 00 0
  cmd=0x2001D t=B8 rc=0x3 data=00 00 00 00 00 00 00 00 00 00 00 00 00 0
  cmd=0x2001D t=BA rc=0x3 data=00 00 00 00 00 00 00 00 00 00 00 00 00 0
  cmd=0x2001D t=BC rc=0x3 data=00 00 00 00 00 00 00 00 00 00 00 00 00 0
  cmd=0x2001D t=BE rc=0x3 data=00 00 00 00 00 00 00 00 00 00 00 00 00 0
  cmd=0x2001D t=C0 rc=0x3 data=00 00 00 00 00 00 00 00 00 00 00 00 00 0
  cmd=0x2001D t=C2 rc=0x3 data=00 00 00 00 00 00 00 00 00 00 00 00 00 0
  cmd=0x2001D t=C4 rc=0x3 data=00 00 00 00 00 00 00 00 00 00 00 00 00 0
  cmd=0x2001D t=C6 rc=0x3 data=00 00 00 00 00 00 00 00 00 00 00 00 00 0
  cmd=0x2001D t=C8 rc=0x3 data=00 00 00 00 00 00 00 00 00 00 00 00 00 0
  cmd=0x2001E t=00 rc=0x3 data=00 00 00 00 00 00 00 00 00 00 00 00 00 0
  cmd=0x2001E t=02 rc=0x3 data=00 00 00 00 00 00 00 00 00 00 00 00 00 0
  cmd=0x2001E t=04 rc=0x3 data=00 00 00 00 00 00 00 00 00 00 00 00 00 0
  cmd=0x2001E t=06 rc=0x3 data=00 00 00 00 00 00 00 00 00 00 00 00 00 0
  cmd=0x2001E t=08 rc=0x3 data=00 00 00 00 00 00 00 00 00 00 00 00 00 0
  cmd=0x2001E t=0A rc=0x3 data=00 00 00 00 00 00 00 00 00 00 00 00 00 0
  cmd=0x2001E t=0C rc=0x3 data=00 00 00 00 00 00 00 00 00 00 00 00 00 0
  cmd=0x2001E t=0E rc=0x3 data=00 00 00 00 00 00 00 00 00 00 00 00 00 0
  cmd=0x2001E t=10 rc=0x3 data=00 00 00 00 00 00 00 00 00 00 00 00 00 0
  cmd=0x2001E t=12 rc=0x3 data=00 00 00 00 00 00 00 00 00 00 00 00 00 0
  cmd=0x2001E t=14 rc=0x3 data=00 00 00 00 00 00 00 00 00 00 00 00 00 0
  cmd=0x2001E t=16 rc=0x3 data=00 00 00 00 00 00 00 00 00 00 00 00 00 0
  cmd=0x2001E t=18 rc=0x3 data=00 00 00 00 00 00 00 00 00 00 00 00 00 0
  cmd=0x2001E t=1A rc=0x3 data=00 00 00 00 00 00 00 00 00 00 00 00 00 0
  cmd=0x2001E t=1C rc=0x3 data=00 00 00 00 00 00 00 00 00 00 00 00 00 0
  cmd=0x2001E t=1E rc=0x3 data=00 00 00 00 00 00 00 00 00 00 00 00 00 0
  cmd=0x2001E t=20 rc=0x3 data=00 00 00 00 00 00 00 00 00 00 00 00 00 0
  cmd=0x2001E t=22 rc=0x3 data=00 00 00 00 00 00 00 00 00 00 00 00 00 0
  cmd=0x2001E t=24 rc=0x3 data=00 00 00 00 00 00 00 00 00 00 00 00 00 0
  cmd=0x2001E t=26 rc=0x3 data=00 00 00 00 00 00 00 00 00 00 00 00 00 0
  cmd=0x2001E t=28 rc=0x3 data=00 00 00 00 00 00 00 00 00 00 00 00 00 0
  cmd=0x2001E t=2A rc=0x3 data=00 00 00 00 00 00 00 00 00 00 00 00 00 0
  cmd=0x2001E t=2C rc=0x3 data=00 00 00 00 00 00 00 00 00 00 00 00 00 0
  cmd=0x2001E t=2E rc=0x3 data=00 00 00 00 00 00 00 00 00 00 00 00 00 0
  cmd=0x2001E t=30 rc=0x3 data=00 00 00 00 00 00 00 00 00 00 00 00 00 0
  cmd=0x2001E t=32 rc=0x3 data=00 00 00 00 00 00 00 00 00 00 00 00 00 0
  cmd=0x2001E t=34 rc=0x3 data=00 00 00 00 00 00 00 00 00 00 00 00 00 0
  cmd=0x2001E t=36 rc=0x3 data=00 00 00 00 00 00 00 00 00 00 00 00 00 0
  cmd=0x2001E t=38 rc=0x3 data=00 00 00 00 00 00 00 00 00 00 00 00 00 0
  cmd=0x2001E t=3A rc=0x3 data=00 00 00 00 00 00 00 00 00 00 00 00 00 0
  cmd=0x2001E t=3C rc=0x3 data=00 00 00 00 00 00 00 00 00 00 00 00 00 0
  cmd=0x2001E t=3E rc=0x3 data=00 00 00 00 00 00 00 00 00 00 00 00 00 0
  cmd=0x2001E t=40 rc=0x3 data=00 00 00 00 00 00 00 00 00 00 00 00 00 0
  cmd=0x2001E t=42 rc=0x3 data=00 00 00 00 00 00 00 00 00 00 00 00 00 0
  cmd=0x2001E t=44 rc=0x3 data=00 00 00 00 00 00 00 00 00 00 00 00 00 0
  cmd=0x2001E t=46 rc=0x3 data=00 00 00 00 00 00 00 00 00 00 00 00 00 0
  cmd=0x2001E t=48 rc=0x3 data=00 00 00 00 00 00 00 00 00 00 00 00 00 0
  cmd=0x2001E t=4A rc=0x3 data=00 00 00 00 00 00 00 00 00 00 00 00 00 0
  cmd=0x2001E t=4C rc=0x3 data=00 00 00 00 00 00 00 00 00 00 00 00 00 0
  cmd=0x2001E t=4E rc=0x3 data=00 00 00 00 00 00 00 00 00 00 00 00 00 0
  cmd=0x2001E t=50 rc=0x3 data=00 00 00 00 00 00 00 00 00 00 00 00 00 0
  cmd=0x2001E t=52 rc=0x3 data=00 00 00 00 00 00 00 00 00 00 00 00 00 0
  cmd=0x2001E t=54 rc=0x3 data=00 00 00 00 00 00 00 00 00 00 00 00 00 0
  cmd=0x2001E t=56 rc=0x3 data=00 00 00 00 00 00 00 00 00 00 00 00 00 0
  cmd=0x2001E t=58 rc=0x3 data=00 00 00 00 00 00 00 00 00 00 00 00 00 0
  cmd=0x2001E t=5A rc=0x3 data=00 00 00 00 00 00 00 00 00 00 00 00 00 0
  cmd=0x2001E t=5C rc=0x3 data=00 00 00 00 00 00 00 00 00 00 00 00 00 0
  cmd=0x2001E t=5E rc=0x3 data=00 00 00 00 00 00 00 00 00 00 00 00 00 0
  cmd=0x2001E t=60 rc=0x3 data=00 00 00 00 00 00 00 00 00 00 00 00 00 0
  cmd=0x2001E t=62 rc=0x3 data=00 00 00 00 00 00 00 00 00 00 00 00 00 0
  cmd=0x2001E t=64 rc=0x3 data=00 00 00 00 00 00 00 00 00 00 00 00 00 0
  cmd=0x2001E t=66 rc=0x3 data=00 00 00 00 00 00 00 00 00 00 00 00 00 0
  cmd=0x2001E t=68 rc=0x3 data=00 00 00 00 00 00 00 00 00 00 00 00 00 0
  cmd=0x2001E t=6A rc=0x3 data=00 00 00 00 00 00 00 00 00 00 00 00 00 0
  cmd=0x2001E t=6C rc=0x3 data=00 00 00 00 00 00 00 00 00 00 00 00 00 0
  cmd=0x2001E t=6E rc=0x3 data=00 00 00 00 00 00 00 00 00 00 00 00 00 0
  cmd=0x2001E t=70 rc=0x3 data=00 00 00 00 00 00 00 00 00 00 00 00 00 0
  cmd=0x2001E t=72 rc=0x3 data=00 00 00 00 00 00 00 00 00 00 00 00 00 0
  cmd=0x2001E t=74 rc=0x3 data=00 00 00 00 00 00 00 00 00 00 00 00 00 0
  cmd=0x2001E t=76 rc=0x3 data=00 00 00 00 00 00 00 00 00 00 00 00 00 0
  cmd=0x2001E t=78 rc=0x3 data=00 00 00 00 00 00 00 00 00 00 00 00 00 0
  cmd=0x2001E t=7A rc=0x3 data=00 00 00 00 00 00 00 00 00 00 00 00 00 0
  cmd=0x2001E t=7C rc=0x3 data=00 00 00 00 00 00 00 00 00 00 00 00 00 0
  cmd=0x2001E t=7E rc=0x3 data=00 00 00 00 00 00 00 00 00 00 00 00 00 0
  cmd=0x2001E t=80 rc=0x3 data=00 00 00 00 00 00 00 00 00 00 00 00 00 0
  cmd=0x2001E t=82 rc=0x3 data=00 00 00 00 00 00 00 00 00 00 00 00 00 0
  cmd=0x2001E t=84 rc=0x3 data=00 00 00 00 00 00 00 00 00 00 00 00 00 0
  cmd=0x2001E t=86 rc=0x3 data=00 00 00 00 00 00 00 00 00 00 00 00 00 0
  cmd=0x2001E t=88 rc=0x3 data=00 00 00 00 00 00 00 00 00 00 00 00 00 0
  cmd=0x2001E t=8A rc=0x3 data=00 00 00 00 00 00 00 00 00 00 00 00 00 0
  cmd=0x2001E t=8C rc=0x3 data=00 00 00 00 00 00 00 00 00 00 00 00 00 0
  cmd=0x2001E t=8E rc=0x3 data=00 00 00 00 00 00 00 00 00 00 00 00 00 0
  cmd=0x2001E t=90 rc=0x3 data=00 00 00 00 00 00 00 00 00 00 00 00 00 0
  cmd=0x2001E t=92 rc=0x3 data=00 00 00 00 00 00 00 00 00 00 00 00 00 0
  cmd=0x2001E t=94 rc=0x3 data=00 00 00 00 00 00 00 00 00 00 00 00 00 0
  cmd=0x2001E t=96 rc=0x3 data=00 00 00 00 00 00 00 00 00 00 00 00 00 0
  cmd=0x2001E t=98 rc=0x3 data=00 00 00 00 00 00 00 00 00 00 00 00 00 0
  cmd=0x2001E t=9A rc=0x3 data=00 00 00 00 00 00 00 00 00 00 00 00 00 0
  cmd=0x2001E t=9C rc=0x3 data=00 00 00 00 00 00 00 00 00 00 00 00 00 0
  cmd=0x2001E t=9E rc=0x3 data=00 00 00 00 00 00 00 00 00 00 00 00 00 0
  cmd=0x2001E t=A0 rc=0x3 data=00 00 00 00 00 00 00 00 00 00 00 00 00 0
  cmd=0x2001E t=A2 rc=0x3 data=00 00 00 00 00 00 00 00 00 00 00 00 00 0
  cmd=0x2001E t=A4 rc=0x3 data=00 00 00 00 00 00 00 00 00 00 00 00 00 0
  cmd=0x2001E t=A6 rc=0x3 data=00 00 00 00 00 00 00 00 00 00 00 00 00 0
  cmd=0x2001E t=A8 rc=0x3 data=00 00 00 00 00 00 00 00 00 00 00 00 00 0
  cmd=0x2001E t=AA rc=0x3 data=00 00 00 00 00 00 00 00 00 00 00 00 00 0
  cmd=0x2001E t=AC rc=0x3 data=00 00 00 00 00 00 00 00 00 00 00 00 00 0
  cmd=0x2001E t=AE rc=0x3 data=00 00 00 00 00 00 00 00 00 00 00 00 00 0
  cmd=0x2001E t=B0 rc=0x3 data=00 00 00 00 00 00 00 00 00 00 00 00 00 0
  cmd=0x2001E t=B2 rc=0x3 data=00 00 00 00 00 00 00 00 00 00 00 00 00 0
  cmd=0x2001E t=B4 rc=0x3 data=00 00 00 00 00 00 00 00 00 00 00 00 00 0
  cmd=0x2001E t=B6 rc=0x3 data=00 00 00 00 00 00 00 00 00 00 00 00 00 0
  cmd=0x2001E t=B8 rc=0x3 data=00 00 00 00 00 00 00 00 00 00 00 00 00 0
  cmd=0x2001E t=BA rc=0x3 data=00 00 00 00 00 00 00 00 00 00 00 00 00 0
  cmd=0x2001E t=BC rc=0x3 data=00 00 00 00 00 00 00 00 00 00 00 00 00 0
  cmd=0x2001E t=BE rc=0x3 data=00 00 00 00 00 00 00 00 00 00 00 00 00 0
  cmd=0x2001E t=C0 rc=0x3 data=00 00 00 00 00 00 00 00 00 00 00 00 00 0
  cmd=0x2001E t=C2 rc=0x3 data=00 00 00 00 00 00 00 00 00 00 00 00 00 0
  cmd=0x2001E t=C4 rc=0x3 data=00 00 00 00 00 00 00 00 00 00 00 00 00 0
  cmd=0x2001E t=C6 rc=0x3 data=00 00 00 00 00 00 00 00 00 00 00 00 00 0
  cmd=0x2001E t=C8 rc=0x3 data=00 00 00 00 00 00 00 00 00 00 00 00 00 0
  cmd=0x2001F t=00 rc=0x3 data=00 00 00 00 00 00 00 00 00 00 00 00 00 0
  cmd=0x2001F t=02 rc=0x3 data=00 00 00 00 00 00 00 00 00 00 00 00 00 0
  cmd=0x2001F t=04 rc=0x3 data=00 00 00 00 00 00 00 00 00 00 00 00 00 0
  cmd=0x2001F t=06 rc=0x3 data=00 00 00 00 00 00 00 00 00 00 00 00 00 0
  cmd=0x2001F t=08 rc=0x3 data=00 00 00 00 00 00 00 00 00 00 00 00 00 0
  cmd=0x2001F t=0A rc=0x3 data=00 00 00 00 00 00 00 00 00 00 00 00 00 0
  cmd=0x2001F t=0C rc=0x3 data=00 00 00 00 00 00 00 00 00 00 00 00 00 0
  cmd=0x2001F t=0E rc=0x3 data=00 00 00 00 00 00 00 00 00 00 00 00 00 0
  cmd=0x2001F t=10 rc=0x3 data=00 00 00 00 00 00 00 00 00 00 00 00 00 0
  cmd=0x2001F t=12 rc=0x3 data=00 00 00 00 00 00 00 00 00 00 00 00 00 0
  cmd=0x2001F t=14 rc=0x3 data=00 00 00 00 00 00 00 00 00 00 00 00 00 0
  cmd=0x2001F t=16 rc=0x3 data=00 00 00 00 00 00 00 00 00 00 00 00 00 0
  cmd=0x2001F t=18 rc=0x3 data=00 00 00 00 00 00 00 00 00 00 00 00 00 0
  cmd=0x2001F t=1A rc=0x3 data=00 00 00 00 00 00 00 00 00 00 00 00 00 0
  cmd=0x2001F t=1C rc=0x3 data=00 00 00 00 00 00 00 00 00 00 00 00 00 0
  cmd=0x2001F t=1E rc=0x3 data=00 00 00 00 00 00 00 00 00 00 00 00 00 0
  cmd=0x2001F t=20 rc=0x3 data=00 00 00 00 00 00 00 00 00 00 00 00 00 0
  cmd=0x2001F t=22 rc=0x3 data=00 00 00 00 00 00 00 00 00 00 00 00 00 0
  cmd=0x2001F t=24 rc=0x3 data=00 00 00 00 00 00 00 00 00 00 00 00 00 0
  cmd=0x2001F t=26 rc=0x3 data=00 00 00 00 00 00 00 00 00 00 00 00 00 0
  cmd=0x2001F t=28 rc=0x3 data=00 00 00 00 00 00 00 00 00 00 00 00 00 0
  cmd=0x2001F t=2A rc=0x3 data=00 00 00 00 00 00 00 00 00 00 00 00 00 0
  cmd=0x2001F t=2C rc=0x3 data=00 00 00 00 00 00 00 00 00 00 00 00 00 0
  cmd=0x2001F t=2E rc=0x3 data=00 00 00 00 00 00 00 00 00 00 00 00 00 0
  cmd=0x2001F t=30 rc=0x3 data=00 00 00 00 00 00 00 00 00 00 00 00 00 0
  cmd=0x2001F t=32 rc=0x3 data=00 00 00 00 00 00 00 00 00 00 00 00 00 0
  cmd=0x2001F t=34 rc=0x3 data=00 00 00 00 00 00 00 00 00 00 00 00 00 0
  cmd=0x2001F t=36 rc=0x3 data=00 00 00 00 00 00 00 00 00 00 00 00 00 0
  cmd=0x2001F t=38 rc=0x3 data=00 00 00 00 00 00 00 00 00 00 00 00 00 0
  cmd=0x2001F t=3A rc=0x3 data=00 00 00 00 00 00 00 00 00 00 00 00 00 0
  cmd=0x2001F t=3C rc=0x3 data=00 00 00 00 00 00 00 00 00 00 00 00 00 0
  cmd=0x2001F t=3E rc=0x3 data=00 00 00 00 00 00 00 00 00 00 00 00 00 0
  cmd=0x2001F t=40 rc=0x3 data=00 00 00 00 00 00 00 00 00 00 00 00 00 0
  cmd=0x2001F t=42 rc=0x3 data=00 00 00 00 00 00 00 00 00 00 00 00 00 0
  cmd=0x2001F t=44 rc=0x3 data=00 00 00 00 00 00 00 00 00 00 00 00 00 0
  cmd=0x2001F t=46 rc=0x3 data=00 00 00 00 00 00 00 00 00 00 00 00 00 0
  cmd=0x2001F t=48 rc=0x3 data=00 00 00 00 00 00 00 00 00 00 00 00 00 0
  cmd=0x2001F t=4A rc=0x3 data=00 00 00 00 00 00 00 00 00 00 00 00 00 0
  cmd=0x2001F t=4C rc=0x3 data=00 00 00 00 00 00 00 00 00 00 00 00 00 0
  cmd=0x2001F t=4E rc=0x3 data=00 00 00 00 00 00 00 00 00 00 00 00 00 0
  cmd=0x2001F t=50 rc=0x3 data=00 00 00 00 00 00 00 00 00 00 00 00 00 0
  cmd=0x2001F t=52 rc=0x3 data=00 00 00 00 00 00 00 00 00 00 00 00 00 0
  cmd=0x2001F t=54 rc=0x3 data=00 00 00 00 00 00 00 00 00 00 00 00 00 0
  cmd=0x2001F t=56 rc=0x3 data=00 00 00 00 00 00 00 00 00 00 00 00 00 0
  cmd=0x2001F t=58 rc=0x3 data=00 00 00 00 00 00 00 00 00 00 00 00 00 0
  cmd=0x2001F t=5A rc=0x3 data=00 00 00 00 00 00 00 00 00 00 00 00 00 0
  cmd=0x2001F t=5C rc=0x3 data=00 00 00 00 00 00 00 00 00 00 00 00 00 0
  cmd=0x2001F t=5E rc=0x3 data=00 00 00 00 00 00 00 00 00 00 00 00 00 0
  cmd=0x2001F t=60 rc=0x3 data=00 00 00 00 00 00 00 00 00 00 00 00 00 0
  cmd=0x2001F t=62 rc=0x3 data=00 00 00 00 00 00 00 00 00 00 00 00 00 0
  cmd=0x2001F t=64 rc=0x3 data=00 00 00 00 00 00 00 00 00 00 00 00 00 0
  cmd=0x2001F t=66 rc=0x3 data=00 00 00 00 00 00 00 00 00 00 00 00 00 0
  cmd=0x2001F t=68 rc=0x3 data=00 00 00 00 00 00 00 00 00 00 00 00 00 0
  cmd=0x2001F t=6A rc=0x3 data=00 00 00 00 00 00 00 00 00 00 00 00 00 0
  cmd=0x2001F t=6C rc=0x3 data=00 00 00 00 00 00 00 00 00 00 00 00 00 0
  cmd=0x2001F t=6E rc=0x3 data=00 00 00 00 00 00 00 00 00 00 00 00 00 0
  cmd=0x2001F t=70 rc=0x3 data=00 00 00 00 00 00 00 00 00 00 00 00 00 0
  cmd=0x2001F t=72 rc=0x3 data=00 00 00 00 00 00 00 00 00 00 00 00 00 0
  cmd=0x2001F t=74 rc=0x3 data=00 00 00 00 00 00 00 00 00 00 00 00 00 0
  cmd=0x2001F t=76 rc=0x3 data=00 00 00 00 00 00 00 00 00 00 00 00 00 0
  cmd=0x2001F t=78 rc=0x3 data=00 00 00 00 00 00 00 00 00 00 00 00 00 0
  cmd=0x2001F t=7A rc=0x3 data=00 00 00 00 00 00 00 00 00 00 00 00 00 0
  cmd=0x2001F t=7C rc=0x3 data=00 00 00 00 00 00 00 00 00 00 00 00 00 0
  cmd=0x2001F t=7E rc=0x3 data=00 00 00 00 00 00 00 00 00 00 00 00 00 0
  cmd=0x2001F t=80 rc=0x3 data=00 00 00 00 00 00 00 00 00 00 00 00 00 0
  cmd=0x2001F t=82 rc=0x3 data=00 00 00 00 00 00 00 00 00 00 00 00 00 0
  cmd=0x2001F t=84 rc=0x3 data=00 00 00 00 00 00 00 00 00 00 00 00 00 0
  cmd=0x2001F t=86 rc=0x3 data=00 00 00 00 00 00 00 00 00 00 00 00 00 0
  cmd=0x2001F t=88 rc=0x3 data=00 00 00 00 00 00 00 00 00 00 00 00 00 0
  cmd=0x2001F t=8A rc=0x3 data=00 00 00 00 00 00 00 00 00 00 00 00 00 0
  cmd=0x2001F t=8C rc=0x3 data=00 00 00 00 00 00 00 00 00 00 00 00 00 0
  cmd=0x2001F t=8E rc=0x3 data=00 00 00 00 00 00 00 00 00 00 00 00 00 0
  cmd=0x2001F t=90 rc=0x3 data=00 00 00 00 00 00 00 00 00 00 00 00 00 0
  cmd=0x2001F t=92 rc=0x3 data=00 00 00 00 00 00 00 00 00 00 00 00 00 0
  cmd=0x2001F t=94 rc=0x3 data=00 00 00 00 00 00 00 00 00 00 00 00 00 0
  cmd=0x2001F t=96 rc=0x3 data=00 00 00 00 00 00 00 00 00 00 00 00 00 0
  cmd=0x2001F t=98 rc=0x3 data=00 00 00 00 00 00 00 00 00 00 00 00 00 0
  cmd=0x2001F t=9A rc=0x3 data=00 00 00 00 00 00 00 00 00 00 00 00 00 0
  cmd=0x2001F t=9C rc=0x3 data=00 00 00 00 00 00 00 00 00 00 00 00 00 0
  cmd=0x2001F t=9E rc=0x3 data=00 00 00 00 00 00 00 00 00 00 00 00 00 0
  cmd=0x2001F t=A0 rc=0x3 data=00 00 00 00 00 00 00 00 00 00 00 00 00 0
  cmd=0x2001F t=A2 rc=0x3 data=00 00 00 00 00 00 00 00 00 00 00 00 00 0
  cmd=0x2001F t=A4 rc=0x3 data=00 00 00 00 00 00 00 00 00 00 00 00 00 0
  cmd=0x2001F t=A6 rc=0x3 data=00 00 00 00 00 00 00 00 00 00 00 00 00 0
  cmd=0x2001F t=A8 rc=0x3 data=00 00 00 00 00 00 00 00 00 00 00 00 00 0
  cmd=0x2001F t=AA rc=0x3 data=00 00 00 00 00 00 00 00 00 00 00 00 00 0
  cmd=0x2001F t=AC rc=0x3 data=00 00 00 00 00 00 00 00 00 00 00 00 00 0
  cmd=0x2001F t=AE rc=0x3 data=00 00 00 00 00 00 00 00 00 00 00 00 00 0
  cmd=0x2001F t=B0 rc=0x3 data=00 00 00 00 00 00 00 00 00 00 00 00 00 0
  cmd=0x2001F t=B2 rc=0x3 data=00 00 00 00 00 00 00 00 00 00 00 00 00 0
  cmd=0x2001F t=B4 rc=0x3 data=00 00 00 00 00 00 00 00 00 00 00 00 00 0
  cmd=0x2001F t=B6 rc=0x3 data=00 00 00 00 00 00 00 00 00 00 00 00 00 0
  cmd=0x2001F t=B8 rc=0x3 data=00 00 00 00 00 00 00 00 00 00 00 00 00 0
  cmd=0x2001F t=BA rc=0x3 data=00 00 00 00 00 00 00 00 00 00 00 00 00 0
  cmd=0x2001F t=BC rc=0x3 data=00 00 00 00 00 00 00 00 00 00 00 00 00 0
  cmd=0x2001F t=BE rc=0x3 data=00 00 00 00 00 00 00 00 00 00 00 00 00 0
  cmd=0x2001F t=C0 rc=0x3 data=00 00 00 00 00 00 00 00 00 00 00 00 00 0
  cmd=0x2001F t=C2 rc=0x3 data=00 00 00 00 00 00 00 00 00 00 00 00 00 0
  cmd=0x2001F t=C4 rc=0x3 data=00 00 00 00 00 00 00 00 00 00 00 00 00 0
  cmd=0x2001F t=C6 rc=0x3 data=00 00 00 00 00 00 00 00 00 00 00 00 00 0
  cmd=0x2001F t=C8 rc=0x3 data=00 00 00 00 00 00 00 00 00 00 00 00 00 0
  cmd=0x20020 t=00 rc=0x3 data=00 00 00 00 00 00 00 00 00 00 00 00 00 0
  cmd=0x20020 t=02 rc=0x3 data=00 00 00 00 00 00 00 00 00 00 00 00 00 0
  cmd=0x20020 t=04 rc=0x3 data=00 00 00 00 00 00 00 00 00 00 00 00 00 0
  cmd=0x20020 t=06 rc=0x3 data=00 00 00 00 00 00 00 00 00 00 00 00 00 0
  cmd=0x20020 t=08 rc=0x3 data=00 00 00 00 00 00 00 00 00 00 00 00 00 0
  cmd=0x20020 t=0A rc=0x3 data=00 00 00 00 00 00 00 00 00 00 00 00 00 0
  cmd=0x20020 t=0C rc=0x3 data=00 00 00 00 00 00 00 00 00 00 00 00 00 0
  cmd=0x20020 t=0E rc=0x3 data=00 00 00 00 00 00 00 00 00 00 00 00 00 0
  cmd=0x20020 t=10 rc=0x3 data=00 00 00 00 00 00 00 00 00 00 00 00 00 0
  cmd=0x20020 t=12 rc=0x3 data=00 00 00 00 00 00 00 00 00 00 00 00 00 0
  cmd=0x20020 t=14 rc=0x3 data=00 00 00 00 00 00 00 00 00 00 00 00 00 0
  cmd=0x20020 t=16 rc=0x3 data=00 00 00 00 00 00 00 00 00 00 00 00 00 0
  cmd=0x20020 t=18 rc=0x3 data=00 00 00 00 00 00 00 00 00 00 00 00 00 0
  cmd=0x20020 t=1A rc=0x3 data=00 00 00 00 00 00 00 00 00 00 00 00 00 0
  cmd=0x20020 t=1C rc=0x3 data=00 00 00 00 00 00 00 00 00 00 00 00 00 0
  cmd=0x20020 t=1E rc=0x3 data=00 00 00 00 00 00 00 00 00 00 00 00 00 0
  cmd=0x20020 t=20 rc=0x3 data=00 00 00 00 00 00 00 00 00 00 00 00 00 0
  cmd=0x20020 t=22 rc=0x3 data=00 00 00 00 00 00 00 00 00 00 00 00 00 0
  cmd=0x20020 t=24 rc=0x3 data=00 00 00 00 00 00 00 00 00 00 00 00 00 0
  cmd=0x20020 t=26 rc=0x3 data=00 00 00 00 00 00 00 00 00 00 00 00 00 0
  cmd=0x20020 t=28 rc=0x3 data=00 00 00 00 00 00 00 00 00 00 00 00 00 0
  cmd=0x20020 t=2A rc=0x3 data=00 00 00 00 00 00 00 00 00 00 00 00 00 0
  cmd=0x20020 t=2C rc=0x3 data=00 00 00 00 00 00 00 00 00 00 00 00 00 0
  cmd=0x20020 t=2E rc=0x3 data=00 00 00 00 00 00 00 00 00 00 00 00 00 0
  cmd=0x20020 t=30 rc=0x3 data=00 00 00 00 00 00 00 00 00 00 00 00 00 0
  cmd=0x20020 t=32 rc=0x3 data=00 00 00 00 00 00 00 00 00 00 00 00 00 0
  cmd=0x20020 t=34 rc=0x3 data=00 00 00 00 00 00 00 00 00 00 00 00 00 0
  cmd=0x20020 t=36 rc=0x3 data=00 00 00 00 00 00 00 00 00 00 00 00 00 0
  cmd=0x20020 t=38 rc=0x3 data=00 00 00 00 00 00 00 00 00 00 00 00 00 0
  cmd=0x20020 t=3A rc=0x3 data=00 00 00 00 00 00 00 00 00 00 00 00 00 0
  cmd=0x20020 t=3C rc=0x3 data=00 00 00 00 00 00 00 00 00 00 00 00 00 0
  cmd=0x20020 t=3E rc=0x3 data=00 00 00 00 00 00 00 00 00 00 00 00 00 0
  cmd=0x20020 t=40 rc=0x3 data=00 00 00 00 00 00 00 00 00 00 00 00 00 0
  cmd=0x20020 t=42 rc=0x3 data=00 00 00 00 00 00 00 00 00 00 00 00 00 0
  cmd=0x20020 t=44 rc=0x3 data=00 00 00 00 00 00 00 00 00 00 00 00 00 0
  cmd=0x20020 t=46 rc=0x3 data=00 00 00 00 00 00 00 00 00 00 00 00 00 0
  cmd=0x20020 t=48 rc=0x3 data=00 00 00 00 00 00 00 00 00 00 00 00 00 0
  cmd=0x20020 t=4A rc=0x3 data=00 00 00 00 00 00 00 00 00 00 00 00 00 0
  cmd=0x20020 t=4C rc=0x3 data=00 00 00 00 00 00 00 00 00 00 00 00 00 0
  cmd=0x20020 t=4E rc=0x3 data=00 00 00 00 00 00 00 00 00 00 00 00 00 0
  cmd=0x20020 t=50 rc=0x3 data=00 00 00 00 00 00 00 00 00 00 00 00 00 0
  cmd=0x20020 t=52 rc=0x3 data=00 00 00 00 00 00 00 00 00 00 00 00 00 0
  cmd=0x20020 t=54 rc=0x3 data=00 00 00 00 00 00 00 00 00 00 00 00 00 0
  cmd=0x20020 t=56 rc=0x3 data=00 00 00 00 00 00 00 00 00 00 00 00 00 0
  cmd=0x20020 t=58 rc=0x3 data=00 00 00 00 00 00 00 00 00 00 00 00 00 0
  cmd=0x20020 t=5A rc=0x3 data=00 00 00 00 00 00 00 00 00 00 00 00 00 0
  cmd=0x20020 t=5C rc=0x3 data=00 00 00 00 00 00 00 00 00 00 00 00 00 0
  cmd=0x20020 t=5E rc=0x3 data=00 00 00 00 00 00 00 00 00 00 00 00 00 0
  cmd=0x20020 t=60 rc=0x3 data=00 00 00 00 00 00 00 00 00 00 00 00 00 0
  cmd=0x20020 t=62 rc=0x3 data=00 00 00 00 00 00 00 00 00 00 00 00 00 0
  cmd=0x20020 t=64 rc=0x3 data=00 00 00 00 00 00 00 00 00 00 00 00 00 0
  cmd=0x20020 t=66 rc=0x3 data=00 00 00 00 00 00 00 00 00 00 00 00 00 0
  cmd=0x20020 t=68 rc=0x3 data=00 00 00 00 00 00 00 00 00 00 00 00 00 0
  cmd=0x20020 t=6A rc=0x3 data=00 00 00 00 00 00 00 00 00 00 00 00 00 0
  cmd=0x20020 t=6C rc=0x3 data=00 00 00 00 00 00 00 00 00 00 00 00 00 0
  cmd=0x20020 t=6E rc=0x3 data=00 00 00 00 00 00 00 00 00 00 00 00 00 0
  cmd=0x20020 t=70 rc=0x3 data=00 00 00 00 00 00 00 00 00 00 00 00 00 0
  cmd=0x20020 t=72 rc=0x3 data=00 00 00 00 00 00 00 00 00 00 00 00 00 0
  cmd=0x20020 t=74 rc=0x3 data=00 00 00 00 00 00 00 00 00 00 00 00 00 0
  cmd=0x20020 t=76 rc=0x3 data=00 00 00 00 00 00 00 00 00 00 00 00 00 0
  cmd=0x20020 t=78 rc=0x3 data=00 00 00 00 00 00 00 00 00 00 00 00 00 0
  cmd=0x20020 t=7A rc=0x3 data=00 00 00 00 00 00 00 00 00 00 00 00 00 0
  cmd=0x20020 t=7C rc=0x3 data=00 00 00 00 00 00 00 00 00 00 00 00 00 0
  cmd=0x20020 t=7E rc=0x3 data=00 00 00 00 00 00 00 00 00 00 00 00 00 0
  cmd=0x20020 t=80 rc=0x3 data=00 00 00 00 00 00 00 00 00 00 00 00 00 0
  cmd=0x20020 t=82 rc=0x3 data=00 00 00 00 00 00 00 00 00 00 00 00 00 0
  cmd=0x20020 t=84 rc=0x3 data=00 00 00 00 00 00 00 00 00 00 00 00 00 0
  cmd=0x20020 t=86 rc=0x3 data=00 00 00 00 00 00 00 00 00 00 00 00 00 0
  cmd=0x20020 t=88 rc=0x3 data=00 00 00 00 00 00 00 00 00 00 00 00 00 0
  cmd=0x20020 t=8A rc=0x3 data=00 00 00 00 00 00 00 00 00 00 00 00 00 0
  cmd=0x20020 t=8C rc=0x3 data=00 00 00 00 00 00 00 00 00 00 00 00 00 0
  cmd=0x20020 t=8E rc=0x3 data=00 00 00 00 00 00 00 00 00 00 00 00 00 0
  cmd=0x20020 t=90 rc=0x3 data=00 00 00 00 00 00 00 00 00 00 00 00 00 0
  cmd=0x20020 t=92 rc=0x3 data=00 00 00 00 00 00 00 00 00 00 00 00 00 0
  cmd=0x20020 t=94 rc=0x3 data=00 00 00 00 00 00 00 00 00 00 00 00 00 0
  cmd=0x20020 t=96 rc=0x3 data=00 00 00 00 00 00 00 00 00 00 00 00 00 0
  cmd=0x20020 t=98 rc=0x3 data=00 00 00 00 00 00 00 00 00 00 00 00 00 0
  cmd=0x20020 t=9A rc=0x3 data=00 00 00 00 00 00 00 00 00 00 00 00 00 0
  cmd=0x20020 t=9C rc=0x3 data=00 00 00 00 00 00 00 00 00 00 00 00 00 0
  cmd=0x20020 t=9E rc=0x3 data=00 00 00 00 00 00 00 00 00 00 00 00 00 0
  cmd=0x20020 t=A0 rc=0x3 data=00 00 00 00 00 00 00 00 00 00 00 00 00 0
  cmd=0x20020 t=A2 rc=0x3 data=00 00 00 00 00 00 00 00 00 00 00 00 00 0
  cmd=0x20020 t=A4 rc=0x3 data=00 00 00 00 00 00 00 00 00 00 00 00 00 0
  cmd=0x20020 t=A6 rc=0x3 data=00 00 00 00 00 00 00 00 00 00 00 00 00 0
  cmd=0x20020 t=A8 rc=0x3 data=00 00 00 00 00 00 00 00 00 00 00 00 00 0
  cmd=0x20020 t=AA rc=0x3 data=00 00 00 00 00 00 00 00 00 00 00 00 00 0
  cmd=0x20020 t=AC rc=0x3 data=00 00 00 00 00 00 00 00 00 00 00 00 00 0
  cmd=0x20020 t=AE rc=0x3 data=00 00 00 00 00 00 00 00 00 00 00 00 00 0
  cmd=0x20020 t=B0 rc=0x3 data=00 00 00 00 00 00 00 00 00 00 00 00 00 0
  cmd=0x20020 t=B2 rc=0x3 data=00 00 00 00 00 00 00 00 00 00 00 00 00 0
  cmd=0x20020 t=B4 rc=0x3 data=00 00 00 00 00 00 00 00 00 00 00 00 00 0
  cmd=0x20020 t=B6 rc=0x3 data=00 00 00 00 00 00 00 00 00 00 00 00 00 0
  cmd=0x20020 t=B8 rc=0x3 data=00 00 00 00 00 00 00 00 00 00 00 00 00 0
  cmd=0x20020 t=BA rc=0x3 data=00 00 00 00 00 00 00 00 00 00 00 00 00 0
  cmd=0x20020 t=BC rc=0x3 data=00 00 00 00 00 00 00 00 00 00 00 00 00 0
  cmd=0x20020 t=BE rc=0x3 data=00 00 00 00 00 00 00 00 00 00 00 00 00 0
  cmd=0x20020 t=C0 rc=0x3 data=00 00 00 00 00 00 00 00 00 00 00 00 00 0
  cmd=0x20020 t=C2 rc=0x3 data=00 00 00 00 00 00 00 00 00 00 00 00 00 0
  cmd=0x20020 t=C4 rc=0x3 data=00 00 00 00 00 00 00 00 00 00 00 00 00 0
  cmd=0x20020 t=C6 rc=0x3 data=00 00 00 00 00 00 00 00 00 00 00 00 00 0
  cmd=0x20020 t=C8 rc=0x3 data=00 00 00 00 00 00 00 00 00 00 00 00 00 0
  cmd=0x20021 t=00 rc=0x3 data=00 00 00 00 00 00 00 00 00 00 00 00 00 0
  cmd=0x20021 t=02 rc=0x3 data=00 00 00 00 00 00 00 00 00 00 00 00 00 0
  cmd=0x20021 t=04 rc=0x3 data=00 00 00 00 00 00 00 00 00 00 00 00 00 0
  cmd=0x20021 t=06 rc=0x3 data=00 00 00 00 00 00 00 00 00 00 00 00 00 0
  cmd=0x20021 t=08 rc=0x3 data=00 00 00 00 00 00 00 00 00 00 00 00 00 0
  cmd=0x20021 t=0A rc=0x3 data=00 00 00 00 00 00 00 00 00 00 00 00 00 0
  cmd=0x20021 t=0C rc=0x3 data=00 00 00 00 00 00 00 00 00 00 00 00 00 0
  cmd=0x20021 t=0E rc=0x3 data=00 00 00 00 00 00 00 00 00 00 00 00 00 0
  cmd=0x20021 t=10 rc=0x3 data=00 00 00 00 00 00 00 00 00 00 00 00 00 0
  cmd=0x20021 t=12 rc=0x3 data=00 00 00 00 00 00 00 00 00 00 00 00 00 0
  cmd=0x20021 t=14 rc=0x3 data=00 00 00 00 00 00 00 00 00 00 00 00 00 0
  cmd=0x20021 t=16 rc=0x3 data=00 00 00 00 00 00 00 00 00 00 00 00 00 0
  cmd=0x20021 t=18 rc=0x3 data=00 00 00 00 00 00 00 00 00 00 00 00 00 0
  cmd=0x20021 t=1A rc=0x3 data=00 00 00 00 00 00 00 00 00 00 00 00 00 0
  cmd=0x20021 t=1C rc=0x3 data=00 00 00 00 00 00 00 00 00 00 00 00 00 0
  cmd=0x20021 t=1E rc=0x3 data=00 00 00 00 00 00 00 00 00 00 00 00 00 0
  cmd=0x20021 t=20 rc=0x3 data=00 00 00 00 00 00 00 00 00 00 00 00 00 0
  cmd=0x20021 t=22 rc=0x3 data=00 00 00 00 00 00 00 00 00 00 00 00 00 0
  cmd=0x20021 t=24 rc=0x3 data=00 00 00 00 00 00 00 00 00 00 00 00 00 0
  cmd=0x20021 t=26 rc=0x3 data=00 00 00 00 00 00 00 00 00 00 00 00 00 0
  cmd=0x20021 t=28 rc=0x3 data=00 00 00 00 00 00 00 00 00 00 00 00 00 0
  cmd=0x20021 t=2A rc=0x3 data=00 00 00 00 00 00 00 00 00 00 00 00 00 0
  cmd=0x20021 t=2C rc=0x3 data=00 00 00 00 00 00 00 00 00 00 00 00 00 0
  cmd=0x20021 t=2E rc=0x3 data=00 00 00 00 00 00 00 00 00 00 00 00 00 0
  cmd=0x20021 t=30 rc=0x3 data=00 00 00 00 00 00 00 00 00 00 00 00 00 0
  cmd=0x20021 t=32 rc=0x3 data=00 00 00 00 00 00 00 00 00 00 00 00 00 0
  cmd=0x20021 t=34 rc=0x3 data=00 00 00 00 00 00 00 00 00 00 00 00 00 0
  cmd=0x20021 t=36 rc=0x3 data=00 00 00 00 00 00 00 00 00 00 00 00 00 0
  cmd=0x20021 t=38 rc=0x3 data=00 00 00 00 00 00 00 00 00 00 00 00 00 0
  cmd=0x20021 t=3A rc=0x3 data=00 00 00 00 00 00 00 00 00 00 00 00 00 0
  cmd=0x20021 t=3C rc=0x3 data=00 00 00 00 00 00 00 00 00 00 00 00 00 0
  cmd=0x20021 t=3E rc=0x3 data=00 00 00 00 00 00 00 00 00 00 00 00 00 0
  cmd=0x20021 t=40 rc=0x3 data=00 00 00 00 00 00 00 00 00 00 00 00 00 0
  cmd=0x20021 t=42 rc=0x3 data=00 00 00 00 00 00 00 00 00 00 00 00 00 0
  cmd=0x20021 t=44 rc=0x3 data=00 00 00 00 00 00 00 00 00 00 00 00 00 0
  cmd=0x20021 t=46 rc=0x3 data=00 00 00 00 00 00 00 00 00 00 00 00 00 0
  cmd=0x20021 t=48 rc=0x3 data=00 00 00 00 00 00 00 00 00 00 00 00 00 0
  cmd=0x20021 t=4A rc=0x3 data=00 00 00 00 00 00 00 00 00 00 00 00 00 0
  cmd=0x20021 t=4C rc=0x3 data=00 00 00 00 00 00 00 00 00 00 00 00 00 0
  cmd=0x20021 t=4E rc=0x3 data=00 00 00 00 00 00 00 00 00 00 00 00 00 0
  cmd=0x20021 t=50 rc=0x3 data=00 00 00 00 00 00 00 00 00 00 00 00 00 0
  cmd=0x20021 t=52 rc=0x3 data=00 00 00 00 00 00 00 00 00 00 00 00 00 0
  cmd=0x20021 t=54 rc=0x3 data=00 00 00 00 00 00 00 00 00 00 00 00 00 0
  cmd=0x20021 t=56 rc=0x3 data=00 00 00 00 00 00 00 00 00 00 00 00 00 0
  cmd=0x20021 t=58 rc=0x3 data=00 00 00 00 00 00 00 00 00 00 00 00 00 0
  cmd=0x20021 t=5A rc=0x3 data=00 00 00 00 00 00 00 00 00 00 00 00 00 0
  cmd=0x20021 t=5C rc=0x3 data=00 00 00 00 00 00 00 00 00 00 00 00 00 0
  cmd=0x20021 t=5E rc=0x3 data=00 00 00 00 00 00 00 00 00 00 00 00 00 0
  cmd=0x20021 t=60 rc=0x3 data=00 00 00 00 00 00 00 00 00 00 00 00 00 0
  cmd=0x20021 t=62 rc=0x3 data=00 00 00 00 00 00 00 00 00 00 00 00 00 0
  cmd=0x20021 t=64 rc=0x3 data=00 00 00 00 00 00 00 00 00 00 00 00 00 0
  cmd=0x20021 t=66 rc=0x3 data=00 00 00 00 00 00 00 00 00 00 00 00 00 0
  cmd=0x20021 t=68 rc=0x3 data=00 00 00 00 00 00 00 00 00 00 00 00 00 0
  cmd=0x20021 t=6A rc=0x3 data=00 00 00 00 00 00 00 00 00 00 00 00 00 0
  cmd=0x20021 t=6C rc=0x3 data=00 00 00 00 00 00 00 00 00 00 00 00 00 0
  cmd=0x20021 t=6E rc=0x3 data=00 00 00 00 00 00 00 00 00 00 00 00 00 0
  cmd=0x20021 t=70 rc=0x3 data=00 00 00 00 00 00 00 00 00 00 00 00 00 0
  cmd=0x20021 t=72 rc=0x3 data=00 00 00 00 00 00 00 00 00 00 00 00 00 0
  cmd=0x20021 t=74 rc=0x3 data=00 00 00 00 00 00 00 00 00 00 00 00 00 0
  cmd=0x20021 t=76 rc=0x3 data=00 00 00 00 00 00 00 00 00 00 00 00 00 0
  cmd=0x20021 t=78 rc=0x3 data=00 00 00 00 00 00 00 00 00 00 00 00 00 0
  cmd=0x20021 t=7A rc=0x3 data=00 00 00 00 00 00 00 00 00 00 00 00 00 0
  cmd=0x20021 t=7C rc=0x3 data=00 00 00 00 00 00 00 00 00 00 00 00 00 0
  cmd=0x20021 t=7E rc=0x3 data=00 00 00 00 00 00 00 00 00 00 00 00 00 0
  cmd=0x20021 t=80 rc=0x3 data=00 00 00 00 00 00 00 00 00 00 00 00 00 0
  cmd=0x20021 t=82 rc=0x3 data=00 00 00 00 00 00 00 00 00 00 00 00 00 0
  cmd=0x20021 t=84 rc=0x3 data=00 00 00 00 00 00 00 00 00 00 00 00 00 0
  cmd=0x20021 t=86 rc=0x3 data=00 00 00 00 00 00 00 00 00 00 00 00 00 0
  cmd=0x20021 t=88 rc=0x3 data=00 00 00 00 00 00 00 00 00 00 00 00 00 0
  cmd=0x20021 t=8A rc=0x3 data=00 00 00 00 00 00 00 00 00 00 00 00 00 0
  cmd=0x20021 t=8C rc=0x3 data=00 00 00 00 00 00 00 00 00 00 00 00 00 0
  cmd=0x20021 t=8E rc=0x3 data=00 00 00 00 00 00 00 00 00 00 00 00 00 0
  cmd=0x20021 t=90 rc=0x3 data=00 00 00 00 00 00 00 00 00 00 00 00 00 0
  cmd=0x20021 t=92 rc=0x3 data=00 00 00 00 00 00 00 00 00 00 00 00 00 0
  cmd=0x20021 t=94 rc=0x3 data=00 00 00 00 00 00 00 00 00 00 00 00 00 0
  cmd=0x20021 t=96 rc=0x3 data=00 00 00 00 00 00 00 00 00 00 00 00 00 0
  cmd=0x20021 t=98 rc=0x3 data=00 00 00 00 00 00 00 00 00 00 00 00 00 0
  cmd=0x20021 t=9A rc=0x3 data=00 00 00 00 00 00 00 00 00 00 00 00 00 0
  cmd=0x20021 t=9C rc=0x3 data=00 00 00 00 00 00 00 00 00 00 00 00 00 0
  cmd=0x20021 t=9E rc=0x3 data=00 00 00 00 00 00 00 00 00 00 00 00 00 0
  cmd=0x20021 t=A0 rc=0x3 data=00 00 00 00 00 00 00 00 00 00 00 00 00 0
  cmd=0x20021 t=A2 rc=0x3 data=00 00 00 00 00 00 00 00 00 00 00 00 00 0
  cmd=0x20021 t=A4 rc=0x3 data=00 00 00 00 00 00 00 00 00 00 00 00 00 0
  cmd=0x20021 t=A6 rc=0x3 data=00 00 00 00 00 00 00 00 00 00 00 00 00 0
  cmd=0x20021 t=A8 rc=0x3 data=00 00 00 00 00 00 00 00 00 00 00 00 00 0
  cmd=0x20021 t=AA rc=0x3 data=00 00 00 00 00 00 00 00 00 00 00 00 00 0
  cmd=0x20021 t=AC rc=0x3 data=00 00 00 00 00 00 00 00 00 00 00 00 00 0
  cmd=0x20021 t=AE rc=0x3 data=00 00 00 00 00 00 00 00 00 00 00 00 00 0
  cmd=0x20021 t=B0 rc=0x3 data=00 00 00 00 00 00 00 00 00 00 00 00 00 0
  cmd=0x20021 t=B2 rc=0x3 data=00 00 00 00 00 00 00 00 00 00 00 00 00 0
  cmd=0x20021 t=B4 rc=0x3 data=00 00 00 00 00 00 00 00 00 00 00 00 00 0
  cmd=0x20021 t=B6 rc=0x3 data=00 00 00 00 00 00 00 00 00 00 00 00 00 0
  cmd=0x20021 t=B8 rc=0x3 data=00 00 00 00 00 00 00 00 00 00 00 00 00 0
  cmd=0x20021 t=BA rc=0x3 data=00 00 00 00 00 00 00 00 00 00 00 00 00 0
  cmd=0x20021 t=BC rc=0x3 data=00 00 00 00 00 00 00 00 00 00 00 00 00 0
  cmd=0x20021 t=BE rc=0x3 data=00 00 00 00 00 00 00 00 00 00 00 00 00 0
  cmd=0x20021 t=C0 rc=0x3 data=00 00 00 00 00 00 00 00 00 00 00 00 00 0
  cmd=0x20021 t=C2 rc=0x3 data=00 00 00 00 00 00 00 00 00 00 00 00 00 0
  cmd=0x20021 t=C4 rc=0x3 data=00 00 00 00 00 00 00 00 00 00 00 00 00 0
  cmd=0x20021 t=C6 rc=0x3 data=00 00 00 00 00 00 00 00 00 00 00 00 00 0
  cmd=0x20021 t=C8 rc=0x3 data=00 00 00 00 00 00 00 00 00 00 00 00 00 0
  cmd=0x20022 t=00 rc=0x3 data=00 00 00 00 00 00 00 00 00 00 00 00 00 0
  cmd=0x20022 t=02 rc=0x3 data=00 00 00 00 00 00 00 00 00 00 00 00 00 0
  cmd=0x20022 t=04 rc=0x3 data=00 00 00 00 00 00 00 00 00 00 00 00 00 0
  cmd=0x20022 t=06 rc=0x3 data=00 00 00 00 00 00 00 00 00 00 00 00 00 0
  cmd=0x20022 t=08 rc=0x3 data=00 00 00 00 00 00 00 00 00 00 00 00 00 0
  cmd=0x20022 t=0A rc=0x3 data=00 00 00 00 00 00 00 00 00 00 00 00 00 0
  cmd=0x20022 t=0C rc=0x3 data=00 00 00 00 00 00 00 00 00 00 00 00 00 0
  cmd=0x20022 t=0E rc=0x3 data=00 00 00 00 00 00 00 00 00 00 00 00 00 0
  cmd=0x20022 t=10 rc=0x3 data=00 00 00 00 00 00 00 00 00 00 00 00 00 0
  cmd=0x20022 t=12 rc=0x3 data=00 00 00 00 00 00 00 00 00 00 00 00 00 0
  cmd=0x20022 t=14 rc=0x3 data=00 00 00 00 00 00 00 00 00 00 00 00 00 0
  cmd=0x20022 t=16 rc=0x3 data=00 00 00 00 00 00 00 00 00 00 00 00 00 0
  cmd=0x20022 t=18 rc=0x3 data=00 00 00 00 00 00 00 00 00 00 00 00 00 0
  cmd=0x20022 t=1A rc=0x3 data=00 00 00 00 00 00 00 00 00 00 00 00 00 0
  cmd=0x20022 t=1C rc=0x3 data=00 00 00 00 00 00 00 00 00 00 00 00 00 0
  cmd=0x20022 t=1E rc=0x3 data=00 00 00 00 00 00 00 00 00 00 00 00 00 0
  cmd=0x20022 t=20 rc=0x3 data=00 00 00 00 00 00 00 00 00 00 00 00 00 0
  cmd=0x20022 t=22 rc=0x3 data=00 00 00 00 00 00 00 00 00 00 00 00 00 0
  cmd=0x20022 t=24 rc=0x3 data=00 00 00 00 00 00 00 00 00 00 00 00 00 0
  cmd=0x20022 t=26 rc=0x3 data=00 00 00 00 00 00 00 00 00 00 00 00 00 0
  cmd=0x20022 t=28 rc=0x3 data=00 00 00 00 00 00 00 00 00 00 00 00 00 0
  cmd=0x20022 t=2A rc=0x3 data=00 00 00 00 00 00 00 00 00 00 00 00 00 0
  cmd=0x20022 t=2C rc=0x3 data=00 00 00 00 00 00 00 00 00 00 00 00 00 0
  cmd=0x20022 t=2E rc=0x3 data=00 00 00 00 00 00 00 00 00 00 00 00 00 0
  cmd=0x20022 t=30 rc=0x3 data=00 00 00 00 00 00 00 00 00 00 00 00 00 0
  cmd=0x20022 t=32 rc=0x3 data=00 00 00 00 00 00 00 00 00 00 00 00 00 0
  cmd=0x20022 t=34 rc=0x3 data=00 00 00 00 00 00 00 00 00 00 00 00 00 0
  cmd=0x20022 t=36 rc=0x3 data=00 00 00 00 00 00 00 00 00 00 00 00 00 0
  cmd=0x20022 t=38 rc=0x3 data=00 00 00 00 00 00 00 00 00 00 00 00 00 0
  cmd=0x20022 t=3A rc=0x3 data=00 00 00 00 00 00 00 00 00 00 00 00 00 0
  cmd=0x20022 t=3C rc=0x3 data=00 00 00 00 00 00 00 00 00 00 00 00 00 0
  cmd=0x20022 t=3E rc=0x3 data=00 00 00 00 00 00 00 00 00 00 00 00 00 0
  cmd=0x20022 t=40 rc=0x3 data=00 00 00 00 00 00 00 00 00 00 00 00 00 0
  cmd=0x20022 t=42 rc=0x3 data=00 00 00 00 00 00 00 00 00 00 00 00 00 0
  cmd=0x20022 t=44 rc=0x3 data=00 00 00 00 00 00 00 00 00 00 00 00 00 0
  cmd=0x20022 t=46 rc=0x3 data=00 00 00 00 00 00 00 00 00 00 00 00 00 0
  cmd=0x20022 t=48 rc=0x3 data=00 00 00 00 00 00 00 00 00 00 00 00 00 0
  cmd=0x20022 t=4A rc=0x3 data=00 00 00 00 00 00 00 00 00 00 00 00 00 0
  cmd=0x20022 t=4C rc=0x3 data=00 00 00 00 00 00 00 00 00 00 00 00 00 0
  cmd=0x20022 t=4E rc=0x3 data=00 00 00 00 00 00 00 00 00 00 00 00 00 0
  cmd=0x20022 t=50 rc=0x3 data=00 00 00 00 00 00 00 00 00 00 00 00 00 0
  cmd=0x20022 t=52 rc=0x3 data=00 00 00 00 00 00 00 00 00 00 00 00 00 0
  cmd=0x20022 t=54 rc=0x3 data=00 00 00 00 00 00 00 00 00 00 00 00 00 0
  cmd=0x20022 t=56 rc=0x3 data=00 00 00 00 00 00 00 00 00 00 00 00 00 0
  cmd=0x20022 t=58 rc=0x3 data=00 00 00 00 00 00 00 00 00 00 00 00 00 0
  cmd=0x20022 t=5A rc=0x3 data=00 00 00 00 00 00 00 00 00 00 00 00 00 0
  cmd=0x20022 t=5C rc=0x3 data=00 00 00 00 00 00 00 00 00 00 00 00 00 0
  cmd=0x20022 t=5E rc=0x3 data=00 00 00 00 00 00 00 00 00 00 00 00 00 0
  cmd=0x20022 t=60 rc=0x3 data=00 00 00 00 00 00 00 00 00 00 00 00 00 0
  cmd=0x20022 t=62 rc=0x3 data=00 00 00 00 00 00 00 00 00 00 00 00 00 0
  cmd=0x20022 t=64 rc=0x3 data=00 00 00 00 00 00 00 00 00 00 00 00 00 0
  cmd=0x20022 t=66 rc=0x3 data=00 00 00 00 00 00 00 00 00 00 00 00 00 0
  cmd=0x20022 t=68 rc=0x3 data=00 00 00 00 00 00 00 00 00 00 00 00 00 0
  cmd=0x20022 t=6A rc=0x3 data=00 00 00 00 00 00 00 00 00 00 00 00 00 0
  cmd=0x20022 t=6C rc=0x3 data=00 00 00 00 00 00 00 00 00 00 00 00 00 0
  cmd=0x20022 t=6E rc=0x3 data=00 00 00 00 00 00 00 00 00 00 00 00 00 0
  cmd=0x20022 t=70 rc=0x3 data=00 00 00 00 00 00 00 00 00 00 00 00 00 0
  cmd=0x20022 t=72 rc=0x3 data=00 00 00 00 00 00 00 00 00 00 00 00 00 0
  cmd=0x20022 t=74 rc=0x3 data=00 00 00 00 00 00 00 00 00 00 00 00 00 0
  cmd=0x20022 t=76 rc=0x3 data=00 00 00 00 00 00 00 00 00 00 00 00 00 0
  cmd=0x20022 t=78 rc=0x3 data=00 00 00 00 00 00 00 00 00 00 00 00 00 0
  cmd=0x20022 t=7A rc=0x3 data=00 00 00 00 00 00 00 00 00 00 00 00 00 0
  cmd=0x20022 t=7C rc=0x3 data=00 00 00 00 00 00 00 00 00 00 00 00 00 0
  cmd=0x20022 t=7E rc=0x3 data=00 00 00 00 00 00 00 00 00 00 00 00 00 0
  cmd=0x20022 t=80 rc=0x3 data=00 00 00 00 00 00 00 00 00 00 00 00 00 0
  cmd=0x20022 t=82 rc=0x3 data=00 00 00 00 00 00 00 00 00 00 00 00 00 0
  cmd=0x20022 t=84 rc=0x3 data=00 00 00 00 00 00 00 00 00 00 00 00 00 0
  cmd=0x20022 t=86 rc=0x3 data=00 00 00 00 00 00 00 00 00 00 00 00 00 0
  cmd=0x20022 t=88 rc=0x3 data=00 00 00 00 00 00 00 00 00 00 00 00 00 0
  cmd=0x20022 t=8A rc=0x3 data=00 00 00 00 00 00 00 00 00 00 00 00 00 0
  cmd=0x20022 t=8C rc=0x3 data=00 00 00 00 00 00 00 00 00 00 00 00 00 0
  cmd=0x20022 t=8E rc=0x3 data=00 00 00 00 00 00 00 00 00 00 00 00 00 0
  cmd=0x20022 t=90 rc=0x3 data=00 00 00 00 00 00 00 00 00 00 00 00 00 0
  cmd=0x20022 t=92 rc=0x3 data=00 00 00 00 00 00 00 00 00 00 00 00 00 0
  cmd=0x20022 t=94 rc=0x3 data=00 00 00 00 00 00 00 00 00 00 00 00 00 0
  cmd=0x20022 t=96 rc=0x3 data=00 00 00 00 00 00 00 00 00 00 00 00 00 0
  cmd=0x20022 t=98 rc=0x3 data=00 00 00 00 00 00 00 00 00 00 00 00 00 0
  cmd=0x20022 t=9A rc=0x3 data=00 00 00 00 00 00 00 00 00 00 00 00 00 0
  cmd=0x20022 t=9C rc=0x3 data=00 00 00 00 00 00 00 00 00 00 00 00 00 0
  cmd=0x20022 t=9E rc=0x3 data=00 00 00 00 00 00 00 00 00 00 00 00 00 0
  cmd=0x20022 t=A0 rc=0x3 data=00 00 00 00 00 00 00 00 00 00 00 00 00 0
  cmd=0x20022 t=A2 rc=0x3 data=00 00 00 00 00 00 00 00 00 00 00 00 00 0
  cmd=0x20022 t=A4 rc=0x3 data=00 00 00 00 00 00 00 00 00 00 00 00 00 0
  cmd=0x20022 t=A6 rc=0x3 data=00 00 00 00 00 00 00 00 00 00 00 00 00 0
  cmd=0x20022 t=A8 rc=0x3 data=00 00 00 00 00 00 00 00 00 00 00 00 00 0
  cmd=0x20022 t=AA rc=0x3 data=00 00 00 00 00 00 00 00 00 00 00 00 00 0
  cmd=0x20022 t=AC rc=0x3 data=00 00 00 00 00 00 00 00 00 00 00 00 00 0
  cmd=0x20022 t=AE rc=0x3 data=00 00 00 00 00 00 00 00 00 00 00 00 00 0
  cmd=0x20022 t=B0 rc=0x3 data=00 00 00 00 00 00 00 00 00 00 00 00 00 0
  cmd=0x20022 t=B2 rc=0x3 data=00 00 00 00 00 00 00 00 00 00 00 00 00 0
  cmd=0x20022 t=B4 rc=0x3 data=00 00 00 00 00 00 00 00 00 00 00 00 00 0
  cmd=0x20022 t=B6 rc=0x3 data=00 00 00 00 00 00 00 00 00 00 00 00 00 0
  cmd=0x20022 t=B8 rc=0x3 data=00 00 00 00 00 00 00 00 00 00 00 00 00 0
  cmd=0x20022 t=BA rc=0x3 data=00 00 00 00 00 00 00 00 00 00 00 00 00 0
  cmd=0x20022 t=BC rc=0x3 data=00 00 00 00 00 00 00 00 00 00 00 00 00 0
  cmd=0x20022 t=BE rc=0x3 data=00 00 00 00 00 00 00 00 00 00 00 00 00 0
  cmd=0x20022 t=C0 rc=0x3 data=00 00 00 00 00 00 00 00 00 00 00 00 00 0
  cmd=0x20022 t=C2 rc=0x3 data=00 00 00 00 00 00 00 00 00 00 00 00 00 0
  cmd=0x20022 t=C4 rc=0x3 data=00 00 00 00 00 00 00 00 00 00 00 00 00 0
  cmd=0x20022 t=C6 rc=0x3 data=00 00 00 00 00 00 00 00 00 00 00 00 00 0
  cmd=0x20022 t=C8 rc=0x3 data=00 00 00 00 00 00 00 00 00 00 00 00 00 0
  cmd=0x20023 t=00 rc=0x3 data=00 00 00 00 00 00 00 00 00 00 00 00 00 0
  cmd=0x20023 t=02 rc=0x3 data=00 00 00 00 00 00 00 00 00 00 00 00 00 0
  cmd=0x20023 t=04 rc=0x3 data=00 00 00 00 00 00 00 00 00 00 00 00 00 0
  cmd=0x20023 t=06 rc=0x3 data=00 00 00 00 00 00 00 00 00 00 00 00 00 0
  cmd=0x20023 t=08 rc=0x3 data=00 00 00 00 00 00 00 00 00 00 00 00 00 0
  cmd=0x20023 t=0A rc=0x3 data=00 00 00 00 00 00 00 00 00 00 00 00 00 0
  cmd=0x20023 t=0C rc=0x3 data=00 00 00 00 00 00 00 00 00 00 00 00 00 0
  cmd=0x20023 t=0E rc=0x3 data=00 00 00 00 00 00 00 00 00 00 00 00 00 0
  cmd=0x20023 t=10 rc=0x3 data=00 00 00 00 00 00 00 00 00 00 00 00 00 0
  cmd=0x20023 t=12 rc=0x3 data=00 00 00 00 00 00 00 00 00 00 00 00 00 0
  cmd=0x20023 t=14 rc=0x3 data=00 00 00 00 00 00 00 00 00 00 00 00 00 0
  cmd=0x20023 t=16 rc=0x3 data=00 00 00 00 00 00 00 00 00 00 00 00 00 0
  cmd=0x20023 t=18 rc=0x3 data=00 00 00 00 00 00 00 00 00 00 00 00 00 0
  cmd=0x20023 t=1A rc=0x3 data=00 00 00 00 00 00 00 00 00 00 00 00 00 0
  cmd=0x20023 t=1C rc=0x3 data=00 00 00 00 00 00 00 00 00 00 00 00 00 0
  cmd=0x20023 t=1E rc=0x3 data=00 00 00 00 00 00 00 00 00 00 00 00 00 0
  cmd=0x20023 t=20 rc=0x3 data=00 00 00 00 00 00 00 00 00 00 00 00 00 0
  cmd=0x20023 t=22 rc=0x3 data=00 00 00 00 00 00 00 00 00 00 00 00 00 0
  cmd=0x20023 t=24 rc=0x3 data=00 00 00 00 00 00 00 00 00 00 00 00 00 0
  cmd=0x20023 t=26 rc=0x3 data=00 00 00 00 00 00 00 00 00 00 00 00 00 0
  cmd=0x20023 t=28 rc=0x3 data=00 00 00 00 00 00 00 00 00 00 00 00 00 0
  cmd=0x20023 t=2A rc=0x3 data=00 00 00 00 00 00 00 00 00 00 00 00 00 0
  cmd=0x20023 t=2C rc=0x3 data=00 00 00 00 00 00 00 00 00 00 00 00 00 0
  cmd=0x20023 t=2E rc=0x3 data=00 00 00 00 00 00 00 00 00 00 00 00 00 0
  cmd=0x20023 t=30 rc=0x3 data=00 00 00 00 00 00 00 00 00 00 00 00 00 0
  cmd=0x20023 t=32 rc=0x3 data=00 00 00 00 00 00 00 00 00 00 00 00 00 0
  cmd=0x20023 t=34 rc=0x3 data=00 00 00 00 00 00 00 00 00 00 00 00 00 0
  cmd=0x20023 t=36 rc=0x3 data=00 00 00 00 00 00 00 00 00 00 00 00 00 0
  cmd=0x20023 t=38 rc=0x3 data=00 00 00 00 00 00 00 00 00 00 00 00 00 0
  cmd=0x20023 t=3A rc=0x3 data=00 00 00 00 00 00 00 00 00 00 00 00 00 0
  cmd=0x20023 t=3C rc=0x3 data=00 00 00 00 00 00 00 00 00 00 00 00 00 0
  cmd=0x20023 t=3E rc=0x3 data=00 00 00 00 00 00 00 00 00 00 00 00 00 0
  cmd=0x20023 t=40 rc=0x3 data=00 00 00 00 00 00 00 00 00 00 00 00 00 0
  cmd=0x20023 t=42 rc=0x3 data=00 00 00 00 00 00 00 00 00 00 00 00 00 0
  cmd=0x20023 t=44 rc=0x3 data=00 00 00 00 00 00 00 00 00 00 00 00 00 0
  cmd=0x20023 t=46 rc=0x3 data=00 00 00 00 00 00 00 00 00 00 00 00 00 0
  cmd=0x20023 t=48 rc=0x3 data=00 00 00 00 00 00 00 00 00 00 00 00 00 0
  cmd=0x20023 t=4A rc=0x3 data=00 00 00 00 00 00 00 00 00 00 00 00 00 0
  cmd=0x20023 t=4C rc=0x3 data=00 00 00 00 00 00 00 00 00 00 00 00 00 0
  cmd=0x20023 t=4E rc=0x3 data=00 00 00 00 00 00 00 00 00 00 00 00 00 0
  cmd=0x20023 t=50 rc=0x3 data=00 00 00 00 00 00 00 00 00 00 00 00 00 0
  cmd=0x20023 t=52 rc=0x3 data=00 00 00 00 00 00 00 00 00 00 00 00 00 0
  cmd=0x20023 t=54 rc=0x3 data=00 00 00 00 00 00 00 00 00 00 00 00 00 0
  cmd=0x20023 t=56 rc=0x3 data=00 00 00 00 00 00 00 00 00 00 00 00 00 0
  cmd=0x20023 t=58 rc=0x3 data=00 00 00 00 00 00 00 00 00 00 00 00 00 0
  cmd=0x20023 t=5A rc=0x3 data=00 00 00 00 00 00 00 00 00 00 00 00 00 0
  cmd=0x20023 t=5C rc=0x3 data=00 00 00 00 00 00 00 00 00 00 00 00 00 0
  cmd=0x20023 t=5E rc=0x3 data=00 00 00 00 00 00 00 00 00 00 00 00 00 0
  cmd=0x20023 t=60 rc=0x3 data=00 00 00 00 00 00 00 00 00 00 00 00 00 0
  cmd=0x20023 t=62 rc=0x3 data=00 00 00 00 00 00 00 00 00 00 00 00 00 0
  cmd=0x20023 t=64 rc=0x3 data=00 00 00 00 00 00 00 00 00 00 00 00 00 0
  cmd=0x20023 t=66 rc=0x3 data=00 00 00 00 00 00 00 00 00 00 00 00 00 0
  cmd=0x20023 t=68 rc=0x3 data=00 00 00 00 00 00 00 00 00 00 00 00 00 0
  cmd=0x20023 t=6A rc=0x3 data=00 00 00 00 00 00 00 00 00 00 00 00 00 0
  cmd=0x20023 t=6C rc=0x3 data=00 00 00 00 00 00 00 00 00 00 00 00 00 0
  cmd=0x20023 t=6E rc=0x3 data=00 00 00 00 00 00 00 00 00 00 00 00 00 0
  cmd=0x20023 t=70 rc=0x3 data=00 00 00 00 00 00 00 00 00 00 00 00 00 0
  cmd=0x20023 t=72 rc=0x3 data=00 00 00 00 00 00 00 00 00 00 00 00 00 0
  cmd=0x20023 t=74 rc=0x3 data=00 00 00 00 00 00 00 00 00 00 00 00 00 0
  cmd=0x20023 t=76 rc=0x3 data=00 00 00 00 00 00 00 00 00 00 00 00 00 0
  cmd=0x20023 t=78 rc=0x3 data=00 00 00 00 00 00 00 00 00 00 00 00 00 0
  cmd=0x20023 t=7A rc=0x3 data=00 00 00 00 00 00 00 00 00 00 00 00 00 0
  cmd=0x20023 t=7C rc=0x3 data=00 00 00 00 00 00 00 00 00 00 00 00 00 0
  cmd=0x20023 t=7E rc=0x3 data=00 00 00 00 00 00 00 00 00 00 00 00 00 0
  cmd=0x20023 t=80 rc=0x3 data=00 00 00 00 00 00 00 00 00 00 00 00 00 0
  cmd=0x20023 t=82 rc=0x3 data=00 00 00 00 00 00 00 00 00 00 00 00 00 0
  cmd=0x20023 t=84 rc=0x3 data=00 00 00 00 00 00 00 00 00 00 00 00 00 0
  cmd=0x20023 t=86 rc=0x3 data=00 00 00 00 00 00 00 00 00 00 00 00 00 0
  cmd=0x20023 t=88 rc=0x3 data=00 00 00 00 00 00 00 00 00 00 00 00 00 0
  cmd=0x20023 t=8A rc=0x3 data=00 00 00 00 00 00 00 00 00 00 00 00 00 0
  cmd=0x20023 t=8C rc=0x3 data=00 00 00 00 00 00 00 00 00 00 00 00 00 0
  cmd=0x20023 t=8E rc=0x3 data=00 00 00 00 00 00 00 00 00 00 00 00 00 0
  cmd=0x20023 t=90 rc=0x3 data=00 00 00 00 00 00 00 00 00 00 00 00 00 0
  cmd=0x20023 t=92 rc=0x3 data=00 00 00 00 00 00 00 00 00 00 00 00 00 0
  cmd=0x20023 t=94 rc=0x3 data=00 00 00 00 00 00 00 00 00 00 00 00 00 0
  cmd=0x20023 t=96 rc=0x3 data=00 00 00 00 00 00 00 00 00 00 00 00 00 0
  cmd=0x20023 t=98 rc=0x3 data=00 00 00 00 00 00 00 00 00 00 00 00 00 0
  cmd=0x20023 t=9A rc=0x3 data=00 00 00 00 00 00 00 00 00 00 00 00 00 0
  cmd=0x20023 t=9C rc=0x3 data=00 00 00 00 00 00 00 00 00 00 00 00 00 0
  cmd=0x20023 t=9E rc=0x3 data=00 00 00 00 00 00 00 00 00 00 00 00 00 0
  cmd=0x20023 t=A0 rc=0x3 data=00 00 00 00 00 00 00 00 00 00 00 00 00 0
  cmd=0x20023 t=A2 rc=0x3 data=00 00 00 00 00 00 00 00 00 00 00 00 00 0
  cmd=0x20023 t=A4 rc=0x3 data=00 00 00 00 00 00 00 00 00 00 00 00 00 0
  cmd=0x20023 t=A6 rc=0x3 data=00 00 00 00 00 00 00 00 00 00 00 00 00 0
  cmd=0x20023 t=A8 rc=0x3 data=00 00 00 00 00 00 00 00 00 00 00 00 00 0
  cmd=0x20023 t=AA rc=0x3 data=00 00 00 00 00 00 00 00 00 00 00 00 00 0
  cmd=0x20023 t=AC rc=0x3 data=00 00 00 00 00 00 00 00 00 00 00 00 00 0
  cmd=0x20023 t=AE rc=0x3 data=00 00 00 00 00 00 00 00 00 00 00 00 00 0
  cmd=0x20023 t=B0 rc=0x3 data=00 00 00 00 00 00 00 00 00 00 00 00 00 0
  cmd=0x20023 t=B2 rc=0x3 data=00 00 00 00 00 00 00 00 00 00 00 00 00 0
  cmd=0x20023 t=B4 rc=0x3 data=00 00 00 00 00 00 00 00 00 00 00 00 00 0
  cmd=0x20023 t=B6 rc=0x3 data=00 00 00 00 00 00 00 00 00 00 00 00 00 0
  cmd=0x20023 t=B8 rc=0x3 data=00 00 00 00 00 00 00 00 00 00 00 00 00 0
  cmd=0x20023 t=BA rc=0x3 data=00 00 00 00 00 00 00 00 00 00 00 00 00 0
  cmd=0x20023 t=BC rc=0x3 data=00 00 00 00 00 00 00 00 00 00 00 00 00 0
  cmd=0x20023 t=BE rc=0x3 data=00 00 00 00 00 00 00 00 00 00 00 00 00 0
  cmd=0x20023 t=C0 rc=0x3 data=00 00 00 00 00 00 00 00 00 00 00 00 00 0
  cmd=0x20023 t=C2 rc=0x3 data=00 00 00 00 00 00 00 00 00 00 00 00 00 0
  cmd=0x20023 t=C4 rc=0x3 data=00 00 00 00 00 00 00 00 00 00 00 00 00 0
  cmd=0x20023 t=C6 rc=0x3 data=00 00 00 00 00 00 00 00 00 00 00 00 00 0
  cmd=0x20023 t=C8 rc=0x3 data=00 00 00 00 00 00 00 00 00 00 00 00 00 0
  cmd=0x20024 t=00 rc=0x3 data=00 00 00 00 00 00 00 00 00 00 00 00 00 0
  cmd=0x20024 t=02 rc=0x3 data=00 00 00 00 00 00 00 00 00 00 00 00 00 0
  cmd=0x20024 t=04 rc=0x3 data=00 00 00 00 00 00 00 00 00 00 00 00 00 0
  cmd=0x20024 t=06 rc=0x3 data=00 00 00 00 00 00 00 00 00 00 00 00 00 0
  cmd=0x20024 t=08 rc=0x3 data=00 00 00 00 00 00 00 00 00 00 00 00 00 0
  cmd=0x20024 t=0A rc=0x3 data=00 00 00 00 00 00 00 00 00 00 00 00 00 0
  cmd=0x20024 t=0C rc=0x3 data=00 00 00 00 00 00 00 00 00 00 00 00 00 0
  cmd=0x20024 t=0E rc=0x3 data=00 00 00 00 00 00 00 00 00 00 00 00 00 0
  cmd=0x20024 t=10 rc=0x3 data=00 00 00 00 00 00 00 00 00 00 00 00 00 0
  cmd=0x20024 t=12 rc=0x3 data=00 00 00 00 00 00 00 00 00 00 00 00 00 0
  cmd=0x20024 t=14 rc=0x3 data=00 00 00 00 00 00 00 00 00 00 00 00 00 0
  cmd=0x20024 t=16 rc=0x3 data=00 00 00 00 00 00 00 00 00 00 00 00 00 0
  cmd=0x20024 t=18 rc=0x3 data=00 00 00 00 00 00 00 00 00 00 00 00 00 0
  cmd=0x20024 t=1A rc=0x3 data=00 00 00 00 00 00 00 00 00 00 00 00 00 0
  cmd=0x20024 t=1C rc=0x3 data=00 00 00 00 00 00 00 00 00 00 00 00 00 0
  cmd=0x20024 t=1E rc=0x3 data=00 00 00 00 00 00 00 00 00 00 00 00 00 0
  cmd=0x20024 t=20 rc=0x3 data=00 00 00 00 00 00 00 00 00 00 00 00 00 0
  cmd=0x20024 t=22 rc=0x3 data=00 00 00 00 00 00 00 00 00 00 00 00 00 0
  cmd=0x20024 t=24 rc=0x3 data=00 00 00 00 00 00 00 00 00 00 00 00 00 0
  cmd=0x20024 t=26 rc=0x3 data=00 00 00 00 00 00 00 00 00 00 00 00 00 0
  cmd=0x20024 t=28 rc=0x3 data=00 00 00 00 00 00 00 00 00 00 00 00 00 0
  cmd=0x20024 t=2A rc=0x3 data=00 00 00 00 00 00 00 00 00 00 00 00 00 0
  cmd=0x20024 t=2C rc=0x3 data=00 00 00 00 00 00 00 00 00 00 00 00 00 0
  cmd=0x20024 t=2E rc=0x3 data=00 00 00 00 00 00 00 00 00 00 00 00 00 0
  cmd=0x20024 t=30 rc=0x3 data=00 00 00 00 00 00 00 00 00 00 00 00 00 0
  cmd=0x20024 t=32 rc=0x3 data=00 00 00 00 00 00 00 00 00 00 00 00 00 0
  cmd=0x20024 t=34 rc=0x3 data=00 00 00 00 00 00 00 00 00 00 00 00 00 0
  cmd=0x20024 t=36 rc=0x3 data=00 00 00 00 00 00 00 00 00 00 00 00 00 0
  cmd=0x20024 t=38 rc=0x3 data=00 00 00 00 00 00 00 00 00 00 00 00 00 0
  cmd=0x20024 t=3A rc=0x3 data=00 00 00 00 00 00 00 00 00 00 00 00 00 0
  cmd=0x20024 t=3C rc=0x3 data=00 00 00 00 00 00 00 00 00 00 00 00 00 0
  cmd=0x20024 t=3E rc=0x3 data=00 00 00 00 00 00 00 00 00 00 00 00 00 0
  cmd=0x20024 t=40 rc=0x3 data=00 00 00 00 00 00 00 00 00 00 00 00 00 0
  cmd=0x20024 t=42 rc=0x3 data=00 00 00 00 00 00 00 00 00 00 00 00 00 0
  cmd=0x20024 t=44 rc=0x3 data=00 00 00 00 00 00 00 00 00 00 00 00 00 0
  cmd=0x20024 t=46 rc=0x3 data=00 00 00 00 00 00 00 00 00 00 00 00 00 0
  cmd=0x20024 t=48 rc=0x3 data=00 00 00 00 00 00 00 00 00 00 00 00 00 0
  cmd=0x20024 t=4A rc=0x3 data=00 00 00 00 00 00 00 00 00 00 00 00 00 0
  cmd=0x20024 t=4C rc=0x3 data=00 00 00 00 00 00 00 00 00 00 00 00 00 0
  cmd=0x20024 t=4E rc=0x3 data=00 00 00 00 00 00 00 00 00 00 00 00 00 0
  cmd=0x20024 t=50 rc=0x3 data=00 00 00 00 00 00 00 00 00 00 00 00 00 0
  cmd=0x20024 t=52 rc=0x3 data=00 00 00 00 00 00 00 00 00 00 00 00 00 0
  cmd=0x20024 t=54 rc=0x3 data=00 00 00 00 00 00 00 00 00 00 00 00 00 0
  cmd=0x20024 t=56 rc=0x3 data=00 00 00 00 00 00 00 00 00 00 00 00 00 0
  cmd=0x20024 t=58 rc=0x3 data=00 00 00 00 00 00 00 00 00 00 00 00 00 0
  cmd=0x20024 t=5A rc=0x3 data=00 00 00 00 00 00 00 00 00 00 00 00 00 0
  cmd=0x20024 t=5C rc=0x3 data=00 00 00 00 00 00 00 00 00 00 00 00 00 0
  cmd=0x20024 t=5E rc=0x3 data=00 00 00 00 00 00 00 00 00 00 00 00 00 0
  cmd=0x20024 t=60 rc=0x3 data=00 00 00 00 00 00 00 00 00 00 00 00 00 0
  cmd=0x20024 t=62 rc=0x3 data=00 00 00 00 00 00 00 00 00 00 00 00 00 0
  cmd=0x20024 t=64 rc=0x3 data=00 00 00 00 00 00 00 00 00 00 00 00 00 0
  cmd=0x20024 t=66 rc=0x3 data=00 00 00 00 00 00 00 00 00 00 00 00 00 0
  cmd=0x20024 t=68 rc=0x3 data=00 00 00 00 00 00 00 00 00 00 00 00 00 0
  cmd=0x20024 t=6A rc=0x3 data=00 00 00 00 00 00 00 00 00 00 00 00 00 0
  cmd=0x20024 t=6C rc=0x3 data=00 00 00 00 00 00 00 00 00 00 00 00 00 0
  cmd=0x20024 t=6E rc=0x3 data=00 00 00 00 00 00 00 00 00 00 00 00 00 0
  cmd=0x20024 t=70 rc=0x3 data=00 00 00 00 00 00 00 00 00 00 00 00 00 0
  cmd=0x20024 t=72 rc=0x3 data=00 00 00 00 00 00 00 00 00 00 00 00 00 0
  cmd=0x20024 t=74 rc=0x3 data=00 00 00 00 00 00 00 00 00 00 00 00 00 0
  cmd=0x20024 t=76 rc=0x3 data=00 00 00 00 00 00 00 00 00 00 00 00 00 0
  cmd=0x20024 t=78 rc=0x3 data=00 00 00 00 00 00 00 00 00 00 00 00 00 0
  cmd=0x20024 t=7A rc=0x3 data=00 00 00 00 00 00 00 00 00 00 00 00 00 0
  cmd=0x20024 t=7C rc=0x3 data=00 00 00 00 00 00 00 00 00 00 00 00 00 0
  cmd=0x20024 t=7E rc=0x3 data=00 00 00 00 00 00 00 00 00 00 00 00 00 0
  cmd=0x20024 t=80 rc=0x3 data=00 00 00 00 00 00 00 00 00 00 00 00 00 0
  cmd=0x20024 t=82 rc=0x3 data=00 00 00 00 00 00 00 00 00 00 00 00 00 0
  cmd=0x20024 t=84 rc=0x3 data=00 00 00 00 00 00 00 00 00 00 00 00 00 0
  cmd=0x20024 t=86 rc=0x3 data=00 00 00 00 00 00 00 00 00 00 00 00 00 0
  cmd=0x20024 t=88 rc=0x3 data=00 00 00 00 00 00 00 00 00 00 00 00 00 0
  cmd=0x20024 t=8A rc=0x3 data=00 00 00 00 00 00 00 00 00 00 00 00 00 0
  cmd=0x20024 t=8C rc=0x3 data=00 00 00 00 00 00 00 00 00 00 00 00 00 0
  cmd=0x20024 t=8E rc=0x3 data=00 00 00 00 00 00 00 00 00 00 00 00 00 0
  cmd=0x20024 t=90 rc=0x3 data=00 00 00 00 00 00 00 00 00 00 00 00 00 0
  cmd=0x20024 t=92 rc=0x3 data=00 00 00 00 00 00 00 00 00 00 00 00 00 0
  cmd=0x20024 t=94 rc=0x3 data=00 00 00 00 00 00 00 00 00 00 00 00 00 0
  cmd=0x20024 t=96 rc=0x3 data=00 00 00 00 00 00 00 00 00 00 00 00 00 0
  cmd=0x20024 t=98 rc=0x3 data=00 00 00 00 00 00 00 00 00 00 00 00 00 0
  cmd=0x20024 t=9A rc=0x3 data=00 00 00 00 00 00 00 00 00 00 00 00 00 0
  cmd=0x20024 t=9C rc=0x3 data=00 00 00 00 00 00 00 00 00 00 00 00 00 0
  cmd=0x20024 t=9E rc=0x3 data=00 00 00 00 00 00 00 00 00 00 00 00 00 0
  cmd=0x20024 t=A0 rc=0x3 data=00 00 00 00 00 00 00 00 00 00 00 00 00 0
  cmd=0x20024 t=A2 rc=0x3 data=00 00 00 00 00 00 00 00 00 00 00 00 00 0
  cmd=0x20024 t=A4 rc=0x3 data=00 00 00 00 00 00 00 00 00 00 00 00 00 0
  cmd=0x20024 t=A6 rc=0x3 data=00 00 00 00 00 00 00 00 00 00 00 00 00 0
  cmd=0x20024 t=A8 rc=0x3 data=00 00 00 00 00 00 00 00 00 00 00 00 00 0
  cmd=0x20024 t=AA rc=0x3 data=00 00 00 00 00 00 00 00 00 00 00 00 00 0
  cmd=0x20024 t=AC rc=0x3 data=00 00 00 00 00 00 00 00 00 00 00 00 00 0
  cmd=0x20024 t=AE rc=0x3 data=00 00 00 00 00 00 00 00 00 00 00 00 00 0
  cmd=0x20024 t=B0 rc=0x3 data=00 00 00 00 00 00 00 00 00 00 00 00 00 0
  cmd=0x20024 t=B2 rc=0x3 data=00 00 00 00 00 00 00 00 00 00 00 00 00 0
  cmd=0x20024 t=B4 rc=0x3 data=00 00 00 00 00 00 00 00 00 00 00 00 00 0
  cmd=0x20024 t=B6 rc=0x3 data=00 00 00 00 00 00 00 00 00 00 00 00 00 0
  cmd=0x20024 t=B8 rc=0x3 data=00 00 00 00 00 00 00 00 00 00 00 00 00 0
  cmd=0x20024 t=BA rc=0x3 data=00 00 00 00 00 00 00 00 00 00 00 00 00 0
  cmd=0x20024 t=BC rc=0x3 data=00 00 00 00 00 00 00 00 00 00 00 00 00 0
  cmd=0x20024 t=BE rc=0x3 data=00 00 00 00 00 00 00 00 00 00 00 00 00 0
  cmd=0x20024 t=C0 rc=0x3 data=00 00 00 00 00 00 00 00 00 00 00 00 00 0
  cmd=0x20024 t=C2 rc=0x3 data=00 00 00 00 00 00 00 00 00 00 00 00 00 0
  cmd=0x20024 t=C4 rc=0x3 data=00 00 00 00 00 00 00 00 00 00 00 00 00 0
  cmd=0x20024 t=C6 rc=0x3 data=00 00 00 00 00 00 00 00 00 00 00 00 00 0
  cmd=0x20024 t=C8 rc=0x3 data=00 00 00 00 00 00 00 00 00 00 00 00 00 0
  cmd=0x20025 t=00 rc=0x3 data=00 00 00 00 00 00 00 00 00 00 00 00 00 0
  cmd=0x20025 t=02 rc=0x3 data=00 00 00 00 00 00 00 00 00 00 00 00 00 0
  cmd=0x20025 t=04 rc=0x3 data=00 00 00 00 00 00 00 00 00 00 00 00 00 0
  cmd=0x20025 t=06 rc=0x3 data=00 00 00 00 00 00 00 00 00 00 00 00 00 0
  cmd=0x20025 t=08 rc=0x3 data=00 00 00 00 00 00 00 00 00 00 00 00 00 0
  cmd=0x20025 t=0A rc=0x3 data=00 00 00 00 00 00 00 00 00 00 00 00 00 0
  cmd=0x20025 t=0C rc=0x3 data=00 00 00 00 00 00 00 00 00 00 00 00 00 0
  cmd=0x20025 t=0E rc=0x3 data=00 00 00 00 00 00 00 00 00 00 00 00 00 0
  cmd=0x20025 t=10 rc=0x3 data=00 00 00 00 00 00 00 00 00 00 00 00 00 0
  cmd=0x20025 t=12 rc=0x3 data=00 00 00 00 00 00 00 00 00 00 00 00 00 0
  cmd=0x20025 t=14 rc=0x3 data=00 00 00 00 00 00 00 00 00 00 00 00 00 0
  cmd=0x20025 t=16 rc=0x3 data=00 00 00 00 00 00 00 00 00 00 00 00 00 0
  cmd=0x20025 t=18 rc=0x3 data=00 00 00 00 00 00 00 00 00 00 00 00 00 0
  cmd=0x20025 t=1A rc=0x3 data=00 00 00 00 00 00 00 00 00 00 00 00 00 0
  cmd=0x20025 t=1C rc=0x3 data=00 00 00 00 00 00 00 00 00 00 00 00 00 0
  cmd=0x20025 t=1E rc=0x3 data=00 00 00 00 00 00 00 00 00 00 00 00 00 0
  cmd=0x20025 t=20 rc=0x3 data=00 00 00 00 00 00 00 00 00 00 00 00 00 0
  cmd=0x20025 t=22 rc=0x3 data=00 00 00 00 00 00 00 00 00 00 00 00 00 0
  cmd=0x20025 t=24 rc=0x3 data=00 00 00 00 00 00 00 00 00 00 00 00 00 0
  cmd=0x20025 t=26 rc=0x3 data=00 00 00 00 00 00 00 00 00 00 00 00 00 0
  cmd=0x20025 t=28 rc=0x3 data=00 00 00 00 00 00 00 00 00 00 00 00 00 0
  cmd=0x20025 t=2A rc=0x3 data=00 00 00 00 00 00 00 00 00 00 00 00 00 0
  cmd=0x20025 t=2C rc=0x3 data=00 00 00 00 00 00 00 00 00 00 00 00 00 0
  cmd=0x20025 t=2E rc=0x3 data=00 00 00 00 00 00 00 00 00 00 00 00 00 0
  cmd=0x20025 t=30 rc=0x3 data=00 00 00 00 00 00 00 00 00 00 00 00 00 0
  cmd=0x20025 t=32 rc=0x3 data=00 00 00 00 00 00 00 00 00 00 00 00 00 0
  cmd=0x20025 t=34 rc=0x3 data=00 00 00 00 00 00 00 00 00 00 00 00 00 0
  cmd=0x20025 t=36 rc=0x3 data=00 00 00 00 00 00 00 00 00 00 00 00 00 0
  cmd=0x20025 t=38 rc=0x3 data=00 00 00 00 00 00 00 00 00 00 00 00 00 0
  cmd=0x20025 t=3A rc=0x3 data=00 00 00 00 00 00 00 00 00 00 00 00 00 0
  cmd=0x20025 t=3C rc=0x3 data=00 00 00 00 00 00 00 00 00 00 00 00 00 0
  cmd=0x20025 t=3E rc=0x3 data=00 00 00 00 00 00 00 00 00 00 00 00 00 0
  cmd=0x20025 t=40 rc=0x3 data=00 00 00 00 00 00 00 00 00 00 00 00 00 0
  cmd=0x20025 t=42 rc=0x3 data=00 00 00 00 00 00 00 00 00 00 00 00 00 0
  cmd=0x20025 t=44 rc=0x3 data=00 00 00 00 00 00 00 00 00 00 00 00 00 0
  cmd=0x20025 t=46 rc=0x3 data=00 00 00 00 00 00 00 00 00 00 00 00 00 0
  cmd=0x20025 t=48 rc=0x3 data=00 00 00 00 00 00 00 00 00 00 00 00 00 0
  cmd=0x20025 t=4A rc=0x3 data=00 00 00 00 00 00 00 00 00 00 00 00 00 0
  cmd=0x20025 t=4C rc=0x3 data=00 00 00 00 00 00 00 00 00 00 00 00 00 0
  cmd=0x20025 t=4E rc=0x3 data=00 00 00 00 00 00 00 00 00 00 00 00 00 0
  cmd=0x20025 t=50 rc=0x3 data=00 00 00 00 00 00 00 00 00 00 00 00 00 0
  cmd=0x20025 t=52 rc=0x3 data=00 00 00 00 00 00 00 00 00 00 00 00 00 0
  cmd=0x20025 t=54 rc=0x3 data=00 00 00 00 00 00 00 00 00 00 00 00 00 0
  cmd=0x20025 t=56 rc=0x3 data=00 00 00 00 00 00 00 00 00 00 00 00 00 0
  cmd=0x20025 t=58 rc=0x3 data=00 00 00 00 00 00 00 00 00 00 00 00 00 0
  cmd=0x20025 t=5A rc=0x3 data=00 00 00 00 00 00 00 00 00 00 00 00 00 0
  cmd=0x20025 t=5C rc=0x3 data=00 00 00 00 00 00 00 00 00 00 00 00 00 0
  cmd=0x20025 t=5E rc=0x3 data=00 00 00 00 00 00 00 00 00 00 00 00 00 0
  cmd=0x20025 t=60 rc=0x3 data=00 00 00 00 00 00 00 00 00 00 00 00 00 0
  cmd=0x20025 t=62 rc=0x3 data=00 00 00 00 00 00 00 00 00 00 00 00 00 0
  cmd=0x20025 t=64 rc=0x3 data=00 00 00 00 00 00 00 00 00 00 00 00 00 0
  cmd=0x20025 t=66 rc=0x3 data=00 00 00 00 00 00 00 00 00 00 00 00 00 0
  cmd=0x20025 t=68 rc=0x3 data=00 00 00 00 00 00 00 00 00 00 00 00 00 0
  cmd=0x20025 t=6A rc=0x3 data=00 00 00 00 00 00 00 00 00 00 00 00 00 0
  cmd=0x20025 t=6C rc=0x3 data=00 00 00 00 00 00 00 00 00 00 00 00 00 0
  cmd=0x20025 t=6E rc=0x3 data=00 00 00 00 00 00 00 00 00 00 00 00 00 0
  cmd=0x20025 t=70 rc=0x3 data=00 00 00 00 00 00 00 00 00 00 00 00 00 0
  cmd=0x20025 t=72 rc=0x3 data=00 00 00 00 00 00 00 00 00 00 00 00 00 0
  cmd=0x20025 t=74 rc=0x3 data=00 00 00 00 00 00 00 00 00 00 00 00 00 0
  cmd=0x20025 t=76 rc=0x3 data=00 00 00 00 00 00 00 00 00 00 00 00 00 0
  cmd=0x20025 t=78 rc=0x3 data=00 00 00 00 00 00 00 00 00 00 00 00 00 0
  cmd=0x20025 t=7A rc=0x3 data=00 00 00 00 00 00 00 00 00 00 00 00 00 0
  cmd=0x20025 t=7C rc=0x3 data=00 00 00 00 00 00 00 00 00 00 00 00 00 0
  cmd=0x20025 t=7E rc=0x3 data=00 00 00 00 00 00 00 00 00 00 00 00 00 0
  cmd=0x20025 t=80 rc=0x3 data=00 00 00 00 00 00 00 00 00 00 00 00 00 0
  cmd=0x20025 t=82 rc=0x3 data=00 00 00 00 00 00 00 00 00 00 00 00 00 0
  cmd=0x20025 t=84 rc=0x3 data=00 00 00 00 00 00 00 00 00 00 00 00 00 0
  cmd=0x20025 t=86 rc=0x3 data=00 00 00 00 00 00 00 00 00 00 00 00 00 0
  cmd=0x20025 t=88 rc=0x3 data=00 00 00 00 00 00 00 00 00 00 00 00 00 0
  cmd=0x20025 t=8A rc=0x3 data=00 00 00 00 00 00 00 00 00 00 00 00 00 0
  cmd=0x20025 t=8C rc=0x3 data=00 00 00 00 00 00 00 00 00 00 00 00 00 0
  cmd=0x20025 t=8E rc=0x3 data=00 00 00 00 00 00 00 00 00 00 00 00 00 0
  cmd=0x20025 t=90 rc=0x3 data=00 00 00 00 00 00 00 00 00 00 00 00 00 0
  cmd=0x20025 t=92 rc=0x3 data=00 00 00 00 00 00 00 00 00 00 00 00 00 0
  cmd=0x20025 t=94 rc=0x3 data=00 00 00 00 00 00 00 00 00 00 00 00 00 0
  cmd=0x20025 t=96 rc=0x3 data=00 00 00 00 00 00 00 00 00 00 00 00 00 0
  cmd=0x20025 t=98 rc=0x3 data=00 00 00 00 00 00 00 00 00 00 00 00 00 0
  cmd=0x20025 t=9A rc=0x3 data=00 00 00 00 00 00 00 00 00 00 00 00 00 0
  cmd=0x20025 t=9C rc=0x3 data=00 00 00 00 00 00 00 00 00 00 00 00 00 0
  cmd=0x20025 t=9E rc=0x3 data=00 00 00 00 00 00 00 00 00 00 00 00 00 0
  cmd=0x20025 t=A0 rc=0x3 data=00 00 00 00 00 00 00 00 00 00 00 00 00 0
  cmd=0x20025 t=A2 rc=0x3 data=00 00 00 00 00 00 00 00 00 00 00 00 00 0
  cmd=0x20025 t=A4 rc=0x3 data=00 00 00 00 00 00 00 00 00 00 00 00 00 0
  cmd=0x20025 t=A6 rc=0x3 data=00 00 00 00 00 00 00 00 00 00 00 00 00 0
  cmd=0x20025 t=A8 rc=0x3 data=00 00 00 00 00 00 00 00 00 00 00 00 00 0
  cmd=0x20025 t=AA rc=0x3 data=00 00 00 00 00 00 00 00 00 00 00 00 00 0
  cmd=0x20025 t=AC rc=0x3 data=00 00 00 00 00 00 00 00 00 00 00 00 00 0
  cmd=0x20025 t=AE rc=0x3 data=00 00 00 00 00 00 00 00 00 00 00 00 00 0
  cmd=0x20025 t=B0 rc=0x3 data=00 00 00 00 00 00 00 00 00 00 00 00 00 0
  cmd=0x20025 t=B2 rc=0x3 data=00 00 00 00 00 00 00 00 00 00 00 00 00 0
  cmd=0x20025 t=B4 rc=0x3 data=00 00 00 00 00 00 00 00 00 00 00 00 00 0
  cmd=0x20025 t=B6 rc=0x3 data=00 00 00 00 00 00 00 00 00 00 00 00 00 0
  cmd=0x20025 t=B8 rc=0x3 data=00 00 00 00 00 00 00 00 00 00 00 00 00 0
  cmd=0x20025 t=BA rc=0x3 data=00 00 00 00 00 00 00 00 00 00 00 00 00 0
  cmd=0x20025 t=BC rc=0x3 data=00 00 00 00 00 00 00 00 00 00 00 00 00 0
  cmd=0x20025 t=BE rc=0x3 data=00 00 00 00 00 00 00 00 00 00 00 00 00 0
  cmd=0x20025 t=C0 rc=0x3 data=00 00 00 00 00 00 00 00 00 00 00 00 00 0
  cmd=0x20025 t=C2 rc=0x3 data=00 00 00 00 00 00 00 00 00 00 00 00 00 0
  cmd=0x20025 t=C4 rc=0x3 data=00 00 00 00 00 00 00 00 00 00 00 00 00 0
  cmd=0x20025 t=C6 rc=0x3 data=00 00 00 00 00 00 00 00 00 00 00 00 00 0
  cmd=0x20025 t=C8 rc=0x3 data=00 00 00 00 00 00 00 00 00 00 00 00 00 0
  cmd=0x20026 t=00 rc=0x3 data=00 00 00 00 00 00 00 00 00 00 00 00 00 0
  cmd=0x20026 t=02 rc=0x3 data=00 00 00 00 00 00 00 00 00 00 00 00 00 0
  cmd=0x20026 t=04 rc=0x3 data=00 00 00 00 00 00 00 00 00 00 00 00 00 0
  cmd=0x20026 t=06 rc=0x3 data=00 00 00 00 00 00 00 00 00 00 00 00 00 0
  cmd=0x20026 t=08 rc=0x3 data=00 00 00 00 00 00 00 00 00 00 00 00 00 0
  cmd=0x20026 t=0A rc=0x3 data=00 00 00 00 00 00 00 00 00 00 00 00 00 0
  cmd=0x20026 t=0C rc=0x3 data=00 00 00 00 00 00 00 00 00 00 00 00 00 0
  cmd=0x20026 t=0E rc=0x3 data=00 00 00 00 00 00 00 00 00 00 00 00 00 0
  cmd=0x20026 t=10 rc=0x3 data=00 00 00 00 00 00 00 00 00 00 00 00 00 0
  cmd=0x20026 t=12 rc=0x3 data=00 00 00 00 00 00 00 00 00 00 00 00 00 0
  cmd=0x20026 t=14 rc=0x3 data=00 00 00 00 00 00 00 00 00 00 00 00 00 0
  cmd=0x20026 t=16 rc=0x3 data=00 00 00 00 00 00 00 00 00 00 00 00 00 0
  cmd=0x20026 t=18 rc=0x3 data=00 00 00 00 00 00 00 00 00 00 00 00 00 0
  cmd=0x20026 t=1A rc=0x3 data=00 00 00 00 00 00 00 00 00 00 00 00 00 0
  cmd=0x20026 t=1C rc=0x3 data=00 00 00 00 00 00 00 00 00 00 00 00 00 0
  cmd=0x20026 t=1E rc=0x3 data=00 00 00 00 00 00 00 00 00 00 00 00 00 0
  cmd=0x20026 t=20 rc=0x3 data=00 00 00 00 00 00 00 00 00 00 00 00 00 0
  cmd=0x20026 t=22 rc=0x3 data=00 00 00 00 00 00 00 00 00 00 00 00 00 0
  cmd=0x20026 t=24 rc=0x3 data=00 00 00 00 00 00 00 00 00 00 00 00 00 0
  cmd=0x20026 t=26 rc=0x3 data=00 00 00 00 00 00 00 00 00 00 00 00 00 0
  cmd=0x20026 t=28 rc=0x3 data=00 00 00 00 00 00 00 00 00 00 00 00 00 0
  cmd=0x20026 t=2A rc=0x3 data=00 00 00 00 00 00 00 00 00 00 00 00 00 0
  cmd=0x20026 t=2C rc=0x3 data=00 00 00 00 00 00 00 00 00 00 00 00 00 0
  cmd=0x20026 t=2E rc=0x3 data=00 00 00 00 00 00 00 00 00 00 00 00 00 0
  cmd=0x20026 t=30 rc=0x3 data=00 00 00 00 00 00 00 00 00 00 00 00 00 0
  cmd=0x20026 t=32 rc=0x3 data=00 00 00 00 00 00 00 00 00 00 00 00 00 0
  cmd=0x20026 t=34 rc=0x3 data=00 00 00 00 00 00 00 00 00 00 00 00 00 0
  cmd=0x20026 t=36 rc=0x3 data=00 00 00 00 00 00 00 00 00 00 00 00 00 0
  cmd=0x20026 t=38 rc=0x3 data=00 00 00 00 00 00 00 00 00 00 00 00 00 0
  cmd=0x20026 t=3A rc=0x3 data=00 00 00 00 00 00 00 00 00 00 00 00 00 0
  cmd=0x20026 t=3C rc=0x3 data=00 00 00 00 00 00 00 00 00 00 00 00 00 0
  cmd=0x20026 t=3E rc=0x3 data=00 00 00 00 00 00 00 00 00 00 00 00 00 0
  cmd=0x20026 t=40 rc=0x3 data=00 00 00 00 00 00 00 00 00 00 00 00 00 0
  cmd=0x20026 t=42 rc=0x3 data=00 00 00 00 00 00 00 00 00 00 00 00 00 0
  cmd=0x20026 t=44 rc=0x3 data=00 00 00 00 00 00 00 00 00 00 00 00 00 0
  cmd=0x20026 t=46 rc=0x3 data=00 00 00 00 00 00 00 00 00 00 00 00 00 0
  cmd=0x20026 t=48 rc=0x3 data=00 00 00 00 00 00 00 00 00 00 00 00 00 0
  cmd=0x20026 t=4A rc=0x3 data=00 00 00 00 00 00 00 00 00 00 00 00 00 0
  cmd=0x20026 t=4C rc=0x3 data=00 00 00 00 00 00 00 00 00 00 00 00 00 0
  cmd=0x20026 t=4E rc=0x3 data=00 00 00 00 00 00 00 00 00 00 00 00 00 0
  cmd=0x20026 t=50 rc=0x3 data=00 00 00 00 00 00 00 00 00 00 00 00 00 0
  cmd=0x20026 t=52 rc=0x3 data=00 00 00 00 00 00 00 00 00 00 00 00 00 0
  cmd=0x20026 t=54 rc=0x3 data=00 00 00 00 00 00 00 00 00 00 00 00 00 0
  cmd=0x20026 t=56 rc=0x3 data=00 00 00 00 00 00 00 00 00 00 00 00 00 0
  cmd=0x20026 t=58 rc=0x3 data=00 00 00 00 00 00 00 00 00 00 00 00 00 0
  cmd=0x20026 t=5A rc=0x3 data=00 00 00 00 00 00 00 00 00 00 00 00 00 0
  cmd=0x20026 t=5C rc=0x3 data=00 00 00 00 00 00 00 00 00 00 00 00 00 0
  cmd=0x20026 t=5E rc=0x3 data=00 00 00 00 00 00 00 00 00 00 00 00 00 0
  cmd=0x20026 t=60 rc=0x3 data=00 00 00 00 00 00 00 00 00 00 00 00 00 0
  cmd=0x20026 t=62 rc=0x3 data=00 00 00 00 00 00 00 00 00 00 00 00 00 0
  cmd=0x20026 t=64 rc=0x3 data=00 00 00 00 00 00 00 00 00 00 00 00 00 0
  cmd=0x20026 t=66 rc=0x3 data=00 00 00 00 00 00 00 00 00 00 00 00 00 0
  cmd=0x20026 t=68 rc=0x3 data=00 00 00 00 00 00 00 00 00 00 00 00 00 0
  cmd=0x20026 t=6A rc=0x3 data=00 00 00 00 00 00 00 00 00 00 00 00 00 0
  cmd=0x20026 t=6C rc=0x3 data=00 00 00 00 00 00 00 00 00 00 00 00 00 0
  cmd=0x20026 t=6E rc=0x3 data=00 00 00 00 00 00 00 00 00 00 00 00 00 0
  cmd=0x20026 t=70 rc=0x3 data=00 00 00 00 00 00 00 00 00 00 00 00 00 0
  cmd=0x20026 t=72 rc=0x3 data=00 00 00 00 00 00 00 00 00 00 00 00 00 0
  cmd=0x20026 t=74 rc=0x3 data=00 00 00 00 00 00 00 00 00 00 00 00 00 0
  cmd=0x20026 t=76 rc=0x3 data=00 00 00 00 00 00 00 00 00 00 00 00 00 0
  cmd=0x20026 t=78 rc=0x3 data=00 00 00 00 00 00 00 00 00 00 00 00 00 0
  cmd=0x20026 t=7A rc=0x3 data=00 00 00 00 00 00 00 00 00 00 00 00 00 0
  cmd=0x20026 t=7C rc=0x3 data=00 00 00 00 00 00 00 00 00 00 00 00 00 0
  cmd=0x20026 t=7E rc=0x3 data=00 00 00 00 00 00 00 00 00 00 00 00 00 0
  cmd=0x20026 t=80 rc=0x3 data=00 00 00 00 00 00 00 00 00 00 00 00 00 0
  cmd=0x20026 t=82 rc=0x3 data=00 00 00 00 00 00 00 00 00 00 00 00 00 0
  cmd=0x20026 t=84 rc=0x3 data=00 00 00 00 00 00 00 00 00 00 00 00 00 0
  cmd=0x20026 t=86 rc=0x3 data=00 00 00 00 00 00 00 00 00 00 00 00 00 0
  cmd=0x20026 t=88 rc=0x3 data=00 00 00 00 00 00 00 00 00 00 00 00 00 0
  cmd=0x20026 t=8A rc=0x3 data=00 00 00 00 00 00 00 00 00 00 00 00 00 0
  cmd=0x20026 t=8C rc=0x3 data=00 00 00 00 00 00 00 00 00 00 00 00 00 0
  cmd=0x20026 t=8E rc=0x3 data=00 00 00 00 00 00 00 00 00 00 00 00 00 0
  cmd=0x20026 t=90 rc=0x3 data=00 00 00 00 00 00 00 00 00 00 00 00 00 0
  cmd=0x20026 t=92 rc=0x3 data=00 00 00 00 00 00 00 00 00 00 00 00 00 0
  cmd=0x20026 t=94 rc=0x3 data=00 00 00 00 00 00 00 00 00 00 00 00 00 0
  cmd=0x20026 t=96 rc=0x3 data=00 00 00 00 00 00 00 00 00 00 00 00 00 0
  cmd=0x20026 t=98 rc=0x3 data=00 00 00 00 00 00 00 00 00 00 00 00 00 0
  cmd=0x20026 t=9A rc=0x3 data=00 00 00 00 00 00 00 00 00 00 00 00 00 0
  cmd=0x20026 t=9C rc=0x3 data=00 00 00 00 00 00 00 00 00 00 00 00 00 0
  cmd=0x20026 t=9E rc=0x3 data=00 00 00 00 00 00 00 00 00 00 00 00 00 0
  cmd=0x20026 t=A0 rc=0x3 data=00 00 00 00 00 00 00 00 00 00 00 00 00 0
  cmd=0x20026 t=A2 rc=0x3 data=00 00 00 00 00 00 00 00 00 00 00 00 00 0
  cmd=0x20026 t=A4 rc=0x3 data=00 00 00 00 00 00 00 00 00 00 00 00 00 0
  cmd=0x20026 t=A6 rc=0x3 data=00 00 00 00 00 00 00 00 00 00 00 00 00 0
  cmd=0x20026 t=A8 rc=0x3 data=00 00 00 00 00 00 00 00 00 00 00 00 00 0
  cmd=0x20026 t=AA rc=0x3 data=00 00 00 00 00 00 00 00 00 00 00 00 00 0
  cmd=0x20026 t=AC rc=0x3 data=00 00 00 00 00 00 00 00 00 00 00 00 00 0
  cmd=0x20026 t=AE rc=0x3 data=00 00 00 00 00 00 00 00 00 00 00 00 00 0
  cmd=0x20026 t=B0 rc=0x3 data=00 00 00 00 00 00 00 00 00 00 00 00 00 0
  cmd=0x20026 t=B2 rc=0x3 data=00 00 00 00 00 00 00 00 00 00 00 00 00 0
  cmd=0x20026 t=B4 rc=0x3 data=00 00 00 00 00 00 00 00 00 00 00 00 00 0
  cmd=0x20026 t=B6 rc=0x3 data=00 00 00 00 00 00 00 00 00 00 00 00 00 0
  cmd=0x20026 t=B8 rc=0x3 data=00 00 00 00 00 00 00 00 00 00 00 00 00 0
  cmd=0x20026 t=BA rc=0x3 data=00 00 00 00 00 00 00 00 00 00 00 00 00 0
  cmd=0x20026 t=BC rc=0x3 data=00 00 00 00 00 00 00 00 00 00 00 00 00 0
  cmd=0x20026 t=BE rc=0x3 data=00 00 00 00 00 00 00 00 00 00 00 00 00 0
  cmd=0x20026 t=C0 rc=0x3 data=00 00 00 00 00 00 00 00 00 00 00 00 00 0
  cmd=0x20026 t=C2 rc=0x3 data=00 00 00 00 00 00 00 00 00 00 00 00 00 0
  cmd=0x20026 t=C4 rc=0x3 data=00 00 00 00 00 00 00 00 00 00 00 00 00 0
  cmd=0x20026 t=C6 rc=0x3 data=00 00 00 00 00 00 00 00 00 00 00 00 00 0
  cmd=0x20026 t=C8 rc=0x3 data=00 00 00 00 00 00 00 00 00 00 00 00 00 0
  cmd=0x20027 t=00 rc=0x3 data=00 00 00 00 00 00 00 00 00 00 00 00 00 0
  cmd=0x20027 t=02 rc=0x3 data=00 00 00 00 00 00 00 00 00 00 00 00 00 0
  cmd=0x20027 t=04 rc=0x3 data=00 00 00 00 00 00 00 00 00 00 00 00 00 0
  cmd=0x20027 t=06 rc=0x3 data=00 00 00 00 00 00 00 00 00 00 00 00 00 0
  cmd=0x20027 t=08 rc=0x3 data=00 00 00 00 00 00 00 00 00 00 00 00 00 0
  cmd=0x20027 t=0A rc=0x3 data=00 00 00 00 00 00 00 00 00 00 00 00 00 0
  cmd=0x20027 t=0C rc=0x3 data=00 00 00 00 00 00 00 00 00 00 00 00 00 0
  cmd=0x20027 t=0E rc=0x3 data=00 00 00 00 00 00 00 00 00 00 00 00 00 0
  cmd=0x20027 t=10 rc=0x3 data=00 00 00 00 00 00 00 00 00 00 00 00 00 0
  cmd=0x20027 t=12 rc=0x3 data=00 00 00 00 00 00 00 00 00 00 00 00 00 0
  cmd=0x20027 t=14 rc=0x3 data=00 00 00 00 00 00 00 00 00 00 00 00 00 0
  cmd=0x20027 t=16 rc=0x3 data=00 00 00 00 00 00 00 00 00 00 00 00 00 0
  cmd=0x20027 t=18 rc=0x3 data=00 00 00 00 00 00 00 00 00 00 00 00 00 0
  cmd=0x20027 t=1A rc=0x3 data=00 00 00 00 00 00 00 00 00 00 00 00 00 0
  cmd=0x20027 t=1C rc=0x3 data=00 00 00 00 00 00 00 00 00 00 00 00 00 0
  cmd=0x20027 t=1E rc=0x3 data=00 00 00 00 00 00 00 00 00 00 00 00 00 0
  cmd=0x20027 t=20 rc=0x3 data=00 00 00 00 00 00 00 00 00 00 00 00 00 0
  cmd=0x20027 t=22 rc=0x3 data=00 00 00 00 00 00 00 00 00 00 00 00 00 0
  cmd=0x20027 t=24 rc=0x3 data=00 00 00 00 00 00 00 00 00 00 00 00 00 0
  cmd=0x20027 t=26 rc=0x3 data=00 00 00 00 00 00 00 00 00 00 00 00 00 0
  cmd=0x20027 t=28 rc=0x3 data=00 00 00 00 00 00 00 00 00 00 00 00 00 0
  cmd=0x20027 t=2A rc=0x3 data=00 00 00 00 00 00 00 00 00 00 00 00 00 0
  cmd=0x20027 t=2C rc=0x3 data=00 00 00 00 00 00 00 00 00 00 00 00 00 0
  cmd=0x20027 t=2E rc=0x3 data=00 00 00 00 00 00 00 00 00 00 00 00 00 0
  cmd=0x20027 t=30 rc=0x3 data=00 00 00 00 00 00 00 00 00 00 00 00 00 0
  cmd=0x20027 t=32 rc=0x3 data=00 00 00 00 00 00 00 00 00 00 00 00 00 0
  cmd=0x20027 t=34 rc=0x3 data=00 00 00 00 00 00 00 00 00 00 00 00 00 0
  cmd=0x20027 t=36 rc=0x3 data=00 00 00 00 00 00 00 00 00 00 00 00 00 0
  cmd=0x20027 t=38 rc=0x3 data=00 00 00 00 00 00 00 00 00 00 00 00 00 0
  cmd=0x20027 t=3A rc=0x3 data=00 00 00 00 00 00 00 00 00 00 00 00 00 0
  cmd=0x20027 t=3C rc=0x3 data=00 00 00 00 00 00 00 00 00 00 00 00 00 0
  cmd=0x20027 t=3E rc=0x3 data=00 00 00 00 00 00 00 00 00 00 00 00 00 0
  cmd=0x20027 t=40 rc=0x3 data=00 00 00 00 00 00 00 00 00 00 00 00 00 0
  cmd=0x20027 t=42 rc=0x3 data=00 00 00 00 00 00 00 00 00 00 00 00 00 0
  cmd=0x20027 t=44 rc=0x3 data=00 00 00 00 00 00 00 00 00 00 00 00 00 0
  cmd=0x20027 t=46 rc=0x3 data=00 00 00 00 00 00 00 00 00 00 00 00 00 0
  cmd=0x20027 t=48 rc=0x3 data=00 00 00 00 00 00 00 00 00 00 00 00 00 0
  cmd=0x20027 t=4A rc=0x3 data=00 00 00 00 00 00 00 00 00 00 00 00 00 0
  cmd=0x20027 t=4C rc=0x3 data=00 00 00 00 00 00 00 00 00 00 00 00 00 0
  cmd=0x20027 t=4E rc=0x3 data=00 00 00 00 00 00 00 00 00 00 00 00 00 0
  cmd=0x20027 t=50 rc=0x3 data=00 00 00 00 00 00 00 00 00 00 00 00 00 0
  cmd=0x20027 t=52 rc=0x3 data=00 00 00 00 00 00 00 00 00 00 00 00 00 0
  cmd=0x20027 t=54 rc=0x3 data=00 00 00 00 00 00 00 00 00 00 00 00 00 0
  cmd=0x20027 t=56 rc=0x3 data=00 00 00 00 00 00 00 00 00 00 00 00 00 0
  cmd=0x20027 t=58 rc=0x3 data=00 00 00 00 00 00 00 00 00 00 00 00 00 0
  cmd=0x20027 t=5A rc=0x3 data=00 00 00 00 00 00 00 00 00 00 00 00 00 0
  cmd=0x20027 t=5C rc=0x3 data=00 00 00 00 00 00 00 00 00 00 00 00 00 0
  cmd=0x20027 t=5E rc=0x3 data=00 00 00 00 00 00 00 00 00 00 00 00 00 0
  cmd=0x20027 t=60 rc=0x3 data=00 00 00 00 00 00 00 00 00 00 00 00 00 0
  cmd=0x20027 t=62 rc=0x3 data=00 00 00 00 00 00 00 00 00 00 00 00 00 0
  cmd=0x20027 t=64 rc=0x3 data=00 00 00 00 00 00 00 00 00 00 00 00 00 0
  cmd=0x20027 t=66 rc=0x3 data=00 00 00 00 00 00 00 00 00 00 00 00 00 0
  cmd=0x20027 t=68 rc=0x3 data=00 00 00 00 00 00 00 00 00 00 00 00 00 0
  cmd=0x20027 t=6A rc=0x3 data=00 00 00 00 00 00 00 00 00 00 00 00 00 0
  cmd=0x20027 t=6C rc=0x3 data=00 00 00 00 00 00 00 00 00 00 00 00 00 0
  cmd=0x20027 t=6E rc=0x3 data=00 00 00 00 00 00 00 00 00 00 00 00 00 0
  cmd=0x20027 t=70 rc=0x3 data=00 00 00 00 00 00 00 00 00 00 00 00 00 0
  cmd=0x20027 t=72 rc=0x3 data=00 00 00 00 00 00 00 00 00 00 00 00 00 0
  cmd=0x20027 t=74 rc=0x3 data=00 00 00 00 00 00 00 00 00 00 00 00 00 0
  cmd=0x20027 t=76 rc=0x3 data=00 00 00 00 00 00 00 00 00 00 00 00 00 0
  cmd=0x20027 t=78 rc=0x3 data=00 00 00 00 00 00 00 00 00 00 00 00 00 0
  cmd=0x20027 t=7A rc=0x3 data=00 00 00 00 00 00 00 00 00 00 00 00 00 0
  cmd=0x20027 t=7C rc=0x3 data=00 00 00 00 00 00 00 00 00 00 00 00 00 0
  cmd=0x20027 t=7E rc=0x3 data=00 00 00 00 00 00 00 00 00 00 00 00 00 0
  cmd=0x20027 t=80 rc=0x3 data=00 00 00 00 00 00 00 00 00 00 00 00 00 0
  cmd=0x20027 t=82 rc=0x3 data=00 00 00 00 00 00 00 00 00 00 00 00 00 0
  cmd=0x20027 t=84 rc=0x3 data=00 00 00 00 00 00 00 00 00 00 00 00 00 0
  cmd=0x20027 t=86 rc=0x3 data=00 00 00 00 00 00 00 00 00 00 00 00 00 0
  cmd=0x20027 t=88 rc=0x3 data=00 00 00 00 00 00 00 00 00 00 00 00 00 0
  cmd=0x20027 t=8A rc=0x3 data=00 00 00 00 00 00 00 00 00 00 00 00 00 0
  cmd=0x20027 t=8C rc=0x3 data=00 00 00 00 00 00 00 00 00 00 00 00 00 0
  cmd=0x20027 t=8E rc=0x3 data=00 00 00 00 00 00 00 00 00 00 00 00 00 0
  cmd=0x20027 t=90 rc=0x3 data=00 00 00 00 00 00 00 00 00 00 00 00 00 0
  cmd=0x20027 t=92 rc=0x3 data=00 00 00 00 00 00 00 00 00 00 00 00 00 0
  cmd=0x20027 t=94 rc=0x3 data=00 00 00 00 00 00 00 00 00 00 00 00 00 0
  cmd=0x20027 t=96 rc=0x3 data=00 00 00 00 00 00 00 00 00 00 00 00 00 0
  cmd=0x20027 t=98 rc=0x3 data=00 00 00 00 00 00 00 00 00 00 00 00 00 0
  cmd=0x20027 t=9A rc=0x3 data=00 00 00 00 00 00 00 00 00 00 00 00 00 0
  cmd=0x20027 t=9C rc=0x3 data=00 00 00 00 00 00 00 00 00 00 00 00 00 0
  cmd=0x20027 t=9E rc=0x3 data=00 00 00 00 00 00 00 00 00 00 00 00 00 0
  cmd=0x20027 t=A0 rc=0x3 data=00 00 00 00 00 00 00 00 00 00 00 00 00 0
  cmd=0x20027 t=A2 rc=0x3 data=00 00 00 00 00 00 00 00 00 00 00 00 00 0
  cmd=0x20027 t=A4 rc=0x3 data=00 00 00 00 00 00 00 00 00 00 00 00 00 0
  cmd=0x20027 t=A6 rc=0x3 data=00 00 00 00 00 00 00 00 00 00 00 00 00 0
  cmd=0x20027 t=A8 rc=0x3 data=00 00 00 00 00 00 00 00 00 00 00 00 00 0
  cmd=0x20027 t=AA rc=0x3 data=00 00 00 00 00 00 00 00 00 00 00 00 00 0
  cmd=0x20027 t=AC rc=0x3 data=00 00 00 00 00 00 00 00 00 00 00 00 00 0
  cmd=0x20027 t=AE rc=0x3 data=00 00 00 00 00 00 00 00 00 00 00 00 00 0
  cmd=0x20027 t=B0 rc=0x3 data=00 00 00 00 00 00 00 00 00 00 00 00 00 0
  cmd=0x20027 t=B2 rc=0x3 data=00 00 00 00 00 00 00 00 00 00 00 00 00 0
  cmd=0x20027 t=B4 rc=0x3 data=00 00 00 00 00 00 00 00 00 00 00 00 00 0
  cmd=0x20027 t=B6 rc=0x3 data=00 00 00 00 00 00 00 00 00 00 00 00 00 0
  cmd=0x20027 t=B8 rc=0x3 data=00 00 00 00 00 00 00 00 00 00 00 00 00 0
  cmd=0x20027 t=BA rc=0x3 data=00 00 00 00 00 00 00 00 00 00 00 00 00 0
  cmd=0x20027 t=BC rc=0x3 data=00 00 00 00 00 00 00 00 00 00 00 00 00 0
  cmd=0x20027 t=BE rc=0x3 data=00 00 00 00 00 00 00 00 00 00 00 00 00 0
  cmd=0x20027 t=C0 rc=0x3 data=00 00 00 00 00 00 00 00 00 00 00 00 00 0
  cmd=0x20027 t=C2 rc=0x3 data=00 00 00 00 00 00 00 00 00 00 00 00 00 0
  cmd=0x20027 t=C4 rc=0x3 data=00 00 00 00 00 00 00 00 00 00 00 00 00 0
  cmd=0x20027 t=C6 rc=0x3 data=00 00 00 00 00 00 00 00 00 00 00 00 00 0
  cmd=0x20027 t=C8 rc=0x3 data=00 00 00 00 00 00 00 00 00 00 00 00 00 0
  cmd=0x20028 t=00 rc=0x3 data=00 00 00 00 00 00 00 00 00 00 00 00 00 0
  cmd=0x20028 t=02 rc=0x3 data=00 00 00 00 00 00 00 00 00 00 00 00 00 0
  cmd=0x20028 t=04 rc=0x3 data=00 00 00 00 00 00 00 00 00 00 00 00 00 0
  cmd=0x20028 t=06 rc=0x3 data=00 00 00 00 00 00 00 00 00 00 00 00 00 0
  cmd=0x20028 t=08 rc=0x3 data=00 00 00 00 00 00 00 00 00 00 00 00 00 0
  cmd=0x20028 t=0A rc=0x3 data=00 00 00 00 00 00 00 00 00 00 00 00 00 0
  cmd=0x20028 t=0C rc=0x3 data=00 00 00 00 00 00 00 00 00 00 00 00 00 0
  cmd=0x20028 t=0E rc=0x3 data=00 00 00 00 00 00 00 00 00 00 00 00 00 0
  cmd=0x20028 t=10 rc=0x3 data=00 00 00 00 00 00 00 00 00 00 00 00 00 0
  cmd=0x20028 t=12 rc=0x3 data=00 00 00 00 00 00 00 00 00 00 00 00 00 0
  cmd=0x20028 t=14 rc=0x3 data=00 00 00 00 00 00 00 00 00 00 00 00 00 0
  cmd=0x20028 t=16 rc=0x3 data=00 00 00 00 00 00 00 00 00 00 00 00 00 0
  cmd=0x20028 t=18 rc=0x3 data=00 00 00 00 00 00 00 00 00 00 00 00 00 0
  cmd=0x20028 t=1A rc=0x3 data=00 00 00 00 00 00 00 00 00 00 00 00 00 0
  cmd=0x20028 t=1C rc=0x3 data=00 00 00 00 00 00 00 00 00 00 00 00 00 0
  cmd=0x20028 t=1E rc=0x3 data=00 00 00 00 00 00 00 00 00 00 00 00 00 0
  cmd=0x20028 t=20 rc=0x3 data=00 00 00 00 00 00 00 00 00 00 00 00 00 0
  cmd=0x20028 t=22 rc=0x3 data=00 00 00 00 00 00 00 00 00 00 00 00 00 0
  cmd=0x20028 t=24 rc=0x3 data=00 00 00 00 00 00 00 00 00 00 00 00 00 0
  cmd=0x20028 t=26 rc=0x3 data=00 00 00 00 00 00 00 00 00 00 00 00 00 0
  cmd=0x20028 t=28 rc=0x3 data=00 00 00 00 00 00 00 00 00 00 00 00 00 0
  cmd=0x20028 t=2A rc=0x3 data=00 00 00 00 00 00 00 00 00 00 00 00 00 0
  cmd=0x20028 t=2C rc=0x3 data=00 00 00 00 00 00 00 00 00 00 00 00 00 0
  cmd=0x20028 t=2E rc=0x3 data=00 00 00 00 00 00 00 00 00 00 00 00 00 0
  cmd=0x20028 t=30 rc=0x3 data=00 00 00 00 00 00 00 00 00 00 00 00 00 0
  cmd=0x20028 t=32 rc=0x3 data=00 00 00 00 00 00 00 00 00 00 00 00 00 0
  cmd=0x20028 t=34 rc=0x3 data=00 00 00 00 00 00 00 00 00 00 00 00 00 0
  cmd=0x20028 t=36 rc=0x3 data=00 00 00 00 00 00 00 00 00 00 00 00 00 0
  cmd=0x20028 t=38 rc=0x3 data=00 00 00 00 00 00 00 00 00 00 00 00 00 0
  cmd=0x20028 t=3A rc=0x3 data=00 00 00 00 00 00 00 00 00 00 00 00 00 0
  cmd=0x20028 t=3C rc=0x3 data=00 00 00 00 00 00 00 00 00 00 00 00 00 0
  cmd=0x20028 t=3E rc=0x3 data=00 00 00 00 00 00 00 00 00 00 00 00 00 0
  cmd=0x20028 t=40 rc=0x3 data=00 00 00 00 00 00 00 00 00 00 00 00 00 0
  cmd=0x20028 t=42 rc=0x3 data=00 00 00 00 00 00 00 00 00 00 00 00 00 0
  cmd=0x20028 t=44 rc=0x3 data=00 00 00 00 00 00 00 00 00 00 00 00 00 0
  cmd=0x20028 t=46 rc=0x3 data=00 00 00 00 00 00 00 00 00 00 00 00 00 0
  cmd=0x20028 t=48 rc=0x3 data=00 00 00 00 00 00 00 00 00 00 00 00 00 0
  cmd=0x20028 t=4A rc=0x3 data=00 00 00 00 00 00 00 00 00 00 00 00 00 0
  cmd=0x20028 t=4C rc=0x3 data=00 00 00 00 00 00 00 00 00 00 00 00 00 0
  cmd=0x20028 t=4E rc=0x3 data=00 00 00 00 00 00 00 00 00 00 00 00 00 0
  cmd=0x20028 t=50 rc=0x3 data=00 00 00 00 00 00 00 00 00 00 00 00 00 0
  cmd=0x20028 t=52 rc=0x3 data=00 00 00 00 00 00 00 00 00 00 00 00 00 0
  cmd=0x20028 t=54 rc=0x3 data=00 00 00 00 00 00 00 00 00 00 00 00 00 0
  cmd=0x20028 t=56 rc=0x3 data=00 00 00 00 00 00 00 00 00 00 00 00 00 0
  cmd=0x20028 t=58 rc=0x3 data=00 00 00 00 00 00 00 00 00 00 00 00 00 0
  cmd=0x20028 t=5A rc=0x3 data=00 00 00 00 00 00 00 00 00 00 00 00 00 0
  cmd=0x20028 t=5C rc=0x3 data=00 00 00 00 00 00 00 00 00 00 00 00 00 0
  cmd=0x20028 t=5E rc=0x3 data=00 00 00 00 00 00 00 00 00 00 00 00 00 0
  cmd=0x20028 t=60 rc=0x3 data=00 00 00 00 00 00 00 00 00 00 00 00 00 0
  cmd=0x20028 t=62 rc=0x3 data=00 00 00 00 00 00 00 00 00 00 00 00 00 0
  cmd=0x20028 t=64 rc=0x3 data=00 00 00 00 00 00 00 00 00 00 00 00 00 0
  cmd=0x20028 t=66 rc=0x3 data=00 00 00 00 00 00 00 00 00 00 00 00 00 0
  cmd=0x20028 t=68 rc=0x3 data=00 00 00 00 00 00 00 00 00 00 00 00 00 0
  cmd=0x20028 t=6A rc=0x3 data=00 00 00 00 00 00 00 00 00 00 00 00 00 0
  cmd=0x20028 t=6C rc=0x3 data=00 00 00 00 00 00 00 00 00 00 00 00 00 0
  cmd=0x20028 t=6E rc=0x3 data=00 00 00 00 00 00 00 00 00 00 00 00 00 0
  cmd=0x20028 t=70 rc=0x3 data=00 00 00 00 00 00 00 00 00 00 00 00 00 0
  cmd=0x20028 t=72 rc=0x3 data=00 00 00 00 00 00 00 00 00 00 00 00 00 0
  cmd=0x20028 t=74 rc=0x3 data=00 00 00 00 00 00 00 00 00 00 00 00 00 0
  cmd=0x20028 t=76 rc=0x3 data=00 00 00 00 00 00 00 00 00 00 00 00 00 0
  cmd=0x20028 t=78 rc=0x3 data=00 00 00 00 00 00 00 00 00 00 00 00 00 0
  cmd=0x20028 t=7A rc=0x3 data=00 00 00 00 00 00 00 00 00 00 00 00 00 0
  cmd=0x20028 t=7C rc=0x3 data=00 00 00 00 00 00 00 00 00 00 00 00 00 0
  cmd=0x20028 t=7E rc=0x3 data=00 00 00 00 00 00 00 00 00 00 00 00 00 0
  cmd=0x20028 t=80 rc=0x3 data=00 00 00 00 00 00 00 00 00 00 00 00 00 0
  cmd=0x20028 t=82 rc=0x3 data=00 00 00 00 00 00 00 00 00 00 00 00 00 0
  cmd=0x20028 t=84 rc=0x3 data=00 00 00 00 00 00 00 00 00 00 00 00 00 0
  cmd=0x20028 t=86 rc=0x3 data=00 00 00 00 00 00 00 00 00 00 00 00 00 0
  cmd=0x20028 t=88 rc=0x3 data=00 00 00 00 00 00 00 00 00 00 00 00 00 0
  cmd=0x20028 t=8A rc=0x3 data=00 00 00 00 00 00 00 00 00 00 00 00 00 0
  cmd=0x20028 t=8C rc=0x3 data=00 00 00 00 00 00 00 00 00 00 00 00 00 0
  cmd=0x20028 t=8E rc=0x3 data=00 00 00 00 00 00 00 00 00 00 00 00 00 0
  cmd=0x20028 t=90 rc=0x3 data=00 00 00 00 00 00 00 00 00 00 00 00 00 0
  cmd=0x20028 t=92 rc=0x3 data=00 00 00 00 00 00 00 00 00 00 00 00 00 0
  cmd=0x20028 t=94 rc=0x3 data=00 00 00 00 00 00 00 00 00 00 00 00 00 0
  cmd=0x20028 t=96 rc=0x3 data=00 00 00 00 00 00 00 00 00 00 00 00 00 0
  cmd=0x20028 t=98 rc=0x3 data=00 00 00 00 00 00 00 00 00 00 00 00 00 0
  cmd=0x20028 t=9A rc=0x3 data=00 00 00 00 00 00 00 00 00 00 00 00 00 0
  cmd=0x20028 t=9C rc=0x3 data=00 00 00 00 00 00 00 00 00 00 00 00 00 0
  cmd=0x20028 t=9E rc=0x3 data=00 00 00 00 00 00 00 00 00 00 00 00 00 0
  cmd=0x20028 t=A0 rc=0x3 data=00 00 00 00 00 00 00 00 00 00 00 00 00 0
  cmd=0x20028 t=A2 rc=0x3 data=00 00 00 00 00 00 00 00 00 00 00 00 00 0
  cmd=0x20028 t=A4 rc=0x3 data=00 00 00 00 00 00 00 00 00 00 00 00 00 0
  cmd=0x20028 t=A6 rc=0x3 data=00 00 00 00 00 00 00 00 00 00 00 00 00 0
  cmd=0x20028 t=A8 rc=0x3 data=00 00 00 00 00 00 00 00 00 00 00 00 00 0
  cmd=0x20028 t=AA rc=0x3 data=00 00 00 00 00 00 00 00 00 00 00 00 00 0
  cmd=0x20028 t=AC rc=0x3 data=00 00 00 00 00 00 00 00 00 00 00 00 00 0
  cmd=0x20028 t=AE rc=0x3 data=00 00 00 00 00 00 00 00 00 00 00 00 00 0
  cmd=0x20028 t=B0 rc=0x3 data=00 00 00 00 00 00 00 00 00 00 00 00 00 0
  cmd=0x20028 t=B2 rc=0x3 data=00 00 00 00 00 00 00 00 00 00 00 00 00 0
  cmd=0x20028 t=B4 rc=0x3 data=00 00 00 00 00 00 00 00 00 00 00 00 00 0
  cmd=0x20028 t=B6 rc=0x3 data=00 00 00 00 00 00 00 00 00 00 00 00 00 0
  cmd=0x20028 t=B8 rc=0x3 data=00 00 00 00 00 00 00 00 00 00 00 00 00 0
  cmd=0x20028 t=BA rc=0x3 data=00 00 00 00 00 00 00 00 00 00 00 00 00 0
  cmd=0x20028 t=BC rc=0x3 data=00 00 00 00 00 00 00 00 00 00 00 00 00 0
  cmd=0x20028 t=BE rc=0x3 data=00 00 00 00 00 00 00 00 00 00 00 00 00 0
  cmd=0x20028 t=C0 rc=0x3 data=00 00 00 00 00 00 00 00 00 00 00 00 00 0
  cmd=0x20028 t=C2 rc=0x3 data=00 00 00 00 00 00 00 00 00 00 00 00 00 0
  cmd=0x20028 t=C4 rc=0x3 data=00 00 00 00 00 00 00 00 00 00 00 00 00 0
  cmd=0x20028 t=C6 rc=0x3 data=00 00 00 00 00 00 00 00 00 00 00 00 00 0
  cmd=0x20028 t=C8 rc=0x3 data=00 00 00 00 00 00 00 00 00 00 00 00 00 0
  cmd=0x20029 t=00 rc=0x3 data=00 00 00 00 00 00 00 00 00 00 00 00 00 0
  cmd=0x20029 t=02 rc=0x3 data=00 00 00 00 00 00 00 00 00 00 00 00 00 0
  cmd=0x20029 t=04 rc=0x3 data=00 00 00 00 00 00 00 00 00 00 00 00 00 0
  cmd=0x20029 t=06 rc=0x3 data=00 00 00 00 00 00 00 00 00 00 00 00 00 0
  cmd=0x20029 t=08 rc=0x3 data=00 00 00 00 00 00 00 00 00 00 00 00 00 0
  cmd=0x20029 t=0A rc=0x3 data=00 00 00 00 00 00 00 00 00 00 00 00 00 0
  cmd=0x20029 t=0C rc=0x3 data=00 00 00 00 00 00 00 00 00 00 00 00 00 0
  cmd=0x20029 t=0E rc=0x3 data=00 00 00 00 00 00 00 00 00 00 00 00 00 0
  cmd=0x20029 t=10 rc=0x3 data=00 00 00 00 00 00 00 00 00 00 00 00 00 0
  cmd=0x20029 t=12 rc=0x3 data=00 00 00 00 00 00 00 00 00 00 00 00 00 0
  cmd=0x20029 t=14 rc=0x3 data=00 00 00 00 00 00 00 00 00 00 00 00 00 0
  cmd=0x20029 t=16 rc=0x3 data=00 00 00 00 00 00 00 00 00 00 00 00 00 0
  cmd=0x20029 t=18 rc=0x3 data=00 00 00 00 00 00 00 00 00 00 00 00 00 0
  cmd=0x20029 t=1A rc=0x3 data=00 00 00 00 00 00 00 00 00 00 00 00 00 0
  cmd=0x20029 t=1C rc=0x3 data=00 00 00 00 00 00 00 00 00 00 00 00 00 0
  cmd=0x20029 t=1E rc=0x3 data=00 00 00 00 00 00 00 00 00 00 00 00 00 0
  cmd=0x20029 t=20 rc=0x3 data=00 00 00 00 00 00 00 00 00 00 00 00 00 0
  cmd=0x20029 t=22 rc=0x3 data=00 00 00 00 00 00 00 00 00 00 00 00 00 0
  cmd=0x20029 t=24 rc=0x3 data=00 00 00 00 00 00 00 00 00 00 00 00 00 0
  cmd=0x20029 t=26 rc=0x3 data=00 00 00 00 00 00 00 00 00 00 00 00 00 0
  cmd=0x20029 t=28 rc=0x3 data=00 00 00 00 00 00 00 00 00 00 00 00 00 0
  cmd=0x20029 t=2A rc=0x3 data=00 00 00 00 00 00 00 00 00 00 00 00 00 0
  cmd=0x20029 t=2C rc=0x3 data=00 00 00 00 00 00 00 00 00 00 00 00 00 0
  cmd=0x20029 t=2E rc=0x3 data=00 00 00 00 00 00 00 00 00 00 00 00 00 0
  cmd=0x20029 t=30 rc=0x3 data=00 00 00 00 00 00 00 00 00 00 00 00 00 0
  cmd=0x20029 t=32 rc=0x3 data=00 00 00 00 00 00 00 00 00 00 00 00 00 0
  cmd=0x20029 t=34 rc=0x3 data=00 00 00 00 00 00 00 00 00 00 00 00 00 0
  cmd=0x20029 t=36 rc=0x3 data=00 00 00 00 00 00 00 00 00 00 00 00 00 0
  cmd=0x20029 t=38 rc=0x3 data=00 00 00 00 00 00 00 00 00 00 00 00 00 0
  cmd=0x20029 t=3A rc=0x3 data=00 00 00 00 00 00 00 00 00 00 00 00 00 0
  cmd=0x20029 t=3C rc=0x3 data=00 00 00 00 00 00 00 00 00 00 00 00 00 0
  cmd=0x20029 t=3E rc=0x3 data=00 00 00 00 00 00 00 00 00 00 00 00 00 0
  cmd=0x20029 t=40 rc=0x3 data=00 00 00 00 00 00 00 00 00 00 00 00 00 0
  cmd=0x20029 t=42 rc=0x3 data=00 00 00 00 00 00 00 00 00 00 00 00 00 0
  cmd=0x20029 t=44 rc=0x3 data=00 00 00 00 00 00 00 00 00 00 00 00 00 0
  cmd=0x20029 t=46 rc=0x3 data=00 00 00 00 00 00 00 00 00 00 00 00 00 0
  cmd=0x20029 t=48 rc=0x3 data=00 00 00 00 00 00 00 00 00 00 00 00 00 0
  cmd=0x20029 t=4A rc=0x3 data=00 00 00 00 00 00 00 00 00 00 00 00 00 0
  cmd=0x20029 t=4C rc=0x3 data=00 00 00 00 00 00 00 00 00 00 00 00 00 0
  cmd=0x20029 t=4E rc=0x3 data=00 00 00 00 00 00 00 00 00 00 00 00 00 0
  cmd=0x20029 t=50 rc=0x3 data=00 00 00 00 00 00 00 00 00 00 00 00 00 0
  cmd=0x20029 t=52 rc=0x3 data=00 00 00 00 00 00 00 00 00 00 00 00 00 0
  cmd=0x20029 t=54 rc=0x3 data=00 00 00 00 00 00 00 00 00 00 00 00 00 0
  cmd=0x20029 t=56 rc=0x3 data=00 00 00 00 00 00 00 00 00 00 00 00 00 0
  cmd=0x20029 t=58 rc=0x3 data=00 00 00 00 00 00 00 00 00 00 00 00 00 0
  cmd=0x20029 t=5A rc=0x3 data=00 00 00 00 00 00 00 00 00 00 00 00 00 0
  cmd=0x20029 t=5C rc=0x3 data=00 00 00 00 00 00 00 00 00 00 00 00 00 0
  cmd=0x20029 t=5E rc=0x3 data=00 00 00 00 00 00 00 00 00 00 00 00 00 0
  cmd=0x20029 t=60 rc=0x3 data=00 00 00 00 00 00 00 00 00 00 00 00 00 0
  cmd=0x20029 t=62 rc=0x3 data=00 00 00 00 00 00 00 00 00 00 00 00 00 0
  cmd=0x20029 t=64 rc=0x3 data=00 00 00 00 00 00 00 00 00 00 00 00 00 0
  cmd=0x20029 t=66 rc=0x3 data=00 00 00 00 00 00 00 00 00 00 00 00 00 0
  cmd=0x20029 t=68 rc=0x3 data=00 00 00 00 00 00 00 00 00 00 00 00 00 0
  cmd=0x20029 t=6A rc=0x3 data=00 00 00 00 00 00 00 00 00 00 00 00 00 0
  cmd=0x20029 t=6C rc=0x3 data=00 00 00 00 00 00 00 00 00 00 00 00 00 0
  cmd=0x20029 t=6E rc=0x3 data=00 00 00 00 00 00 00 00 00 00 00 00 00 0
  cmd=0x20029 t=70 rc=0x3 data=00 00 00 00 00 00 00 00 00 00 00 00 00 0
  cmd=0x20029 t=72 rc=0x3 data=00 00 00 00 00 00 00 00 00 00 00 00 00 0
  cmd=0x20029 t=74 rc=0x3 data=00 00 00 00 00 00 00 00 00 00 00 00 00 0
  cmd=0x20029 t=76 rc=0x3 data=00 00 00 00 00 00 00 00 00 00 00 00 00 0
  cmd=0x20029 t=78 rc=0x3 data=00 00 00 00 00 00 00 00 00 00 00 00 00 0
  cmd=0x20029 t=7A rc=0x3 data=00 00 00 00 00 00 00 00 00 00 00 00 00 0
  cmd=0x20029 t=7C rc=0x3 data=00 00 00 00 00 00 00 00 00 00 00 00 00 0
  cmd=0x20029 t=7E rc=0x3 data=00 00 00 00 00 00 00 00 00 00 00 00 00 0
  cmd=0x20029 t=80 rc=0x3 data=00 00 00 00 00 00 00 00 00 00 00 00 00 0
  cmd=0x20029 t=82 rc=0x3 data=00 00 00 00 00 00 00 00 00 00 00 00 00 0
  cmd=0x20029 t=84 rc=0x3 data=00 00 00 00 00 00 00 00 00 00 00 00 00 0
  cmd=0x20029 t=86 rc=0x3 data=00 00 00 00 00 00 00 00 00 00 00 00 00 0
  cmd=0x20029 t=88 rc=0x3 data=00 00 00 00 00 00 00 00 00 00 00 00 00 0
  cmd=0x20029 t=8A rc=0x3 data=00 00 00 00 00 00 00 00 00 00 00 00 00 0
  cmd=0x20029 t=8C rc=0x3 data=00 00 00 00 00 00 00 00 00 00 00 00 00 0
  cmd=0x20029 t=8E rc=0x3 data=00 00 00 00 00 00 00 00 00 00 00 00 00 0
  cmd=0x20029 t=90 rc=0x3 data=00 00 00 00 00 00 00 00 00 00 00 00 00 0
  cmd=0x20029 t=92 rc=0x3 data=00 00 00 00 00 00 00 00 00 00 00 00 00 0
  cmd=0x20029 t=94 rc=0x3 data=00 00 00 00 00 00 00 00 00 00 00 00 00 0
  cmd=0x20029 t=96 rc=0x3 data=00 00 00 00 00 00 00 00 00 00 00 00 00 0
  cmd=0x20029 t=98 rc=0x3 data=00 00 00 00 00 00 00 00 00 00 00 00 00 0
  cmd=0x20029 t=9A rc=0x3 data=00 00 00 00 00 00 00 00 00 00 00 00 00 0
  cmd=0x20029 t=9C rc=0x3 data=00 00 00 00 00 00 00 00 00 00 00 00 00 0
  cmd=0x20029 t=9E rc=0x3 data=00 00 00 00 00 00 00 00 00 00 00 00 00 0
  cmd=0x20029 t=A0 rc=0x3 data=00 00 00 00 00 00 00 00 00 00 00 00 00 0
  cmd=0x20029 t=A2 rc=0x3 data=00 00 00 00 00 00 00 00 00 00 00 00 00 0
  cmd=0x20029 t=A4 rc=0x3 data=00 00 00 00 00 00 00 00 00 00 00 00 00 0
  cmd=0x20029 t=A6 rc=0x3 data=00 00 00 00 00 00 00 00 00 00 00 00 00 0
  cmd=0x20029 t=A8 rc=0x3 data=00 00 00 00 00 00 00 00 00 00 00 00 00 0
  cmd=0x20029 t=AA rc=0x3 data=00 00 00 00 00 00 00 00 00 00 00 00 00 0
  cmd=0x20029 t=AC rc=0x3 data=00 00 00 00 00 00 00 00 00 00 00 00 00 0
  cmd=0x20029 t=AE rc=0x3 data=00 00 00 00 00 00 00 00 00 00 00 00 00 0
  cmd=0x20029 t=B0 rc=0x3 data=00 00 00 00 00 00 00 00 00 00 00 00 00 0
  cmd=0x20029 t=B2 rc=0x3 data=00 00 00 00 00 00 00 00 00 00 00 00 00 0
  cmd=0x20029 t=B4 rc=0x3 data=00 00 00 00 00 00 00 00 00 00 00 00 00 0
  cmd=0x20029 t=B6 rc=0x3 data=00 00 00 00 00 00 00 00 00 00 00 00 00 0
  cmd=0x20029 t=B8 rc=0x3 data=00 00 00 00 00 00 00 00 00 00 00 00 00 0
  cmd=0x20029 t=BA rc=0x3 data=00 00 00 00 00 00 00 00 00 00 00 00 00 0
  cmd=0x20029 t=BC rc=0x3 data=00 00 00 00 00 00 00 00 00 00 00 00 00 0
  cmd=0x20029 t=BE rc=0x3 data=00 00 00 00 00 00 00 00 00 00 00 00 00 0
  cmd=0x20029 t=C0 rc=0x3 data=00 00 00 00 00 00 00 00 00 00 00 00 00 0
  cmd=0x20029 t=C2 rc=0x3 data=00 00 00 00 00 00 00 00 00 00 00 00 00 0
  cmd=0x20029 t=C4 rc=0x3 data=00 00 00 00 00 00 00 00 00 00 00 00 00 0
  cmd=0x20029 t=C6 rc=0x3 data=00 00 00 00 00 00 00 00 00 00 00 00 00 0
  cmd=0x20029 t=C8 rc=0x3 data=00 00 00 00 00 00 00 00 00 00 00 00 00 0
  cmd=0x2002A t=00 rc=0x3 data=00 00 00 00 00 00 00 00 00 00 00 00 00 0
  cmd=0x2002A t=02 rc=0x3 data=00 00 00 00 00 00 00 00 00 00 00 00 00 0
  cmd=0x2002A t=04 rc=0x3 data=00 00 00 00 00 00 00 00 00 00 00 00 00 0
  cmd=0x2002A t=06 rc=0x3 data=00 00 00 00 00 00 00 00 00 00 00 00 00 0
  cmd=0x2002A t=08 rc=0x3 data=00 00 00 00 00 00 00 00 00 00 00 00 00 0
  cmd=0x2002A t=0A rc=0x3 data=00 00 00 00 00 00 00 00 00 00 00 00 00 0
  cmd=0x2002A t=0C rc=0x3 data=00 00 00 00 00 00 00 00 00 00 00 00 00 0
  cmd=0x2002A t=0E rc=0x3 data=00 00 00 00 00 00 00 00 00 00 00 00 00 0
  cmd=0x2002A t=10 rc=0x3 data=00 00 00 00 00 00 00 00 00 00 00 00 00 0
  cmd=0x2002A t=12 rc=0x3 data=00 00 00 00 00 00 00 00 00 00 00 00 00 0
  cmd=0x2002A t=14 rc=0x3 data=00 00 00 00 00 00 00 00 00 00 00 00 00 0
  cmd=0x2002A t=16 rc=0x3 data=00 00 00 00 00 00 00 00 00 00 00 00 00 0
  cmd=0x2002A t=18 rc=0x3 data=00 00 00 00 00 00 00 00 00 00 00 00 00 0
  cmd=0x2002A t=1A rc=0x3 data=00 00 00 00 00 00 00 00 00 00 00 00 00 0
  cmd=0x2002A t=1C rc=0x3 data=00 00 00 00 00 00 00 00 00 00 00 00 00 0
  cmd=0x2002A t=1E rc=0x3 data=00 00 00 00 00 00 00 00 00 00 00 00 00 0
  cmd=0x2002A t=20 rc=0x3 data=00 00 00 00 00 00 00 00 00 00 00 00 00 0
  cmd=0x2002A t=22 rc=0x3 data=00 00 00 00 00 00 00 00 00 00 00 00 00 0
  cmd=0x2002A t=24 rc=0x3 data=00 00 00 00 00 00 00 00 00 00 00 00 00 0
  cmd=0x2002A t=26 rc=0x3 data=00 00 00 00 00 00 00 00 00 00 00 00 00 0
  cmd=0x2002A t=28 rc=0x3 data=00 00 00 00 00 00 00 00 00 00 00 00 00 0
  cmd=0x2002A t=2A rc=0x3 data=00 00 00 00 00 00 00 00 00 00 00 00 00 0
  cmd=0x2002A t=2C rc=0x3 data=00 00 00 00 00 00 00 00 00 00 00 00 00 0
  cmd=0x2002A t=2E rc=0x3 data=00 00 00 00 00 00 00 00 00 00 00 00 00 0
  cmd=0x2002A t=30 rc=0x3 data=00 00 00 00 00 00 00 00 00 00 00 00 00 0
  cmd=0x2002A t=32 rc=0x3 data=00 00 00 00 00 00 00 00 00 00 00 00 00 0
  cmd=0x2002A t=34 rc=0x3 data=00 00 00 00 00 00 00 00 00 00 00 00 00 0
  cmd=0x2002A t=36 rc=0x3 data=00 00 00 00 00 00 00 00 00 00 00 00 00 0
  cmd=0x2002A t=38 rc=0x3 data=00 00 00 00 00 00 00 00 00 00 00 00 00 0
  cmd=0x2002A t=3A rc=0x3 data=00 00 00 00 00 00 00 00 00 00 00 00 00 0
  cmd=0x2002A t=3C rc=0x3 data=00 00 00 00 00 00 00 00 00 00 00 00 00 0
  cmd=0x2002A t=3E rc=0x3 data=00 00 00 00 00 00 00 00 00 00 00 00 00 0
  cmd=0x2002A t=40 rc=0x3 data=00 00 00 00 00 00 00 00 00 00 00 00 00 0
  cmd=0x2002A t=42 rc=0x3 data=00 00 00 00 00 00 00 00 00 00 00 00 00 0
  cmd=0x2002A t=44 rc=0x3 data=00 00 00 00 00 00 00 00 00 00 00 00 00 0
  cmd=0x2002A t=46 rc=0x3 data=00 00 00 00 00 00 00 00 00 00 00 00 00 0
  cmd=0x2002A t=48 rc=0x3 data=00 00 00 00 00 00 00 00 00 00 00 00 00 0
  cmd=0x2002A t=4A rc=0x3 data=00 00 00 00 00 00 00 00 00 00 00 00 00 0
  cmd=0x2002A t=4C rc=0x3 data=00 00 00 00 00 00 00 00 00 00 00 00 00 0
  cmd=0x2002A t=4E rc=0x3 data=00 00 00 00 00 00 00 00 00 00 00 00 00 0
  cmd=0x2002A t=50 rc=0x3 data=00 00 00 00 00 00 00 00 00 00 00 00 00 0
  cmd=0x2002A t=52 rc=0x3 data=00 00 00 00 00 00 00 00 00 00 00 00 00 0
  cmd=0x2002A t=54 rc=0x3 data=00 00 00 00 00 00 00 00 00 00 00 00 00 0
  cmd=0x2002A t=56 rc=0x3 data=00 00 00 00 00 00 00 00 00 00 00 00 00 0
  cmd=0x2002A t=58 rc=0x3 data=00 00 00 00 00 00 00 00 00 00 00 00 00 0
  cmd=0x2002A t=5A rc=0x3 data=00 00 00 00 00 00 00 00 00 00 00 00 00 0
  cmd=0x2002A t=5C rc=0x3 data=00 00 00 00 00 00 00 00 00 00 00 00 00 0
  cmd=0x2002A t=5E rc=0x3 data=00 00 00 00 00 00 00 00 00 00 00 00 00 0
  cmd=0x2002A t=60 rc=0x3 data=00 00 00 00 00 00 00 00 00 00 00 00 00 0
  cmd=0x2002A t=62 rc=0x3 data=00 00 00 00 00 00 00 00 00 00 00 00 00 0
  cmd=0x2002A t=64 rc=0x3 data=00 00 00 00 00 00 00 00 00 00 00 00 00 0
  cmd=0x2002A t=66 rc=0x3 data=00 00 00 00 00 00 00 00 00 00 00 00 00 0
  cmd=0x2002A t=68 rc=0x3 data=00 00 00 00 00 00 00 00 00 00 00 00 00 0
  cmd=0x2002A t=6A rc=0x3 data=00 00 00 00 00 00 00 00 00 00 00 00 00 0
  cmd=0x2002A t=6C rc=0x3 data=00 00 00 00 00 00 00 00 00 00 00 00 00 0
  cmd=0x2002A t=6E rc=0x3 data=00 00 00 00 00 00 00 00 00 00 00 00 00 0
  cmd=0x2002A t=70 rc=0x3 data=00 00 00 00 00 00 00 00 00 00 00 00 00 0
  cmd=0x2002A t=72 rc=0x3 data=00 00 00 00 00 00 00 00 00 00 00 00 00 0
  cmd=0x2002A t=74 rc=0x3 data=00 00 00 00 00 00 00 00 00 00 00 00 00 0
  cmd=0x2002A t=76 rc=0x3 data=00 00 00 00 00 00 00 00 00 00 00 00 00 0
  cmd=0x2002A t=78 rc=0x3 data=00 00 00 00 00 00 00 00 00 00 00 00 00 0
  cmd=0x2002A t=7A rc=0x3 data=00 00 00 00 00 00 00 00 00 00 00 00 00 0
  cmd=0x2002A t=7C rc=0x3 data=00 00 00 00 00 00 00 00 00 00 00 00 00 0
  cmd=0x2002A t=7E rc=0x3 data=00 00 00 00 00 00 00 00 00 00 00 00 00 0
  cmd=0x2002A t=80 rc=0x3 data=00 00 00 00 00 00 00 00 00 00 00 00 00 0
  cmd=0x2002A t=82 rc=0x3 data=00 00 00 00 00 00 00 00 00 00 00 00 00 0
  cmd=0x2002A t=84 rc=0x3 data=00 00 00 00 00 00 00 00 00 00 00 00 00 0
  cmd=0x2002A t=86 rc=0x3 data=00 00 00 00 00 00 00 00 00 00 00 00 00 0
  cmd=0x2002A t=88 rc=0x3 data=00 00 00 00 00 00 00 00 00 00 00 00 00 0
  cmd=0x2002A t=8A rc=0x3 data=00 00 00 00 00 00 00 00 00 00 00 00 00 0
  cmd=0x2002A t=8C rc=0x3 data=00 00 00 00 00 00 00 00 00 00 00 00 00 0
  cmd=0x2002A t=8E rc=0x3 data=00 00 00 00 00 00 00 00 00 00 00 00 00 0
  cmd=0x2002A t=90 rc=0x3 data=00 00 00 00 00 00 00 00 00 00 00 00 00 0
  cmd=0x2002A t=92 rc=0x3 data=00 00 00 00 00 00 00 00 00 00 00 00 00 0
  cmd=0x2002A t=94 rc=0x3 data=00 00 00 00 00 00 00 00 00 00 00 00 00 0
  cmd=0x2002A t=96 rc=0x3 data=00 00 00 00 00 00 00 00 00 00 00 00 00 0
  cmd=0x2002A t=98 rc=0x3 data=00 00 00 00 00 00 00 00 00 00 00 00 00 0
  cmd=0x2002A t=9A rc=0x3 data=00 00 00 00 00 00 00 00 00 00 00 00 00 0
  cmd=0x2002A t=9C rc=0x3 data=00 00 00 00 00 00 00 00 00 00 00 00 00 0
  cmd=0x2002A t=9E rc=0x3 data=00 00 00 00 00 00 00 00 00 00 00 00 00 0
  cmd=0x2002A t=A0 rc=0x3 data=00 00 00 00 00 00 00 00 00 00 00 00 00 0
  cmd=0x2002A t=A2 rc=0x3 data=00 00 00 00 00 00 00 00 00 00 00 00 00 0
  cmd=0x2002A t=A4 rc=0x3 data=00 00 00 00 00 00 00 00 00 00 00 00 00 0
  cmd=0x2002A t=A6 rc=0x3 data=00 00 00 00 00 00 00 00 00 00 00 00 00 0
  cmd=0x2002A t=A8 rc=0x3 data=00 00 00 00 00 00 00 00 00 00 00 00 00 0
  cmd=0x2002A t=AA rc=0x3 data=00 00 00 00 00 00 00 00 00 00 00 00 00 0
  cmd=0x2002A t=AC rc=0x3 data=00 00 00 00 00 00 00 00 00 00 00 00 00 0
  cmd=0x2002A t=AE rc=0x3 data=00 00 00 00 00 00 00 00 00 00 00 00 00 0
  cmd=0x2002A t=B0 rc=0x3 data=00 00 00 00 00 00 00 00 00 00 00 00 00 0
  cmd=0x2002A t=B2 rc=0x3 data=00 00 00 00 00 00 00 00 00 00 00 00 00 0
  cmd=0x2002A t=B4 rc=0x3 data=00 00 00 00 00 00 00 00 00 00 00 00 00 0
  cmd=0x2002A t=B6 rc=0x3 data=00 00 00 00 00 00 00 00 00 00 00 00 00 0
  cmd=0x2002A t=B8 rc=0x3 data=00 00 00 00 00 00 00 00 00 00 00 00 00 0
  cmd=0x2002A t=BA rc=0x3 data=00 00 00 00 00 00 00 00 00 00 00 00 00 0
  cmd=0x2002A t=BC rc=0x3 data=00 00 00 00 00 00 00 00 00 00 00 00 00 0
  cmd=0x2002A t=BE rc=0x3 data=00 00 00 00 00 00 00 00 00 00 00 00 00 0
  cmd=0x2002A t=C0 rc=0x3 data=00 00 00 00 00 00 00 00 00 00 00 00 00 0
  cmd=0x2002A t=C2 rc=0x3 data=00 00 00 00 00 00 00 00 00 00 00 00 00 0
  cmd=0x2002A t=C4 rc=0x3 data=00 00 00 00 00 00 00 00 00 00 00 00 00 0
  cmd=0x2002A t=C6 rc=0x3 data=00 00 00 00 00 00 00 00 00 00 00 00 00 0
  cmd=0x2002A t=C8 rc=0x3 data=00 00 00 00 00 00 00 00 00 00 00 00 00 0
  cmd=0x2002B t=00 rc=0x3 data=00 00 00 00 00 00 00 00 00 00 00 00 00 0
  cmd=0x2002B t=02 rc=0x3 data=00 00 00 00 00 00 00 00 00 00 00 00 00 0
  cmd=0x2002B t=04 rc=0x3 data=00 00 00 00 00 00 00 00 00 00 00 00 00 0
  cmd=0x2002B t=06 rc=0x3 data=00 00 00 00 00 00 00 00 00 00 00 00 00 0
  cmd=0x2002B t=08 rc=0x3 data=00 00 00 00 00 00 00 00 00 00 00 00 00 0
  cmd=0x2002B t=0A rc=0x3 data=00 00 00 00 00 00 00 00 00 00 00 00 00 0
  cmd=0x2002B t=0C rc=0x3 data=00 00 00 00 00 00 00 00 00 00 00 00 00 0
  cmd=0x2002B t=0E rc=0x3 data=00 00 00 00 00 00 00 00 00 00 00 00 00 0
  cmd=0x2002B t=10 rc=0x3 data=00 00 00 00 00 00 00 00 00 00 00 00 00 0
  cmd=0x2002B t=12 rc=0x3 data=00 00 00 00 00 00 00 00 00 00 00 00 00 0
  cmd=0x2002B t=14 rc=0x3 data=00 00 00 00 00 00 00 00 00 00 00 00 00 0
  cmd=0x2002B t=16 rc=0x3 data=00 00 00 00 00 00 00 00 00 00 00 00 00 0
  cmd=0x2002B t=18 rc=0x3 data=00 00 00 00 00 00 00 00 00 00 00 00 00 0
  cmd=0x2002B t=1A rc=0x3 data=00 00 00 00 00 00 00 00 00 00 00 00 00 0
  cmd=0x2002B t=1C rc=0x3 data=00 00 00 00 00 00 00 00 00 00 00 00 00 0
  cmd=0x2002B t=1E rc=0x3 data=00 00 00 00 00 00 00 00 00 00 00 00 00 0
  cmd=0x2002B t=20 rc=0x3 data=00 00 00 00 00 00 00 00 00 00 00 00 00 0
  cmd=0x2002B t=22 rc=0x3 data=00 00 00 00 00 00 00 00 00 00 00 00 00 0
  cmd=0x2002B t=24 rc=0x3 data=00 00 00 00 00 00 00 00 00 00 00 00 00 0
  cmd=0x2002B t=26 rc=0x3 data=00 00 00 00 00 00 00 00 00 00 00 00 00 0
  cmd=0x2002B t=28 rc=0x3 data=00 00 00 00 00 00 00 00 00 00 00 00 00 0
  cmd=0x2002B t=2A rc=0x3 data=00 00 00 00 00 00 00 00 00 00 00 00 00 0
  cmd=0x2002B t=2C rc=0x3 data=00 00 00 00 00 00 00 00 00 00 00 00 00 0
  cmd=0x2002B t=2E rc=0x3 data=00 00 00 00 00 00 00 00 00 00 00 00 00 0
  cmd=0x2002B t=30 rc=0x3 data=00 00 00 00 00 00 00 00 00 00 00 00 00 0
  cmd=0x2002B t=32 rc=0x3 data=00 00 00 00 00 00 00 00 00 00 00 00 00 0
  cmd=0x2002B t=34 rc=0x3 data=00 00 00 00 00 00 00 00 00 00 00 00 00 0
  cmd=0x2002B t=36 rc=0x3 data=00 00 00 00 00 00 00 00 00 00 00 00 00 0
  cmd=0x2002B t=38 rc=0x3 data=00 00 00 00 00 00 00 00 00 00 00 00 00 0
  cmd=0x2002B t=3A rc=0x3 data=00 00 00 00 00 00 00 00 00 00 00 00 00 0
  cmd=0x2002B t=3C rc=0x3 data=00 00 00 00 00 00 00 00 00 00 00 00 00 0
  cmd=0x2002B t=3E rc=0x3 data=00 00 00 00 00 00 00 00 00 00 00 00 00 0
  cmd=0x2002B t=40 rc=0x3 data=00 00 00 00 00 00 00 00 00 00 00 00 00 0
  cmd=0x2002B t=42 rc=0x3 data=00 00 00 00 00 00 00 00 00 00 00 00 00 0
  cmd=0x2002B t=44 rc=0x3 data=00 00 00 00 00 00 00 00 00 00 00 00 00 0
  cmd=0x2002B t=46 rc=0x3 data=00 00 00 00 00 00 00 00 00 00 00 00 00 0
  cmd=0x2002B t=48 rc=0x3 data=00 00 00 00 00 00 00 00 00 00 00 00 00 0
  cmd=0x2002B t=4A rc=0x3 data=00 00 00 00 00 00 00 00 00 00 00 00 00 0
  cmd=0x2002B t=4C rc=0x3 data=00 00 00 00 00 00 00 00 00 00 00 00 00 0
  cmd=0x2002B t=4E rc=0x3 data=00 00 00 00 00 00 00 00 00 00 00 00 00 0
  cmd=0x2002B t=50 rc=0x3 data=00 00 00 00 00 00 00 00 00 00 00 00 00 0
  cmd=0x2002B t=52 rc=0x3 data=00 00 00 00 00 00 00 00 00 00 00 00 00 0
  cmd=0x2002B t=54 rc=0x3 data=00 00 00 00 00 00 00 00 00 00 00 00 00 0
  cmd=0x2002B t=56 rc=0x3 data=00 00 00 00 00 00 00 00 00 00 00 00 00 0
  cmd=0x2002B t=58 rc=0x3 data=00 00 00 00 00 00 00 00 00 00 00 00 00 0
  cmd=0x2002B t=5A rc=0x3 data=00 00 00 00 00 00 00 00 00 00 00 00 00 0
  cmd=0x2002B t=5C rc=0x3 data=00 00 00 00 00 00 00 00 00 00 00 00 00 0
  cmd=0x2002B t=5E rc=0x3 data=00 00 00 00 00 00 00 00 00 00 00 00 00 0
  cmd=0x2002B t=60 rc=0x3 data=00 00 00 00 00 00 00 00 00 00 00 00 00 0
  cmd=0x2002B t=62 rc=0x3 data=00 00 00 00 00 00 00 00 00 00 00 00 00 0
  cmd=0x2002B t=64 rc=0x3 data=00 00 00 00 00 00 00 00 00 00 00 00 00 0
  cmd=0x2002B t=66 rc=0x3 data=00 00 00 00 00 00 00 00 00 00 00 00 00 0
  cmd=0x2002B t=68 rc=0x3 data=00 00 00 00 00 00 00 00 00 00 00 00 00 0
  cmd=0x2002B t=6A rc=0x3 data=00 00 00 00 00 00 00 00 00 00 00 00 00 0
  cmd=0x2002B t=6C rc=0x3 data=00 00 00 00 00 00 00 00 00 00 00 00 00 0
  cmd=0x2002B t=6E rc=0x3 data=00 00 00 00 00 00 00 00 00 00 00 00 00 0
  cmd=0x2002B t=70 rc=0x3 data=00 00 00 00 00 00 00 00 00 00 00 00 00 0
  cmd=0x2002B t=72 rc=0x3 data=00 00 00 00 00 00 00 00 00 00 00 00 00 0
  cmd=0x2002B t=74 rc=0x3 data=00 00 00 00 00 00 00 00 00 00 00 00 00 0
  cmd=0x2002B t=76 rc=0x3 data=00 00 00 00 00 00 00 00 00 00 00 00 00 0
  cmd=0x2002B t=78 rc=0x3 data=00 00 00 00 00 00 00 00 00 00 00 00 00 0
  cmd=0x2002B t=7A rc=0x3 data=00 00 00 00 00 00 00 00 00 00 00 00 00 0
  cmd=0x2002B t=7C rc=0x3 data=00 00 00 00 00 00 00 00 00 00 00 00 00 0
  cmd=0x2002B t=7E rc=0x3 data=00 00 00 00 00 00 00 00 00 00 00 00 00 0
  cmd=0x2002B t=80 rc=0x3 data=00 00 00 00 00 00 00 00 00 00 00 00 00 0
  cmd=0x2002B t=82 rc=0x3 data=00 00 00 00 00 00 00 00 00 00 00 00 00 0
  cmd=0x2002B t=84 rc=0x3 data=00 00 00 00 00 00 00 00 00 00 00 00 00 0
  cmd=0x2002B t=86 rc=0x3 data=00 00 00 00 00 00 00 00 00 00 00 00 00 0
  cmd=0x2002B t=88 rc=0x3 data=00 00 00 00 00 00 00 00 00 00 00 00 00 0
  cmd=0x2002B t=8A rc=0x3 data=00 00 00 00 00 00 00 00 00 00 00 00 00 0
  cmd=0x2002B t=8C rc=0x3 data=00 00 00 00 00 00 00 00 00 00 00 00 00 0
  cmd=0x2002B t=8E rc=0x3 data=00 00 00 00 00 00 00 00 00 00 00 00 00 0
  cmd=0x2002B t=90 rc=0x3 data=00 00 00 00 00 00 00 00 00 00 00 00 00 0
  cmd=0x2002B t=92 rc=0x3 data=00 00 00 00 00 00 00 00 00 00 00 00 00 0
  cmd=0x2002B t=94 rc=0x3 data=00 00 00 00 00 00 00 00 00 00 00 00 00 0
  cmd=0x2002B t=96 rc=0x3 data=00 00 00 00 00 00 00 00 00 00 00 00 00 0
  cmd=0x2002B t=98 rc=0x3 data=00 00 00 00 00 00 00 00 00 00 00 00 00 0
  cmd=0x2002B t=9A rc=0x3 data=00 00 00 00 00 00 00 00 00 00 00 00 00 0
  cmd=0x2002B t=9C rc=0x3 data=00 00 00 00 00 00 00 00 00 00 00 00 00 0
  cmd=0x2002B t=9E rc=0x3 data=00 00 00 00 00 00 00 00 00 00 00 00 00 0
  cmd=0x2002B t=A0 rc=0x3 data=00 00 00 00 00 00 00 00 00 00 00 00 00 0
  cmd=0x2002B t=A2 rc=0x3 data=00 00 00 00 00 00 00 00 00 00 00 00 00 0
  cmd=0x2002B t=A4 rc=0x3 data=00 00 00 00 00 00 00 00 00 00 00 00 00 0
  cmd=0x2002B t=A6 rc=0x3 data=00 00 00 00 00 00 00 00 00 00 00 00 00 0
  cmd=0x2002B t=A8 rc=0x3 data=00 00 00 00 00 00 00 00 00 00 00 00 00 0
  cmd=0x2002B t=AA rc=0x3 data=00 00 00 00 00 00 00 00 00 00 00 00 00 0
  cmd=0x2002B t=AC rc=0x3 data=00 00 00 00 00 00 00 00 00 00 00 00 00 0
  cmd=0x2002B t=AE rc=0x3 data=00 00 00 00 00 00 00 00 00 00 00 00 00 0
  cmd=0x2002B t=B0 rc=0x3 data=00 00 00 00 00 00 00 00 00 00 00 00 00 0
  cmd=0x2002B t=B2 rc=0x3 data=00 00 00 00 00 00 00 00 00 00 00 00 00 0
  cmd=0x2002B t=B4 rc=0x3 data=00 00 00 00 00 00 00 00 00 00 00 00 00 0
  cmd=0x2002B t=B6 rc=0x3 data=00 00 00 00 00 00 00 00 00 00 00 00 00 0
  cmd=0x2002B t=B8 rc=0x3 data=00 00 00 00 00 00 00 00 00 00 00 00 00 0
  cmd=0x2002B t=BA rc=0x3 data=00 00 00 00 00 00 00 00 00 00 00 00 00 0
  cmd=0x2002B t=BC rc=0x3 data=00 00 00 00 00 00 00 00 00 00 00 00 00 0
  cmd=0x2002B t=BE rc=0x3 data=00 00 00 00 00 00 00 00 00 00 00 00 00 0
  cmd=0x2002B t=C0 rc=0x3 data=00 00 00 00 00 00 00 00 00 00 00 00 00 0
  cmd=0x2002B t=C2 rc=0x3 data=00 00 00 00 00 00 00 00 00 00 00 00 00 0
  cmd=0x2002B t=C4 rc=0x3 data=00 00 00 00 00 00 00 00 00 00 00 00 00 0
  cmd=0x2002B t=C6 rc=0x3 data=00 00 00 00 00 00 00 00 00 00 00 00 00 0
  cmd=0x2002B t=C8 rc=0x3 data=00 00 00 00 00 00 00 00 00 00 00 00 00 0
  cmd=0x2002C t=00 rc=0x3 data=00 00 00 00 00 00 00 00 00 00 00 00 00 0
  cmd=0x2002C t=02 rc=0x3 data=00 00 00 00 00 00 00 00 00 00 00 00 00 0
  cmd=0x2002C t=04 rc=0x3 data=00 00 00 00 00 00 00 00 00 00 00 00 00 0
  cmd=0x2002C t=06 rc=0x3 data=00 00 00 00 00 00 00 00 00 00 00 00 00 0
  cmd=0x2002C t=08 rc=0x3 data=00 00 00 00 00 00 00 00 00 00 00 00 00 0
  cmd=0x2002C t=0A rc=0x3 data=00 00 00 00 00 00 00 00 00 00 00 00 00 0
  cmd=0x2002C t=0C rc=0x3 data=00 00 00 00 00 00 00 00 00 00 00 00 00 0
  cmd=0x2002C t=0E rc=0x3 data=00 00 00 00 00 00 00 00 00 00 00 00 00 0
  cmd=0x2002C t=10 rc=0x3 data=00 00 00 00 00 00 00 00 00 00 00 00 00 0
  cmd=0x2002C t=12 rc=0x3 data=00 00 00 00 00 00 00 00 00 00 00 00 00 0
  cmd=0x2002C t=14 rc=0x3 data=00 00 00 00 00 00 00 00 00 00 00 00 00 0
  cmd=0x2002C t=16 rc=0x3 data=00 00 00 00 00 00 00 00 00 00 00 00 00 0
  cmd=0x2002C t=18 rc=0x3 data=00 00 00 00 00 00 00 00 00 00 00 00 00 0
  cmd=0x2002C t=1A rc=0x3 data=00 00 00 00 00 00 00 00 00 00 00 00 00 0
  cmd=0x2002C t=1C rc=0x3 data=00 00 00 00 00 00 00 00 00 00 00 00 00 0
  cmd=0x2002C t=1E rc=0x3 data=00 00 00 00 00 00 00 00 00 00 00 00 00 0
  cmd=0x2002C t=20 rc=0x3 data=00 00 00 00 00 00 00 00 00 00 00 00 00 0
  cmd=0x2002C t=22 rc=0x3 data=00 00 00 00 00 00 00 00 00 00 00 00 00 0
  cmd=0x2002C t=24 rc=0x3 data=00 00 00 00 00 00 00 00 00 00 00 00 00 0
  cmd=0x2002C t=26 rc=0x3 data=00 00 00 00 00 00 00 00 00 00 00 00 00 0
  cmd=0x2002C t=28 rc=0x3 data=00 00 00 00 00 00 00 00 00 00 00 00 00 0
  cmd=0x2002C t=2A rc=0x3 data=00 00 00 00 00 00 00 00 00 00 00 00 00 0
  cmd=0x2002C t=2C rc=0x3 data=00 00 00 00 00 00 00 00 00 00 00 00 00 0
  cmd=0x2002C t=2E rc=0x3 data=00 00 00 00 00 00 00 00 00 00 00 00 00 0
  cmd=0x2002C t=30 rc=0x3 data=00 00 00 00 00 00 00 00 00 00 00 00 00 0
  cmd=0x2002C t=32 rc=0x3 data=00 00 00 00 00 00 00 00 00 00 00 00 00 0
  cmd=0x2002C t=34 rc=0x3 data=00 00 00 00 00 00 00 00 00 00 00 00 00 0
  cmd=0x2002C t=36 rc=0x3 data=00 00 00 00 00 00 00 00 00 00 00 00 00 0
  cmd=0x2002C t=38 rc=0x3 data=00 00 00 00 00 00 00 00 00 00 00 00 00 0
  cmd=0x2002C t=3A rc=0x3 data=00 00 00 00 00 00 00 00 00 00 00 00 00 0
  cmd=0x2002C t=3C rc=0x3 data=00 00 00 00 00 00 00 00 00 00 00 00 00 0
  cmd=0x2002C t=3E rc=0x3 data=00 00 00 00 00 00 00 00 00 00 00 00 00 0
  cmd=0x2002C t=40 rc=0x3 data=00 00 00 00 00 00 00 00 00 00 00 00 00 0
  cmd=0x2002C t=42 rc=0x3 data=00 00 00 00 00 00 00 00 00 00 00 00 00 0
  cmd=0x2002C t=44 rc=0x3 data=00 00 00 00 00 00 00 00 00 00 00 00 00 0
  cmd=0x2002C t=46 rc=0x3 data=00 00 00 00 00 00 00 00 00 00 00 00 00 0
  cmd=0x2002C t=48 rc=0x3 data=00 00 00 00 00 00 00 00 00 00 00 00 00 0
  cmd=0x2002C t=4A rc=0x3 data=00 00 00 00 00 00 00 00 00 00 00 00 00 0
  cmd=0x2002C t=4C rc=0x3 data=00 00 00 00 00 00 00 00 00 00 00 00 00 0
  cmd=0x2002C t=4E rc=0x3 data=00 00 00 00 00 00 00 00 00 00 00 00 00 0
  cmd=0x2002C t=50 rc=0x3 data=00 00 00 00 00 00 00 00 00 00 00 00 00 0
  cmd=0x2002C t=52 rc=0x3 data=00 00 00 00 00 00 00 00 00 00 00 00 00 0
  cmd=0x2002C t=54 rc=0x3 data=00 00 00 00 00 00 00 00 00 00 00 00 00 0
  cmd=0x2002C t=56 rc=0x3 data=00 00 00 00 00 00 00 00 00 00 00 00 00 0
  cmd=0x2002C t=58 rc=0x3 data=00 00 00 00 00 00 00 00 00 00 00 00 00 0
  cmd=0x2002C t=5A rc=0x3 data=00 00 00 00 00 00 00 00 00 00 00 00 00 0
  cmd=0x2002C t=5C rc=0x3 data=00 00 00 00 00 00 00 00 00 00 00 00 00 0
  cmd=0x2002C t=5E rc=0x3 data=00 00 00 00 00 00 00 00 00 00 00 00 00 0
  cmd=0x2002C t=60 rc=0x3 data=00 00 00 00 00 00 00 00 00 00 00 00 00 0
  cmd=0x2002C t=62 rc=0x3 data=00 00 00 00 00 00 00 00 00 00 00 00 00 0
  cmd=0x2002C t=64 rc=0x3 data=00 00 00 00 00 00 00 00 00 00 00 00 00 0
  cmd=0x2002C t=66 rc=0x3 data=00 00 00 00 00 00 00 00 00 00 00 00 00 0
  cmd=0x2002C t=68 rc=0x3 data=00 00 00 00 00 00 00 00 00 00 00 00 00 0
  cmd=0x2002C t=6A rc=0x3 data=00 00 00 00 00 00 00 00 00 00 00 00 00 0
  cmd=0x2002C t=6C rc=0x3 data=00 00 00 00 00 00 00 00 00 00 00 00 00 0
  cmd=0x2002C t=6E rc=0x3 data=00 00 00 00 00 00 00 00 00 00 00 00 00 0
  cmd=0x2002C t=70 rc=0x3 data=00 00 00 00 00 00 00 00 00 00 00 00 00 0
  cmd=0x2002C t=72 rc=0x3 data=00 00 00 00 00 00 00 00 00 00 00 00 00 0
  cmd=0x2002C t=74 rc=0x3 data=00 00 00 00 00 00 00 00 00 00 00 00 00 0
  cmd=0x2002C t=76 rc=0x3 data=00 00 00 00 00 00 00 00 00 00 00 00 00 0
  cmd=0x2002C t=78 rc=0x3 data=00 00 00 00 00 00 00 00 00 00 00 00 00 0
  cmd=0x2002C t=7A rc=0x3 data=00 00 00 00 00 00 00 00 00 00 00 00 00 0
  cmd=0x2002C t=7C rc=0x3 data=00 00 00 00 00 00 00 00 00 00 00 00 00 0
  cmd=0x2002C t=7E rc=0x3 data=00 00 00 00 00 00 00 00 00 00 00 00 00 0
  cmd=0x2002C t=80 rc=0x3 data=00 00 00 00 00 00 00 00 00 00 00 00 00 0
  cmd=0x2002C t=82 rc=0x3 data=00 00 00 00 00 00 00 00 00 00 00 00 00 0
  cmd=0x2002C t=84 rc=0x3 data=00 00 00 00 00 00 00 00 00 00 00 00 00 0
  cmd=0x2002C t=86 rc=0x3 data=00 00 00 00 00 00 00 00 00 00 00 00 00 0
  cmd=0x2002C t=88 rc=0x3 data=00 00 00 00 00 00 00 00 00 00 00 00 00 0
  cmd=0x2002C t=8A rc=0x3 data=00 00 00 00 00 00 00 00 00 00 00 00 00 0
  cmd=0x2002C t=8C rc=0x3 data=00 00 00 00 00 00 00 00 00 00 00 00 00 0
  cmd=0x2002C t=8E rc=0x3 data=00 00 00 00 00 00 00 00 00 00 00 00 00 0
  cmd=0x2002C t=90 rc=0x3 data=00 00 00 00 00 00 00 00 00 00 00 00 00 0
  cmd=0x2002C t=92 rc=0x3 data=00 00 00 00 00 00 00 00 00 00 00 00 00 0
  cmd=0x2002C t=94 rc=0x3 data=00 00 00 00 00 00 00 00 00 00 00 00 00 0
  cmd=0x2002C t=96 rc=0x3 data=00 00 00 00 00 00 00 00 00 00 00 00 00 0
  cmd=0x2002C t=98 rc=0x3 data=00 00 00 00 00 00 00 00 00 00 00 00 00 0
  cmd=0x2002C t=9A rc=0x3 data=00 00 00 00 00 00 00 00 00 00 00 00 00 0
  cmd=0x2002C t=9C rc=0x3 data=00 00 00 00 00 00 00 00 00 00 00 00 00 0
  cmd=0x2002C t=9E rc=0x3 data=00 00 00 00 00 00 00 00 00 00 00 00 00 0
  cmd=0x2002C t=A0 rc=0x3 data=00 00 00 00 00 00 00 00 00 00 00 00 00 0
  cmd=0x2002C t=A2 rc=0x3 data=00 00 00 00 00 00 00 00 00 00 00 00 00 0
  cmd=0x2002C t=A4 rc=0x3 data=00 00 00 00 00 00 00 00 00 00 00 00 00 0
  cmd=0x2002C t=A6 rc=0x3 data=00 00 00 00 00 00 00 00 00 00 00 00 00 0
  cmd=0x2002C t=A8 rc=0x3 data=00 00 00 00 00 00 00 00 00 00 00 00 00 0
  cmd=0x2002C t=AA rc=0x3 data=00 00 00 00 00 00 00 00 00 00 00 00 00 0
  cmd=0x2002C t=AC rc=0x3 data=00 00 00 00 00 00 00 00 00 00 00 00 00 0
  cmd=0x2002C t=AE rc=0x3 data=00 00 00 00 00 00 00 00 00 00 00 00 00 0
  cmd=0x2002C t=B0 rc=0x3 data=00 00 00 00 00 00 00 00 00 00 00 00 00 0
  cmd=0x2002C t=B2 rc=0x3 data=00 00 00 00 00 00 00 00 00 00 00 00 00 0
  cmd=0x2002C t=B4 rc=0x3 data=00 00 00 00 00 00 00 00 00 00 00 00 00 0
  cmd=0x2002C t=B6 rc=0x3 data=00 00 00 00 00 00 00 00 00 00 00 00 00 0
  cmd=0x2002C t=B8 rc=0x3 data=00 00 00 00 00 00 00 00 00 00 00 00 00 0
  cmd=0x2002C t=BA rc=0x3 data=00 00 00 00 00 00 00 00 00 00 00 00 00 0
  cmd=0x2002C t=BC rc=0x3 data=00 00 00 00 00 00 00 00 00 00 00 00 00 0
  cmd=0x2002C t=BE rc=0x3 data=00 00 00 00 00 00 00 00 00 00 00 00 00 0
  cmd=0x2002C t=C0 rc=0x3 data=00 00 00 00 00 00 00 00 00 00 00 00 00 0
  cmd=0x2002C t=C2 rc=0x3 data=00 00 00 00 00 00 00 00 00 00 00 00 00 0
  cmd=0x2002C t=C4 rc=0x3 data=00 00 00 00 00 00 00 00 00 00 00 00 00 0
  cmd=0x2002C t=C6 rc=0x3 data=00 00 00 00 00 00 00 00 00 00 00 00 00 0
  cmd=0x2002C t=C8 rc=0x3 data=00 00 00 00 00 00 00 00 00 00 00 00 00 0
  cmd=0x2002D t=00 rc=0x3 data=00 00 00 00 00 00 00 00 00 00 00 00 00 0
  cmd=0x2002D t=02 rc=0x3 data=00 00 00 00 00 00 00 00 00 00 00 00 00 0
  cmd=0x2002D t=04 rc=0x3 data=00 00 00 00 00 00 00 00 00 00 00 00 00 0
  cmd=0x2002D t=06 rc=0x3 data=00 00 00 00 00 00 00 00 00 00 00 00 00 0
  cmd=0x2002D t=08 rc=0x3 data=00 00 00 00 00 00 00 00 00 00 00 00 00 0
  cmd=0x2002D t=0A rc=0x3 data=00 00 00 00 00 00 00 00 00 00 00 00 00 0
  cmd=0x2002D t=0C rc=0x3 data=00 00 00 00 00 00 00 00 00 00 00 00 00 0
  cmd=0x2002D t=0E rc=0x3 data=00 00 00 00 00 00 00 00 00 00 00 00 00 0
  cmd=0x2002D t=10 rc=0x3 data=00 00 00 00 00 00 00 00 00 00 00 00 00 0
  cmd=0x2002D t=12 rc=0x3 data=00 00 00 00 00 00 00 00 00 00 00 00 00 0
  cmd=0x2002D t=14 rc=0x3 data=00 00 00 00 00 00 00 00 00 00 00 00 00 0
  cmd=0x2002D t=16 rc=0x3 data=00 00 00 00 00 00 00 00 00 00 00 00 00 0
  cmd=0x2002D t=18 rc=0x3 data=00 00 00 00 00 00 00 00 00 00 00 00 00 0
  cmd=0x2002D t=1A rc=0x3 data=00 00 00 00 00 00 00 00 00 00 00 00 00 0
  cmd=0x2002D t=1C rc=0x3 data=00 00 00 00 00 00 00 00 00 00 00 00 00 0
  cmd=0x2002D t=1E rc=0x3 data=00 00 00 00 00 00 00 00 00 00 00 00 00 0
  cmd=0x2002D t=20 rc=0x3 data=00 00 00 00 00 00 00 00 00 00 00 00 00 0
  cmd=0x2002D t=22 rc=0x3 data=00 00 00 00 00 00 00 00 00 00 00 00 00 0
  cmd=0x2002D t=24 rc=0x3 data=00 00 00 00 00 00 00 00 00 00 00 00 00 0
  cmd=0x2002D t=26 rc=0x3 data=00 00 00 00 00 00 00 00 00 00 00 00 00 0
  cmd=0x2002D t=28 rc=0x3 data=00 00 00 00 00 00 00 00 00 00 00 00 00 0
  cmd=0x2002D t=2A rc=0x3 data=00 00 00 00 00 00 00 00 00 00 00 00 00 0
  cmd=0x2002D t=2C rc=0x3 data=00 00 00 00 00 00 00 00 00 00 00 00 00 0
  cmd=0x2002D t=2E rc=0x3 data=00 00 00 00 00 00 00 00 00 00 00 00 00 0
  cmd=0x2002D t=30 rc=0x3 data=00 00 00 00 00 00 00 00 00 00 00 00 00 0
  cmd=0x2002D t=32 rc=0x3 data=00 00 00 00 00 00 00 00 00 00 00 00 00 0
  cmd=0x2002D t=34 rc=0x3 data=00 00 00 00 00 00 00 00 00 00 00 00 00 0
  cmd=0x2002D t=36 rc=0x3 data=00 00 00 00 00 00 00 00 00 00 00 00 00 0
  cmd=0x2002D t=38 rc=0x3 data=00 00 00 00 00 00 00 00 00 00 00 00 00 0
  cmd=0x2002D t=3A rc=0x3 data=00 00 00 00 00 00 00 00 00 00 00 00 00 0
  cmd=0x2002D t=3C rc=0x3 data=00 00 00 00 00 00 00 00 00 00 00 00 00 0
  cmd=0x2002D t=3E rc=0x3 data=00 00 00 00 00 00 00 00 00 00 00 00 00 0
  cmd=0x2002D t=40 rc=0x3 data=00 00 00 00 00 00 00 00 00 00 00 00 00 0
  cmd=0x2002D t=42 rc=0x3 data=00 00 00 00 00 00 00 00 00 00 00 00 00 0
  cmd=0x2002D t=44 rc=0x3 data=00 00 00 00 00 00 00 00 00 00 00 00 00 0
  cmd=0x2002D t=46 rc=0x3 data=00 00 00 00 00 00 00 00 00 00 00 00 00 0
  cmd=0x2002D t=48 rc=0x3 data=00 00 00 00 00 00 00 00 00 00 00 00 00 0
  cmd=0x2002D t=4A rc=0x3 data=00 00 00 00 00 00 00 00 00 00 00 00 00 0
  cmd=0x2002D t=4C rc=0x3 data=00 00 00 00 00 00 00 00 00 00 00 00 00 0
  cmd=0x2002D t=4E rc=0x3 data=00 00 00 00 00 00 00 00 00 00 00 00 00 0
  cmd=0x2002D t=50 rc=0x3 data=00 00 00 00 00 00 00 00 00 00 00 00 00 0
  cmd=0x2002D t=52 rc=0x3 data=00 00 00 00 00 00 00 00 00 00 00 00 00 0
  cmd=0x2002D t=54 rc=0x3 data=00 00 00 00 00 00 00 00 00 00 00 00 00 0
  cmd=0x2002D t=56 rc=0x3 data=00 00 00 00 00 00 00 00 00 00 00 00 00 0
  cmd=0x2002D t=58 rc=0x3 data=00 00 00 00 00 00 00 00 00 00 00 00 00 0
  cmd=0x2002D t=5A rc=0x3 data=00 00 00 00 00 00 00 00 00 00 00 00 00 0
  cmd=0x2002D t=5C rc=0x3 data=00 00 00 00 00 00 00 00 00 00 00 00 00 0
  cmd=0x2002D t=5E rc=0x3 data=00 00 00 00 00 00 00 00 00 00 00 00 00 0
  cmd=0x2002D t=60 rc=0x3 data=00 00 00 00 00 00 00 00 00 00 00 00 00 0
  cmd=0x2002D t=62 rc=0x3 data=00 00 00 00 00 00 00 00 00 00 00 00 00 0
  cmd=0x2002D t=64 rc=0x3 data=00 00 00 00 00 00 00 00 00 00 00 00 00 0
  cmd=0x2002D t=66 rc=0x3 data=00 00 00 00 00 00 00 00 00 00 00 00 00 0
  cmd=0x2002D t=68 rc=0x3 data=00 00 00 00 00 00 00 00 00 00 00 00 00 0
  cmd=0x2002D t=6A rc=0x3 data=00 00 00 00 00 00 00 00 00 00 00 00 00 0
  cmd=0x2002D t=6C rc=0x3 data=00 00 00 00 00 00 00 00 00 00 00 00 00 0
  cmd=0x2002D t=6E rc=0x3 data=00 00 00 00 00 00 00 00 00 00 00 00 00 0
  cmd=0x2002D t=70 rc=0x3 data=00 00 00 00 00 00 00 00 00 00 00 00 00 0
  cmd=0x2002D t=72 rc=0x3 data=00 00 00 00 00 00 00 00 00 00 00 00 00 0
  cmd=0x2002D t=74 rc=0x3 data=00 00 00 00 00 00 00 00 00 00 00 00 00 0
  cmd=0x2002D t=76 rc=0x3 data=00 00 00 00 00 00 00 00 00 00 00 00 00 0
  cmd=0x2002D t=78 rc=0x3 data=00 00 00 00 00 00 00 00 00 00 00 00 00 0
  cmd=0x2002D t=7A rc=0x3 data=00 00 00 00 00 00 00 00 00 00 00 00 00 0
  cmd=0x2002D t=7C rc=0x3 data=00 00 00 00 00 00 00 00 00 00 00 00 00 0
  cmd=0x2002D t=7E rc=0x3 data=00 00 00 00 00 00 00 00 00 00 00 00 00 0
  cmd=0x2002D t=80 rc=0x3 data=00 00 00 00 00 00 00 00 00 00 00 00 00 0
  cmd=0x2002D t=82 rc=0x3 data=00 00 00 00 00 00 00 00 00 00 00 00 00 0
  cmd=0x2002D t=84 rc=0x3 data=00 00 00 00 00 00 00 00 00 00 00 00 00 0
  cmd=0x2002D t=86 rc=0x3 data=00 00 00 00 00 00 00 00 00 00 00 00 00 0
  cmd=0x2002D t=88 rc=0x3 data=00 00 00 00 00 00 00 00 00 00 00 00 00 0
  cmd=0x2002D t=8A rc=0x3 data=00 00 00 00 00 00 00 00 00 00 00 00 00 0
  cmd=0x2002D t=8C rc=0x3 data=00 00 00 00 00 00 00 00 00 00 00 00 00 0
  cmd=0x2002D t=8E rc=0x3 data=00 00 00 00 00 00 00 00 00 00 00 00 00 0
  cmd=0x2002D t=90 rc=0x3 data=00 00 00 00 00 00 00 00 00 00 00 00 00 0
  cmd=0x2002D t=92 rc=0x3 data=00 00 00 00 00 00 00 00 00 00 00 00 00 0
  cmd=0x2002D t=94 rc=0x3 data=00 00 00 00 00 00 00 00 00 00 00 00 00 0
  cmd=0x2002D t=96 rc=0x3 data=00 00 00 00 00 00 00 00 00 00 00 00 00 0
  cmd=0x2002D t=98 rc=0x3 data=00 00 00 00 00 00 00 00 00 00 00 00 00 0
  cmd=0x2002D t=9A rc=0x3 data=00 00 00 00 00 00 00 00 00 00 00 00 00 0
  cmd=0x2002D t=9C rc=0x3 data=00 00 00 00 00 00 00 00 00 00 00 00 00 0
  cmd=0x2002D t=9E rc=0x3 data=00 00 00 00 00 00 00 00 00 00 00 00 00 0
  cmd=0x2002D t=A0 rc=0x3 data=00 00 00 00 00 00 00 00 00 00 00 00 00 0
  cmd=0x2002D t=A2 rc=0x3 data=00 00 00 00 00 00 00 00 00 00 00 00 00 0
  cmd=0x2002D t=A4 rc=0x3 data=00 00 00 00 00 00 00 00 00 00 00 00 00 0
  cmd=0x2002D t=A6 rc=0x3 data=00 00 00 00 00 00 00 00 00 00 00 00 00 0
  cmd=0x2002D t=A8 rc=0x3 data=00 00 00 00 00 00 00 00 00 00 00 00 00 0
  cmd=0x2002D t=AA rc=0x3 data=00 00 00 00 00 00 00 00 00 00 00 00 00 0
  cmd=0x2002D t=AC rc=0x3 data=00 00 00 00 00 00 00 00 00 00 00 00 00 0
  cmd=0x2002D t=AE rc=0x3 data=00 00 00 00 00 00 00 00 00 00 00 00 00 0
  cmd=0x2002D t=B0 rc=0x3 data=00 00 00 00 00 00 00 00 00 00 00 00 00 0
  cmd=0x2002D t=B2 rc=0x3 data=00 00 00 00 00 00 00 00 00 00 00 00 00 0
  cmd=0x2002D t=B4 rc=0x3 data=00 00 00 00 00 00 00 00 00 00 00 00 00 0
  cmd=0x2002D t=B6 rc=0x3 data=00 00 00 00 00 00 00 00 00 00 00 00 00 0
  cmd=0x2002D t=B8 rc=0x3 data=00 00 00 00 00 00 00 00 00 00 00 00 00 0
  cmd=0x2002D t=BA rc=0x3 data=00 00 00 00 00 00 00 00 00 00 00 00 00 0
  cmd=0x2002D t=BC rc=0x3 data=00 00 00 00 00 00 00 00 00 00 00 00 00 0
  cmd=0x2002D t=BE rc=0x3 data=00 00 00 00 00 00 00 00 00 00 00 00 00 0
  cmd=0x2002D t=C0 rc=0x3 data=00 00 00 00 00 00 00 00 00 00 00 00 00 0
  cmd=0x2002D t=C2 rc=0x3 data=00 00 00 00 00 00 00 00 00 00 00 00 00 0
  cmd=0x2002D t=C4 rc=0x3 data=00 00 00 00 00 00 00 00 00 00 00 00 00 0
  cmd=0x2002D t=C6 rc=0x3 data=00 00 00 00 00 00 00 00 00 00 00 00 00 0
  cmd=0x2002D t=C8 rc=0x3 data=00 00 00 00 00 00 00 00 00 00 00 00 00 0
  cmd=0x2002E t=00 rc=0x3 data=00 00 00 00 00 00 00 00 00 00 00 00 00 0
  cmd=0x2002E t=02 rc=0x3 data=00 00 00 00 00 00 00 00 00 00 00 00 00 0
  cmd=0x2002E t=04 rc=0x3 data=00 00 00 00 00 00 00 00 00 00 00 00 00 0
  cmd=0x2002E t=06 rc=0x3 data=00 00 00 00 00 00 00 00 00 00 00 00 00 0
  cmd=0x2002E t=08 rc=0x3 data=00 00 00 00 00 00 00 00 00 00 00 00 00 0
  cmd=0x2002E t=0A rc=0x3 data=00 00 00 00 00 00 00 00 00 00 00 00 00 0
  cmd=0x2002E t=0C rc=0x3 data=00 00 00 00 00 00 00 00 00 00 00 00 00 0
  cmd=0x2002E t=0E rc=0x3 data=00 00 00 00 00 00 00 00 00 00 00 00 00 0
  cmd=0x2002E t=10 rc=0x3 data=00 00 00 00 00 00 00 00 00 00 00 00 00 0
  cmd=0x2002E t=12 rc=0x3 data=00 00 00 00 00 00 00 00 00 00 00 00 00 0
  cmd=0x2002E t=14 rc=0x3 data=00 00 00 00 00 00 00 00 00 00 00 00 00 0
  cmd=0x2002E t=16 rc=0x3 data=00 00 00 00 00 00 00 00 00 00 00 00 00 0
  cmd=0x2002E t=18 rc=0x3 data=00 00 00 00 00 00 00 00 00 00 00 00 00 0
  cmd=0x2002E t=1A rc=0x3 data=00 00 00 00 00 00 00 00 00 00 00 00 00 0
  cmd=0x2002E t=1C rc=0x3 data=00 00 00 00 00 00 00 00 00 00 00 00 00 0
  cmd=0x2002E t=1E rc=0x3 data=00 00 00 00 00 00 00 00 00 00 00 00 00 0
  cmd=0x2002E t=20 rc=0x3 data=00 00 00 00 00 00 00 00 00 00 00 00 00 0
  cmd=0x2002E t=22 rc=0x3 data=00 00 00 00 00 00 00 00 00 00 00 00 00 0
  cmd=0x2002E t=24 rc=0x3 data=00 00 00 00 00 00 00 00 00 00 00 00 00 0
  cmd=0x2002E t=26 rc=0x3 data=00 00 00 00 00 00 00 00 00 00 00 00 00 0
  cmd=0x2002E t=28 rc=0x3 data=00 00 00 00 00 00 00 00 00 00 00 00 00 0
  cmd=0x2002E t=2A rc=0x3 data=00 00 00 00 00 00 00 00 00 00 00 00 00 0
  cmd=0x2002E t=2C rc=0x3 data=00 00 00 00 00 00 00 00 00 00 00 00 00 0
  cmd=0x2002E t=2E rc=0x3 data=00 00 00 00 00 00 00 00 00 00 00 00 00 0
  cmd=0x2002E t=30 rc=0x3 data=00 00 00 00 00 00 00 00 00 00 00 00 00 0
  cmd=0x2002E t=32 rc=0x3 data=00 00 00 00 00 00 00 00 00 00 00 00 00 0
  cmd=0x2002E t=34 rc=0x3 data=00 00 00 00 00 00 00 00 00 00 00 00 00 0
  cmd=0x2002E t=36 rc=0x3 data=00 00 00 00 00 00 00 00 00 00 00 00 00 0
  cmd=0x2002E t=38 rc=0x3 data=00 00 00 00 00 00 00 00 00 00 00 00 00 0
  cmd=0x2002E t=3A rc=0x3 data=00 00 00 00 00 00 00 00 00 00 00 00 00 0
  cmd=0x2002E t=3C rc=0x3 data=00 00 00 00 00 00 00 00 00 00 00 00 00 0
  cmd=0x2002E t=3E rc=0x3 data=00 00 00 00 00 00 00 00 00 00 00 00 00 0
  cmd=0x2002E t=40 rc=0x3 data=00 00 00 00 00 00 00 00 00 00 00 00 00 0
  cmd=0x2002E t=42 rc=0x3 data=00 00 00 00 00 00 00 00 00 00 00 00 00 0
  cmd=0x2002E t=44 rc=0x3 data=00 00 00 00 00 00 00 00 00 00 00 00 00 0
  cmd=0x2002E t=46 rc=0x3 data=00 00 00 00 00 00 00 00 00 00 00 00 00 0
  cmd=0x2002E t=48 rc=0x3 data=00 00 00 00 00 00 00 00 00 00 00 00 00 0
  cmd=0x2002E t=4A rc=0x3 data=00 00 00 00 00 00 00 00 00 00 00 00 00 0
  cmd=0x2002E t=4C rc=0x3 data=00 00 00 00 00 00 00 00 00 00 00 00 00 0
  cmd=0x2002E t=4E rc=0x3 data=00 00 00 00 00 00 00 00 00 00 00 00 00 0
  cmd=0x2002E t=50 rc=0x3 data=00 00 00 00 00 00 00 00 00 00 00 00 00 0
  cmd=0x2002E t=52 rc=0x3 data=00 00 00 00 00 00 00 00 00 00 00 00 00 0
  cmd=0x2002E t=54 rc=0x3 data=00 00 00 00 00 00 00 00 00 00 00 00 00 0
  cmd=0x2002E t=56 rc=0x3 data=00 00 00 00 00 00 00 00 00 00 00 00 00 0
  cmd=0x2002E t=58 rc=0x3 data=00 00 00 00 00 00 00 00 00 00 00 00 00 0
  cmd=0x2002E t=5A rc=0x3 data=00 00 00 00 00 00 00 00 00 00 00 00 00 0
  cmd=0x2002E t=5C rc=0x3 data=00 00 00 00 00 00 00 00 00 00 00 00 00 0
  cmd=0x2002E t=5E rc=0x3 data=00 00 00 00 00 00 00 00 00 00 00 00 00 0
  cmd=0x2002E t=60 rc=0x3 data=00 00 00 00 00 00 00 00 00 00 00 00 00 0
  cmd=0x2002E t=62 rc=0x3 data=00 00 00 00 00 00 00 00 00 00 00 00 00 0
  cmd=0x2002E t=64 rc=0x3 data=00 00 00 00 00 00 00 00 00 00 00 00 00 0
  cmd=0x2002E t=66 rc=0x3 data=00 00 00 00 00 00 00 00 00 00 00 00 00 0
  cmd=0x2002E t=68 rc=0x3 data=00 00 00 00 00 00 00 00 00 00 00 00 00 0
  cmd=0x2002E t=6A rc=0x3 data=00 00 00 00 00 00 00 00 00 00 00 00 00 0
  cmd=0x2002E t=6C rc=0x3 data=00 00 00 00 00 00 00 00 00 00 00 00 00 0
  cmd=0x2002E t=6E rc=0x3 data=00 00 00 00 00 00 00 00 00 00 00 00 00 0
  cmd=0x2002E t=70 rc=0x3 data=00 00 00 00 00 00 00 00 00 00 00 00 00 0
  cmd=0x2002E t=72 rc=0x3 data=00 00 00 00 00 00 00 00 00 00 00 00 00 0
  cmd=0x2002E t=74 rc=0x3 data=00 00 00 00 00 00 00 00 00 00 00 00 00 0
  cmd=0x2002E t=76 rc=0x3 data=00 00 00 00 00 00 00 00 00 00 00 00 00 0
  cmd=0x2002E t=78 rc=0x3 data=00 00 00 00 00 00 00 00 00 00 00 00 00 0
  cmd=0x2002E t=7A rc=0x3 data=00 00 00 00 00 00 00 00 00 00 00 00 00 0
  cmd=0x2002E t=7C rc=0x3 data=00 00 00 00 00 00 00 00 00 00 00 00 00 0
  cmd=0x2002E t=7E rc=0x3 data=00 00 00 00 00 00 00 00 00 00 00 00 00 0
  cmd=0x2002E t=80 rc=0x3 data=00 00 00 00 00 00 00 00 00 00 00 00 00 0
  cmd=0x2002E t=82 rc=0x3 data=00 00 00 00 00 00 00 00 00 00 00 00 00 0
  cmd=0x2002E t=84 rc=0x3 data=00 00 00 00 00 00 00 00 00 00 00 00 00 0
  cmd=0x2002E t=86 rc=0x3 data=00 00 00 00 00 00 00 00 00 00 00 00 00 0
  cmd=0x2002E t=88 rc=0x3 data=00 00 00 00 00 00 00 00 00 00 00 00 00 0
  cmd=0x2002E t=8A rc=0x3 data=00 00 00 00 00 00 00 00 00 00 00 00 00 0
  cmd=0x2002E t=8C rc=0x3 data=00 00 00 00 00 00 00 00 00 00 00 00 00 0
  cmd=0x2002E t=8E rc=0x3 data=00 00 00 00 00 00 00 00 00 00 00 00 00 0
  cmd=0x2002E t=90 rc=0x3 data=00 00 00 00 00 00 00 00 00 00 00 00 00 0
  cmd=0x2002E t=92 rc=0x3 data=00 00 00 00 00 00 00 00 00 00 00 00 00 0
  cmd=0x2002E t=94 rc=0x3 data=00 00 00 00 00 00 00 00 00 00 00 00 00 0
  cmd=0x2002E t=96 rc=0x3 data=00 00 00 00 00 00 00 00 00 00 00 00 00 0
  cmd=0x2002E t=98 rc=0x3 data=00 00 00 00 00 00 00 00 00 00 00 00 00 0
  cmd=0x2002E t=9A rc=0x3 data=00 00 00 00 00 00 00 00 00 00 00 00 00 0
  cmd=0x2002E t=9C rc=0x3 data=00 00 00 00 00 00 00 00 00 00 00 00 00 0
  cmd=0x2002E t=9E rc=0x3 data=00 00 00 00 00 00 00 00 00 00 00 00 00 0
  cmd=0x2002E t=A0 rc=0x3 data=00 00 00 00 00 00 00 00 00 00 00 00 00 0
  cmd=0x2002E t=A2 rc=0x3 data=00 00 00 00 00 00 00 00 00 00 00 00 00 0
  cmd=0x2002E t=A4 rc=0x3 data=00 00 00 00 00 00 00 00 00 00 00 00 00 0
  cmd=0x2002E t=A6 rc=0x3 data=00 00 00 00 00 00 00 00 00 00 00 00 00 0
  cmd=0x2002E t=A8 rc=0x3 data=00 00 00 00 00 00 00 00 00 00 00 00 00 0
  cmd=0x2002E t=AA rc=0x3 data=00 00 00 00 00 00 00 00 00 00 00 00 00 0
  cmd=0x2002E t=AC rc=0x3 data=00 00 00 00 00 00 00 00 00 00 00 00 00 0
  cmd=0x2002E t=AE rc=0x3 data=00 00 00 00 00 00 00 00 00 00 00 00 00 0
  cmd=0x2002E t=B0 rc=0x3 data=00 00 00 00 00 00 00 00 00 00 00 00 00 0
  cmd=0x2002E t=B2 rc=0x3 data=00 00 00 00 00 00 00 00 00 00 00 00 00 0
  cmd=0x2002E t=B4 rc=0x3 data=00 00 00 00 00 00 00 00 00 00 00 00 00 0
  cmd=0x2002E t=B6 rc=0x3 data=00 00 00 00 00 00 00 00 00 00 00 00 00 0
  cmd=0x2002E t=B8 rc=0x3 data=00 00 00 00 00 00 00 00 00 00 00 00 00 0
  cmd=0x2002E t=BA rc=0x3 data=00 00 00 00 00 00 00 00 00 00 00 00 00 0
  cmd=0x2002E t=BC rc=0x3 data=00 00 00 00 00 00 00 00 00 00 00 00 00 0
  cmd=0x2002E t=BE rc=0x3 data=00 00 00 00 00 00 00 00 00 00 00 00 00 0
  cmd=0x2002E t=C0 rc=0x3 data=00 00 00 00 00 00 00 00 00 00 00 00 00 0
  cmd=0x2002E t=C2 rc=0x3 data=00 00 00 00 00 00 00 00 00 00 00 00 00 0
  cmd=0x2002E t=C4 rc=0x3 data=00 00 00 00 00 00 00 00 00 00 00 00 00 0
  cmd=0x2002E t=C6 rc=0x3 data=00 00 00 00 00 00 00 00 00 00 00 00 00 0
  cmd=0x2002E t=C8 rc=0x3 data=00 00 00 00 00 00 00 00 00 00 00 00 00 0
  cmd=0x2002F t=00 rc=0x3 data=00 00 00 00 00 00 00 00 00 00 00 00 00 0
  cmd=0x2002F t=02 rc=0x3 data=00 00 00 00 00 00 00 00 00 00 00 00 00 0
  cmd=0x2002F t=04 rc=0x3 data=00 00 00 00 00 00 00 00 00 00 00 00 00 0
  cmd=0x2002F t=06 rc=0x3 data=00 00 00 00 00 00 00 00 00 00 00 00 00 0
  cmd=0x2002F t=08 rc=0x3 data=00 00 00 00 00 00 00 00 00 00 00 00 00 0
  cmd=0x2002F t=0A rc=0x3 data=00 00 00 00 00 00 00 00 00 00 00 00 00 0
  cmd=0x2002F t=0C rc=0x3 data=00 00 00 00 00 00 00 00 00 00 00 00 00 0
  cmd=0x2002F t=0E rc=0x3 data=00 00 00 00 00 00 00 00 00 00 00 00 00 0
  cmd=0x2002F t=10 rc=0x3 data=00 00 00 00 00 00 00 00 00 00 00 00 00 0
  cmd=0x2002F t=12 rc=0x3 data=00 00 00 00 00 00 00 00 00 00 00 00 00 0
  cmd=0x2002F t=14 rc=0x3 data=00 00 00 00 00 00 00 00 00 00 00 00 00 0
  cmd=0x2002F t=16 rc=0x3 data=00 00 00 00 00 00 00 00 00 00 00 00 00 0
  cmd=0x2002F t=18 rc=0x3 data=00 00 00 00 00 00 00 00 00 00 00 00 00 0
  cmd=0x2002F t=1A rc=0x3 data=00 00 00 00 00 00 00 00 00 00 00 00 00 0
  cmd=0x2002F t=1C rc=0x3 data=00 00 00 00 00 00 00 00 00 00 00 00 00 0
  cmd=0x2002F t=1E rc=0x3 data=00 00 00 00 00 00 00 00 00 00 00 00 00 0
  cmd=0x2002F t=20 rc=0x3 data=00 00 00 00 00 00 00 00 00 00 00 00 00 0
  cmd=0x2002F t=22 rc=0x3 data=00 00 00 00 00 00 00 00 00 00 00 00 00 0
  cmd=0x2002F t=24 rc=0x3 data=00 00 00 00 00 00 00 00 00 00 00 00 00 0
  cmd=0x2002F t=26 rc=0x3 data=00 00 00 00 00 00 00 00 00 00 00 00 00 0
  cmd=0x2002F t=28 rc=0x3 data=00 00 00 00 00 00 00 00 00 00 00 00 00 0
  cmd=0x2002F t=2A rc=0x3 data=00 00 00 00 00 00 00 00 00 00 00 00 00 0
  cmd=0x2002F t=2C rc=0x3 data=00 00 00 00 00 00 00 00 00 00 00 00 00 0
  cmd=0x2002F t=2E rc=0x3 data=00 00 00 00 00 00 00 00 00 00 00 00 00 0
  cmd=0x2002F t=30 rc=0x3 data=00 00 00 00 00 00 00 00 00 00 00 00 00 0
  cmd=0x2002F t=32 rc=0x3 data=00 00 00 00 00 00 00 00 00 00 00 00 00 0
  cmd=0x2002F t=34 rc=0x3 data=00 00 00 00 00 00 00 00 00 00 00 00 00 0
  cmd=0x2002F t=36 rc=0x3 data=00 00 00 00 00 00 00 00 00 00 00 00 00 0
  cmd=0x2002F t=38 rc=0x3 data=00 00 00 00 00 00 00 00 00 00 00 00 00 0
  cmd=0x2002F t=3A rc=0x3 data=00 00 00 00 00 00 00 00 00 00 00 00 00 0
  cmd=0x2002F t=3C rc=0x3 data=00 00 00 00 00 00 00 00 00 00 00 00 00 0
  cmd=0x2002F t=3E rc=0x3 data=00 00 00 00 00 00 00 00 00 00 00 00 00 0
  cmd=0x2002F t=40 rc=0x3 data=00 00 00 00 00 00 00 00 00 00 00 00 00 0
  cmd=0x2002F t=42 rc=0x3 data=00 00 00 00 00 00 00 00 00 00 00 00 00 0
  cmd=0x2002F t=44 rc=0x3 data=00 00 00 00 00 00 00 00 00 00 00 00 00 0
  cmd=0x2002F t=46 rc=0x3 data=00 00 00 00 00 00 00 00 00 00 00 00 00 0
  cmd=0x2002F t=48 rc=0x3 data=00 00 00 00 00 00 00 00 00 00 00 00 00 0
  cmd=0x2002F t=4A rc=0x3 data=00 00 00 00 00 00 00 00 00 00 00 00 00 0
  cmd=0x2002F t=4C rc=0x3 data=00 00 00 00 00 00 00 00 00 00 00 00 00 0
  cmd=0x2002F t=4E rc=0x3 data=00 00 00 00 00 00 00 00 00 00 00 00 00 0
  cmd=0x2002F t=50 rc=0x3 data=00 00 00 00 00 00 00 00 00 00 00 00 00 0
  cmd=0x2002F t=52 rc=0x3 data=00 00 00 00 00 00 00 00 00 00 00 00 00 0
  cmd=0x2002F t=54 rc=0x3 data=00 00 00 00 00 00 00 00 00 00 00 00 00 0
  cmd=0x2002F t=56 rc=0x3 data=00 00 00 00 00 00 00 00 00 00 00 00 00 0
  cmd=0x2002F t=58 rc=0x3 data=00 00 00 00 00 00 00 00 00 00 00 00 00 0
  cmd=0x2002F t=5A rc=0x3 data=00 00 00 00 00 00 00 00 00 00 00 00 00 0
  cmd=0x2002F t=5C rc=0x3 data=00 00 00 00 00 00 00 00 00 00 00 00 00 0
  cmd=0x2002F t=5E rc=0x3 data=00 00 00 00 00 00 00 00 00 00 00 00 00 0
  cmd=0x2002F t=60 rc=0x3 data=00 00 00 00 00 00 00 00 00 00 00 00 00 0
  cmd=0x2002F t=62 rc=0x3 data=00 00 00 00 00 00 00 00 00 00 00 00 00 0
  cmd=0x2002F t=64 rc=0x3 data=00 00 00 00 00 00 00 00 00 00 00 00 00 0
  cmd=0x2002F t=66 rc=0x3 data=00 00 00 00 00 00 00 00 00 00 00 00 00 0
  cmd=0x2002F t=68 rc=0x3 data=00 00 00 00 00 00 00 00 00 00 00 00 00 0
  cmd=0x2002F t=6A rc=0x3 data=00 00 00 00 00 00 00 00 00 00 00 00 00 0
  cmd=0x2002F t=6C rc=0x3 data=00 00 00 00 00 00 00 00 00 00 00 00 00 0
  cmd=0x2002F t=6E rc=0x3 data=00 00 00 00 00 00 00 00 00 00 00 00 00 0
  cmd=0x2002F t=70 rc=0x3 data=00 00 00 00 00 00 00 00 00 00 00 00 00 0
  cmd=0x2002F t=72 rc=0x3 data=00 00 00 00 00 00 00 00 00 00 00 00 00 0
  cmd=0x2002F t=74 rc=0x3 data=00 00 00 00 00 00 00 00 00 00 00 00 00 0
  cmd=0x2002F t=76 rc=0x3 data=00 00 00 00 00 00 00 00 00 00 00 00 00 0
  cmd=0x2002F t=78 rc=0x3 data=00 00 00 00 00 00 00 00 00 00 00 00 00 0
  cmd=0x2002F t=7A rc=0x3 data=00 00 00 00 00 00 00 00 00 00 00 00 00 0
  cmd=0x2002F t=7C rc=0x3 data=00 00 00 00 00 00 00 00 00 00 00 00 00 0
  cmd=0x2002F t=7E rc=0x3 data=00 00 00 00 00 00 00 00 00 00 00 00 00 0
  cmd=0x2002F t=80 rc=0x3 data=00 00 00 00 00 00 00 00 00 00 00 00 00 0
  cmd=0x2002F t=82 rc=0x3 data=00 00 00 00 00 00 00 00 00 00 00 00 00 0
  cmd=0x2002F t=84 rc=0x3 data=00 00 00 00 00 00 00 00 00 00 00 00 00 0
  cmd=0x2002F t=86 rc=0x3 data=00 00 00 00 00 00 00 00 00 00 00 00 00 0
  cmd=0x2002F t=88 rc=0x3 data=00 00 00 00 00 00 00 00 00 00 00 00 00 0
  cmd=0x2002F t=8A rc=0x3 data=00 00 00 00 00 00 00 00 00 00 00 00 00 0
  cmd=0x2002F t=8C rc=0x3 data=00 00 00 00 00 00 00 00 00 00 00 00 00 0
  cmd=0x2002F t=8E rc=0x3 data=00 00 00 00 00 00 00 00 00 00 00 00 00 0
  cmd=0x2002F t=90 rc=0x3 data=00 00 00 00 00 00 00 00 00 00 00 00 00 0
  cmd=0x2002F t=92 rc=0x3 data=00 00 00 00 00 00 00 00 00 00 00 00 00 0
  cmd=0x2002F t=94 rc=0x3 data=00 00 00 00 00 00 00 00 00 00 00 00 00 0
  cmd=0x2002F t=96 rc=0x3 data=00 00 00 00 00 00 00 00 00 00 00 00 00 0
  cmd=0x2002F t=98 rc=0x3 data=00 00 00 00 00 00 00 00 00 00 00 00 00 0
  cmd=0x2002F t=9A rc=0x3 data=00 00 00 00 00 00 00 00 00 00 00 00 00 0
  cmd=0x2002F t=9C rc=0x3 data=00 00 00 00 00 00 00 00 00 00 00 00 00 0
  cmd=0x2002F t=9E rc=0x3 data=00 00 00 00 00 00 00 00 00 00 00 00 00 0
  cmd=0x2002F t=A0 rc=0x3 data=00 00 00 00 00 00 00 00 00 00 00 00 00 0
  cmd=0x2002F t=A2 rc=0x3 data=00 00 00 00 00 00 00 00 00 00 00 00 00 0
  cmd=0x2002F t=A4 rc=0x3 data=00 00 00 00 00 00 00 00 00 00 00 00 00 0
  cmd=0x2002F t=A6 rc=0x3 data=00 00 00 00 00 00 00 00 00 00 00 00 00 0
  cmd=0x2002F t=A8 rc=0x3 data=00 00 00 00 00 00 00 00 00 00 00 00 00 0
  cmd=0x2002F t=AA rc=0x3 data=00 00 00 00 00 00 00 00 00 00 00 00 00 0
  cmd=0x2002F t=AC rc=0x3 data=00 00 00 00 00 00 00 00 00 00 00 00 00 0
  cmd=0x2002F t=AE rc=0x3 data=00 00 00 00 00 00 00 00 00 00 00 00 00 0
  cmd=0x2002F t=B0 rc=0x3 data=00 00 00 00 00 00 00 00 00 00 00 00 00 0
  cmd=0x2002F t=B2 rc=0x3 data=00 00 00 00 00 00 00 00 00 00 00 00 00 0
  cmd=0x2002F t=B4 rc=0x3 data=00 00 00 00 00 00 00 00 00 00 00 00 00 0
  cmd=0x2002F t=B6 rc=0x3 data=00 00 00 00 00 00 00 00 00 00 00 00 00 0
  cmd=0x2002F t=B8 rc=0x3 data=00 00 00 00 00 00 00 00 00 00 00 00 00 0
  cmd=0x2002F t=BA rc=0x3 data=00 00 00 00 00 00 00 00 00 00 00 00 00 0
  cmd=0x2002F t=BC rc=0x3 data=00 00 00 00 00 00 00 00 00 00 00 00 00 0
  cmd=0x2002F t=BE rc=0x3 data=00 00 00 00 00 00 00 00 00 00 00 00 00 0
  cmd=0x2002F t=C0 rc=0x3 data=00 00 00 00 00 00 00 00 00 00 00 00 00 0
  cmd=0x2002F t=C2 rc=0x3 data=00 00 00 00 00 00 00 00 00 00 00 00 00 0
  cmd=0x2002F t=C4 rc=0x3 data=00 00 00 00 00 00 00 00 00 00 00 00 00 0
  cmd=0x2002F t=C6 rc=0x3 data=00 00 00 00 00 00 00 00 00 00 00 00 00 0
  cmd=0x2002F t=C8 rc=0x3 data=00 00 00 00 00 00 00 00 00 00 00 00 00 0
  cmd=0x20030 t=00 rc=0x3 data=00 00 00 00 00 00 00 00 00 00 00 00 00 0
  cmd=0x20030 t=02 rc=0x3 data=00 00 00 00 00 00 00 00 00 00 00 00 00 0
  cmd=0x20030 t=04 rc=0x3 data=00 00 00 00 00 00 00 00 00 00 00 00 00 0
  cmd=0x20030 t=06 rc=0x3 data=00 00 00 00 00 00 00 00 00 00 00 00 00 0
  cmd=0x20030 t=08 rc=0x3 data=00 00 00 00 00 00 00 00 00 00 00 00 00 0
  cmd=0x20030 t=0A rc=0x3 data=00 00 00 00 00 00 00 00 00 00 00 00 00 0
  cmd=0x20030 t=0C rc=0x3 data=00 00 00 00 00 00 00 00 00 00 00 00 00 0
  cmd=0x20030 t=0E rc=0x3 data=00 00 00 00 00 00 00 00 00 00 00 00 00 0
  cmd=0x20030 t=10 rc=0x3 data=00 00 00 00 00 00 00 00 00 00 00 00 00 0
  cmd=0x20030 t=12 rc=0x3 data=00 00 00 00 00 00 00 00 00 00 00 00 00 0
  cmd=0x20030 t=14 rc=0x3 data=00 00 00 00 00 00 00 00 00 00 00 00 00 0
  cmd=0x20030 t=16 rc=0x3 data=00 00 00 00 00 00 00 00 00 00 00 00 00 0
  cmd=0x20030 t=18 rc=0x3 data=00 00 00 00 00 00 00 00 00 00 00 00 00 0
  cmd=0x20030 t=1A rc=0x3 data=00 00 00 00 00 00 00 00 00 00 00 00 00 0
  cmd=0x20030 t=1C rc=0x3 data=00 00 00 00 00 00 00 00 00 00 00 00 00 0
  cmd=0x20030 t=1E rc=0x3 data=00 00 00 00 00 00 00 00 00 00 00 00 00 0
  cmd=0x20030 t=20 rc=0x3 data=00 00 00 00 00 00 00 00 00 00 00 00 00 0
  cmd=0x20030 t=22 rc=0x3 data=00 00 00 00 00 00 00 00 00 00 00 00 00 0
  cmd=0x20030 t=24 rc=0x3 data=00 00 00 00 00 00 00 00 00 00 00 00 00 0
  cmd=0x20030 t=26 rc=0x3 data=00 00 00 00 00 00 00 00 00 00 00 00 00 0
  cmd=0x20030 t=28 rc=0x3 data=00 00 00 00 00 00 00 00 00 00 00 00 00 0
  cmd=0x20030 t=2A rc=0x3 data=00 00 00 00 00 00 00 00 00 00 00 00 00 0
  cmd=0x20030 t=2C rc=0x3 data=00 00 00 00 00 00 00 00 00 00 00 00 00 0
  cmd=0x20030 t=2E rc=0x3 data=00 00 00 00 00 00 00 00 00 00 00 00 00 0
  cmd=0x20030 t=30 rc=0x3 data=00 00 00 00 00 00 00 00 00 00 00 00 00 0
  cmd=0x20030 t=32 rc=0x3 data=00 00 00 00 00 00 00 00 00 00 00 00 00 0
  cmd=0x20030 t=34 rc=0x3 data=00 00 00 00 00 00 00 00 00 00 00 00 00 0
  cmd=0x20030 t=36 rc=0x3 data=00 00 00 00 00 00 00 00 00 00 00 00 00 0
  cmd=0x20030 t=38 rc=0x3 data=00 00 00 00 00 00 00 00 00 00 00 00 00 0
  cmd=0x20030 t=3A rc=0x3 data=00 00 00 00 00 00 00 00 00 00 00 00 00 0
  cmd=0x20030 t=3C rc=0x3 data=00 00 00 00 00 00 00 00 00 00 00 00 00 0
  cmd=0x20030 t=3E rc=0x3 data=00 00 00 00 00 00 00 00 00 00 00 00 00 0
  cmd=0x20030 t=40 rc=0x3 data=00 00 00 00 00 00 00 00 00 00 00 00 00 0
  cmd=0x20030 t=42 rc=0x3 data=00 00 00 00 00 00 00 00 00 00 00 00 00 0
  cmd=0x20030 t=44 rc=0x3 data=00 00 00 00 00 00 00 00 00 00 00 00 00 0
  cmd=0x20030 t=46 rc=0x3 data=00 00 00 00 00 00 00 00 00 00 00 00 00 0
  cmd=0x20030 t=48 rc=0x3 data=00 00 00 00 00 00 00 00 00 00 00 00 00 0
  cmd=0x20030 t=4A rc=0x3 data=00 00 00 00 00 00 00 00 00 00 00 00 00 0
  cmd=0x20030 t=4C rc=0x3 data=00 00 00 00 00 00 00 00 00 00 00 00 00 0
  cmd=0x20030 t=4E rc=0x3 data=00 00 00 00 00 00 00 00 00 00 00 00 00 0
  cmd=0x20030 t=50 rc=0x3 data=00 00 00 00 00 00 00 00 00 00 00 00 00 0
  cmd=0x20030 t=52 rc=0x3 data=00 00 00 00 00 00 00 00 00 00 00 00 00 0
  cmd=0x20030 t=54 rc=0x3 data=00 00 00 00 00 00 00 00 00 00 00 00 00 0
  cmd=0x20030 t=56 rc=0x3 data=00 00 00 00 00 00 00 00 00 00 00 00 00 0
  cmd=0x20030 t=58 rc=0x3 data=00 00 00 00 00 00 00 00 00 00 00 00 00 0
  cmd=0x20030 t=5A rc=0x3 data=00 00 00 00 00 00 00 00 00 00 00 00 00 0
  cmd=0x20030 t=5C rc=0x3 data=00 00 00 00 00 00 00 00 00 00 00 00 00 0
  cmd=0x20030 t=5E rc=0x3 data=00 00 00 00 00 00 00 00 00 00 00 00 00 0
  cmd=0x20030 t=60 rc=0x3 data=00 00 00 00 00 00 00 00 00 00 00 00 00 0
  cmd=0x20030 t=62 rc=0x3 data=00 00 00 00 00 00 00 00 00 00 00 00 00 0
  cmd=0x20030 t=64 rc=0x3 data=00 00 00 00 00 00 00 00 00 00 00 00 00 0
  cmd=0x20030 t=66 rc=0x3 data=00 00 00 00 00 00 00 00 00 00 00 00 00 0
  cmd=0x20030 t=68 rc=0x3 data=00 00 00 00 00 00 00 00 00 00 00 00 00 0
  cmd=0x20030 t=6A rc=0x3 data=00 00 00 00 00 00 00 00 00 00 00 00 00 0
  cmd=0x20030 t=6C rc=0x3 data=00 00 00 00 00 00 00 00 00 00 00 00 00 0
  cmd=0x20030 t=6E rc=0x3 data=00 00 00 00 00 00 00 00 00 00 00 00 00 0
  cmd=0x20030 t=70 rc=0x3 data=00 00 00 00 00 00 00 00 00 00 00 00 00 0
  cmd=0x20030 t=72 rc=0x3 data=00 00 00 00 00 00 00 00 00 00 00 00 00 0
  cmd=0x20030 t=74 rc=0x3 data=00 00 00 00 00 00 00 00 00 00 00 00 00 0
  cmd=0x20030 t=76 rc=0x3 data=00 00 00 00 00 00 00 00 00 00 00 00 00 0
  cmd=0x20030 t=78 rc=0x3 data=00 00 00 00 00 00 00 00 00 00 00 00 00 0
  cmd=0x20030 t=7A rc=0x3 data=00 00 00 00 00 00 00 00 00 00 00 00 00 0
  cmd=0x20030 t=7C rc=0x3 data=00 00 00 00 00 00 00 00 00 00 00 00 00 0
  cmd=0x20030 t=7E rc=0x3 data=00 00 00 00 00 00 00 00 00 00 00 00 00 0
  cmd=0x20030 t=80 rc=0x3 data=00 00 00 00 00 00 00 00 00 00 00 00 00 0
  cmd=0x20030 t=82 rc=0x3 data=00 00 00 00 00 00 00 00 00 00 00 00 00 0
  cmd=0x20030 t=84 rc=0x3 data=00 00 00 00 00 00 00 00 00 00 00 00 00 0
  cmd=0x20030 t=86 rc=0x3 data=00 00 00 00 00 00 00 00 00 00 00 00 00 0
  cmd=0x20030 t=88 rc=0x3 data=00 00 00 00 00 00 00 00 00 00 00 00 00 0
  cmd=0x20030 t=8A rc=0x3 data=00 00 00 00 00 00 00 00 00 00 00 00 00 0
  cmd=0x20030 t=8C rc=0x3 data=00 00 00 00 00 00 00 00 00 00 00 00 00 0
  cmd=0x20030 t=8E rc=0x3 data=00 00 00 00 00 00 00 00 00 00 00 00 00 0
  cmd=0x20030 t=90 rc=0x3 data=00 00 00 00 00 00 00 00 00 00 00 00 00 0
  cmd=0x20030 t=92 rc=0x3 data=00 00 00 00 00 00 00 00 00 00 00 00 00 0
  cmd=0x20030 t=94 rc=0x3 data=00 00 00 00 00 00 00 00 00 00 00 00 00 0
  cmd=0x20030 t=96 rc=0x3 data=00 00 00 00 00 00 00 00 00 00 00 00 00 0
  cmd=0x20030 t=98 rc=0x3 data=00 00 00 00 00 00 00 00 00 00 00 00 00 0
  cmd=0x20030 t=9A rc=0x3 data=00 00 00 00 00 00 00 00 00 00 00 00 00 0
  cmd=0x20030 t=9C rc=0x3 data=00 00 00 00 00 00 00 00 00 00 00 00 00 0
  cmd=0x20030 t=9E rc=0x3 data=00 00 00 00 00 00 00 00 00 00 00 00 00 0
  cmd=0x20030 t=A0 rc=0x3 data=00 00 00 00 00 00 00 00 00 00 00 00 00 0
  cmd=0x20030 t=A2 rc=0x3 data=00 00 00 00 00 00 00 00 00 00 00 00 00 0
  cmd=0x20030 t=A4 rc=0x3 data=00 00 00 00 00 00 00 00 00 00 00 00 00 0
  cmd=0x20030 t=A6 rc=0x3 data=00 00 00 00 00 00 00 00 00 00 00 00 00 0
  cmd=0x20030 t=A8 rc=0x3 data=00 00 00 00 00 00 00 00 00 00 00 00 00 0
  cmd=0x20030 t=AA rc=0x3 data=00 00 00 00 00 00 00 00 00 00 00 00 00 0
  cmd=0x20030 t=AC rc=0x3 data=00 00 00 00 00 00 00 00 00 00 00 00 00 0
  cmd=0x20030 t=AE rc=0x3 data=00 00 00 00 00 00 00 00 00 00 00 00 00 0
  cmd=0x20030 t=B0 rc=0x3 data=00 00 00 00 00 00 00 00 00 00 00 00 00 0
  cmd=0x20030 t=B2 rc=0x3 data=00 00 00 00 00 00 00 00 00 00 00 00 00 0
  cmd=0x20030 t=B4 rc=0x3 data=00 00 00 00 00 00 00 00 00 00 00 00 00 0
  cmd=0x20030 t=B6 rc=0x3 data=00 00 00 00 00 00 00 00 00 00 00 00 00 0
  cmd=0x20030 t=B8 rc=0x3 data=00 00 00 00 00 00 00 00 00 00 00 00 00 0
  cmd=0x20030 t=BA rc=0x3 data=00 00 00 00 00 00 00 00 00 00 00 00 00 0
  cmd=0x20030 t=BC rc=0x3 data=00 00 00 00 00 00 00 00 00 00 00 00 00 0
  cmd=0x20030 t=BE rc=0x3 data=00 00 00 00 00 00 00 00 00 00 00 00 00 0
  cmd=0x20030 t=C0 rc=0x3 data=00 00 00 00 00 00 00 00 00 00 00 00 00 0
  cmd=0x20030 t=C2 rc=0x3 data=00 00 00 00 00 00 00 00 00 00 00 00 00 0
  cmd=0x20030 t=C4 rc=0x3 data=00 00 00 00 00 00 00 00 00 00 00 00 00 0
  cmd=0x20030 t=C6 rc=0x3 data=00 00 00 00 00 00 00 00 00 00 00 00 00 0
  cmd=0x20030 t=C8 rc=0x3 data=00 00 00 00 00 00 00 00 00 00 00 00 00 0
=== done ===
